,회사명,거래소코드,회계년도,부실징후기업,한계기업
3,(주)CMG제약,58820,2003/12,1.0,1.0
27,(주)DB하이텍,990,2007/12,1.0,1.0
45,(주)ES큐브,50120,2006/12,1.0,1.0
63,(주)HJ중공업,97230,2011/12,1.0,1.0
83,(주)MH에탄올,23150,2011/12,1.0,1.0
92,(주)SH에너지화학,2360,2000/06,1.0,1.0
166,(주)STX,11810,2002/12,1.0,1.0
197,(주)TCC스틸,2710,2013/12,1.0,1.0
226,(주)강스템바이오텍,217730,2015/12,1.0,1.0
256,(주)강원에너지,114190,2005/11,1.0,1.0
274,(주)갤럭시아에스엠,11420,2003/12,1.0,1.0
355,(주)경방,50,2001/12,1.0,1.0
400,(주)경인양행,12610,2006/12,1.0,1.0
437,(주)골드앤에스,35290,2001/12,1.0,1.0
458,(주)골드퍼시픽,38530,2002/12,1.0,1.0
493,(주)골프존뉴딘홀딩스,121440,2019/12,1.0,1.0
506,(주)광림,14200,2009/12,1.0,1.0
517,(주)광명전기,17040,2000/12,1.0,1.0
538,(주)광무,29480,2002/12,1.0,1.0
584,(주)구영테크,53270,2008/12,1.0,1.0
604,(주)국동,5320,2008/12,1.0,1.0
616,(주)국보,1140,2000/12,1.0,1.0
672,(주)국순당,43650,2016/12,1.0,1.0
685,(주)국영지앤엠,6050,2009/12,1.0,1.0
699,(주)그래디언트,35080,2001/12,1.0,1.0
733,(주)그린플러스,186230,2008/12,1.0,1.0
783,(주)금양,1570,2001/12,1.0,1.0
846,(주)기가레인,49080,2009/12,1.0,1.0
857,(주)기산텔레콤,35460,2002/12,1.0,1.0
887,(주)까뮤이앤씨,13700,2012/12,1.0,1.0
901,(주)나노,187790,2016/12,1.0,1.0
907,(주)나노브릭,286750,2017/12,1.0,1.0
930,(주)나노엔텍,39860,2002/12,1.0,1.0
975,(주)나무가,190510,2017/12,1.0,1.0
998,(주)나이벡,138610,2012/12,1.0,1.0
1043,(주)남선알미늄,8350,2001/12,1.0,1.0
1070,(주)남성,4270,2008/12,1.0,1.0
1086,(주)내츄럴엔도텍,168330,2016/12,1.0,1.0
1097,(주)네오리진,94860,2014/12,1.0,1.0
1191,(주)네오펙트,290660,2019/12,1.0,1.0
1207,(주)네이처셀,7390,2002/12,1.0,1.0
1239,(주)네패스,33640,2014/12,1.0,1.0
1300,(주)넥스트엔터테인먼트월드,160550,2018/12,1.0,1.0
1304,(주)넥스틴,348210,2016/12,1.0,1.0
1311,(주)넥슨게임즈,225570,2018/12,1.0,1.0
1315,(주)넵튠,217270,2017/12,1.0,1.0
1346,(주)노루홀딩스,320,2003/12,1.0,1.0
1388,(주)노블엠앤비,106520,2016/12,1.0,1.0
1397,(주)녹십자,6280,2001/12,1.0,1.0
1426,(주)녹십자엠에스,142280,2017/12,1.0,1.0
1461,(주)녹원씨엔아이,65560,2008/12,1.0,1.0
1521,(주)누리플랜,69140,2013/12,1.0,1.0
1539,(주)누리플렉스,40160,2011/12,1.0,1.0
1557,(주)뉴로스,126870,2015/12,1.0,1.0
1569,(주)뉴보텍,60260,2007/12,1.0,1.0
1584,(주)뉴인텍,12340,2002/12,1.0,1.0
1627,(주)뉴프렉스,85670,2009/12,1.0,1.0
1661,(주)다날,64260,2011/12,1.0,1.0
1675,(주)다산네트웍스,39560,2004/12,1.0,1.0
1690,(주)다우기술,23590,2000/12,1.0,1.0
1761,(주)다이나믹디자인,145210,2018/12,1.0,1.0
1800,(주)대구백화점,6370,2017/03,1.0,1.0
1811,(주)대덕,8060,2008/12,1.0,1.0
1830,(주)대동,490,2007/12,1.0,1.0
1862,(주)대동스틸,48470,2019/12,1.0,1.0
1904,(주)대명소노시즌,7720,2001/12,1.0,1.0
1952,(주)대성엘텍,25440,2009/12,1.0,1.0
1980,(주)대성파인텍,104040,2019/12,1.0,1.0
1990,(주)대양금속,9190,2009/12,1.0,1.0
2097,(주)대유에이텍,2880,2001/12,1.0,1.0
2119,(주)대유플러스,300,2001/12,1.0,1.0
2146,(주)대창,12800,2008/12,1.0,1.0
2171,(주)대창솔루션,96350,2013/12,1.0,1.0
2197,(주)대창스틸,140520,2019/12,1.0,1.0
2212,(주)대한항공,3490,2001/12,1.0,1.0
2262,(주)대호에이엘,69460,2013/12,1.0,1.0
2276,(주)대호특수강,21040,2007/12,1.0,1.0
2294,(주)더 미동,161570,2017/12,1.0,1.0
2317,(주)더블유아이,73570,2010/12,1.0,1.0
2330,(주)더존비즈온,12510,2001/12,1.0,1.0
2375,(주)덕성,4830,2019/12,1.0,1.0
2497,(주)동국에스엔씨,100130,2011/12,1.0,1.0
2528,(주)동방,4140,2002/12,1.0,1.0
2554,(주)동방선기,99410,2013/12,1.0,1.0
2631,(주)동성화인텍,33500,2018/12,1.0,1.0
2671,(주)동양,1520,2001/12,1.0,1.0
2728,(주)동우팜투테이블,88910,2003/12,1.0,1.0
2756,(주)동운아나텍,94170,2018/12,1.0,1.0
2825,(주)동진쎄미켐,5290,2007/12,1.0,1.0
2839,(주)두산,150,2001/12,1.0,1.0
2868,(주)두산테스나,131970,2016/12,1.0,1.0
2880,(주)두올,16740,2008/12,1.0,1.0
2906,(주)듀오백,73190,2015/12,1.0,1.0
2911,(주)드래곤플라이,30350,2000/12,1.0,1.0
2943,(주)드림씨아이에스,223250,2017/12,1.0,1.0
2951,(주)드림어스컴퍼니,60570,2006/12,1.0,1.0
2989,(주)디모아,16670,2001/12,1.0,1.0
3031,(주)디비아이엔씨,12030,2010/12,1.0,1.0
3070,(주)디아이,3160,2009/12,1.0,1.0
3108,(주)디아크,78590,2009/12,1.0,1.0
3127,(주)디알비동일,4840,2008/12,1.0,1.0
3161,(주)디에스앤엘,141020,2014/12,1.0,1.0
3202,(주)디에이피,66900,2007/12,1.0,1.0
3222,(주)디엔에이링크,127120,2014/12,1.0,1.0
3234,(주)디엔에프,92070,2010/12,1.0,1.0
3275,(주)디엠에스,68790,2012/12,1.0,1.0
3297,(주)디오,39840,2014/12,1.0,1.0
3318,(주)디이엔티,79810,2014/12,1.0,1.0
3336,(주)디지아이,43360,2012/12,1.0,1.0
3375,(주)디지틀조선일보,33130,2001/09,1.0,1.0
3437,(주)딥노이드,315640,2019/12,1.0,1.0
3442,(주)라온테크,232680,2013/12,1.0,1.0
3455,(주)라이온켐텍,171120,2006/12,1.0,1.0
3476,(주)라이트론,69540,2007/12,1.0,1.0
3495,(주)라파스,214260,2017/12,1.0,1.0
3518,(주)래몽래인,200350,2018/12,1.0,1.0
3532,(주)랩지노믹스,84650,2018/12,1.0,1.0
3541,(주)레고켐바이오사이언스,141080,2011/12,1.0,1.0
3553,(주)레드로버,60300,2003/12,1.0,1.0
3573,(주)레드캡투어,38390,2003/12,1.0,1.0
3592,(주)레몬,294140,2016/12,1.0,1.0
3616,(주)레인보우로보틱스,277810,2019/12,1.0,1.0
3680,(주)루멘스,38060,2018/12,1.0,1.0
3690,(주)루트로닉,85370,2012/12,1.0,1.0
3702,(주)룽투코리아,60240,2004/12,1.0,1.0
3746,(주)리더스코스메틱,16100,2008/12,1.0,1.0
3758,(주)리드,197210,2007/12,1.0,1.0
3768,(주)리드코프,12700,2000/12,1.0,1.0
3829,(주)마니커,27740,2007/12,1.0,1.0
3856,(주)마이크로디지탈,305090,2019/12,1.0,1.0
3869,(주)마이크로컨텍솔루션,98120,2017/12,1.0,1.0
3884,(주)마이크로프랜드,147760,2019/12,1.0,1.0
3930,(주)매직마이크로,127160,2016/12,1.0,1.0
3951,(주)머큐리,100590,2003/12,1.0,1.0
4006,(주)메디콕스,54180,2003/12,1.0,1.0
4042,(주)메디프론디비티,65650,2005/12,1.0,1.0
4064,(주)메지온,140410,2016/12,1.0,1.0
4087,(주)메타랩스,90370,2010/12,1.0,1.0
4125,(주)멕아이씨에스,58110,2016/12,1.0,1.0
4137,(주)멜파스,96640,2014/12,1.0,1.0
4143,(주)모나리자,12690,2000/12,1.0,1.0
4249,(주)모베이스전자,12860,2001/12,1.0,1.0
4274,(주)모비스,250060,2018/12,1.0,1.0
4291,(주)모아텍,33200,2013/12,1.0,1.0
4318,(주)모헨즈,6920,2001/12,1.0,1.0
4356,(주)무학,33920,2019/12,1.0,1.0
4366,(주)미래아이앤지,7120,2004/12,1.0,1.0
4388,(주)미래컴퍼니,49950,2007/12,1.0,1.0
4410,(주)미코,59090,2009/12,1.0,1.0
4423,(주)미코바이오메드,214610,2015/12,1.0,1.0
4435,(주)바른손,18700,2001/03,1.0,1.0
4454,(주)바른손이앤에이,35620,2000/12,1.0,1.0
4478,(주)바른전자,64520,2004/12,1.0,1.0
4504,(주)바이넥스,53030,2010/12,1.0,1.0
4519,(주)바이브컴퍼니,301300,2016/12,1.0,1.0
4525,(주)바이오니아,64550,2003/12,1.0,1.0
4559,(주)바이오솔루션,86820,2015/12,1.0,1.0
4568,(주)바이오스마트,38460,2004/12,1.0,1.0
4588,(주)바이오톡스텍,86040,2004/12,1.0,1.0
4625,(주)방림,3610,2001/09,1.0,1.0
4662,(주)백금티앤에이,46310,2014/12,1.0,1.0
4669,(주)백산,35150,2001/12,1.0,1.0
4694,(주)버킷스튜디오,66410,2007/12,1.0,1.0
4710,(주)베노홀딩스,206400,2017/12,1.0,1.0
4766,(주)보락,2760,2001/12,1.0,1.0
4832,(주)부방,14470,2002/06,1.0,1.0
4898,(주)브이티지엠피,18290,2002/09,1.0,1.0
4927,(주)블루베리엔에프티,44480,2011/12,1.0,1.0
4964,(주)비덴트,121800,2016/12,1.0,1.0
4973,(주)비보존헬스케어,82800,2007/12,1.0,1.0
4991,(주)비비안,2070,2005/06,1.0,1.0
5041,(주)비아트론,141000,2007/12,1.0,1.0
5073,(주)비엔지티,32790,2003/12,1.0,1.0
5092,(주)비엘,142760,2011/12,1.0,1.0
5110,(주)비엘팜텍,65170,2009/12,1.0,1.0
5186,(주)비츠로셀,82920,2001/12,1.0,1.0
5218,(주)비츠로시스,54220,2015/03,1.0,1.0
5249,(주)비케이홀딩스,50090,2008/12,1.0,1.0
5267,(주)비트컴퓨터,32850,2002/12,1.0,1.0
5317,(주)빅텍,65450,2012/12,1.0,1.0
5357,(주)사조대림,3960,2001/03,1.0,1.0
5377,(주)사조오양,6090,2001/03,1.0,1.0
5405,(주)삼기,122350,2019/12,1.0,1.0
5406,(주)삼보판지,23600,2000/12,1.0,1.0
5491,(주)삼에스코리아,60310,2006/03,1.0,1.0
5510,(주)삼영에스앤씨,361670,2007/12,1.0,1.0
5537,(주)삼익악기,2450,2001/12,1.0,1.0
5563,(주)삼일,32280,2007/12,1.0,1.0
5601,(주)삼일씨엔에스,4440,2005/12,1.0,1.0
5617,(주)삼진,32750,2001/12,1.0,1.0
5643,(주)삼진엘앤디,54090,2007/12,1.0,1.0
5681,(주)삼표시멘트,38500,2005/12,1.0,1.0
5699,(주)삼화네트웍스,46390,2003/12,1.0,1.0
5731,(주)상보,27580,2015/12,1.0,1.0
5743,(주)상상인,38540,2007/12,1.0,1.0
5761,(주)상상인인더스트리,101000,2011/12,1.0,1.0
5791,(주)상지카일룸,42940,2001/12,1.0,1.0
5840,(주)서남,294630,2012/12,1.0,1.0
5868,(주)서부티엔디,6730,2001/12,1.0,1.0
5889,(주)서산,79650,2006/12,1.0,1.0
5921,(주)서연,7860,2018/12,1.0,1.0
5927,(주)서연이화,200880,2018/12,1.0,1.0
5948,(주)서연탑메탈,19770,2019/12,1.0,1.0
5956,(주)서울리거,43710,2007/12,1.0,1.0
5977,(주)서울옥션,63170,2010/12,1.0,1.0
6003,(주)서울제약,18680,2016/12,1.0,1.0
6019,(주)서원,21050,2012/12,1.0,1.0
6074,(주)서진오토모티브,122690,2018/12,1.0,1.0
6078,(주)서플러스글로벌,140070,2009/12,1.0,1.0
6090,(주)서한,11370,2001/12,1.0,1.0
6140,(주)서희건설,35890,2011/12,1.0,1.0
6164,(주)선광,3100,2006/12,1.0,1.0
6179,(주)선앤엘,2820,2001/09,1.0,1.0
6200,(주)선익시스템,171090,2003/12,1.0,1.0
6244,(주)성광벤드,14620,2018/12,1.0,1.0
6268,(주)성안,11300,2002/12,1.0,1.0
6288,(주)성우하이텍,15750,2002/12,1.0,1.0
6322,(주)성창오토텍,80470,2019/12,1.0,1.0
6338,(주)세동,53060,2006/12,1.0,1.0
6390,(주)세아베스틸지주,1430,2001/12,1.0,1.0
6471,(주)세우글로벌,13000,2001/12,1.0,1.0
6522,(주)세원물산,24830,2013/12,1.0,1.0
6547,(주)세원정공,21820,2018/06,1.0,1.0
6630,(주)세진티에스,67770,2017/12,1.0,1.0
6655,(주)세토피아,222810,2017/12,1.0,1.0
6679,(주)센트랄모텍,308170,2012/12,1.0,1.0
6691,(주)센트럴인사이트,12600,2004/12,1.0,1.0
6709,(주)셀레믹스,331920,2016/12,1.0,1.0
6713,(주)셀루메드,49180,2004/12,1.0,1.0
6734,(주)셀리버리,268600,2017/12,1.0,1.0
6745,(주)셀바스에이아이,108860,2015/12,1.0,1.0
6753,(주)셀바스헬스케어,208370,2017/12,1.0,1.0
6781,(주)셀트리온제약,68760,2009/12,1.0,1.0
6794,(주)셀트리온헬스케어,91990,2007/12,1.0,1.0
6809,(주)셀피글로벌,68940,2004/12,1.0,1.0
6829,(주)소룩스,290690,2012/12,1.0,1.0
6839,(주)소프트센,32680,2001/09,1.0,1.0
6864,(주)손오공,66910,2006/12,1.0,1.0
6883,(주)솔고바이오메디칼,43100,2005/12,1.0,1.0
6900,(주)솔루에타,154040,2009/12,1.0,1.0
6913,(주)솔루엠,248070,2018/12,1.0,1.0
6916,(주)솔본,35610,2001/12,1.0,1.0
6941,(주)솔트룩스,304100,2019/12,1.0,1.0
6944,(주)쇼박스,86980,2002/12,1.0,1.0
6994,(주)수산중공업,17550,2001/12,1.0,1.0
7015,(주)수젠텍,253840,2016/12,1.0,1.0
7062,(주)스마트솔루션즈,136510,2019/12,1.0,1.0
7076,(주)스맥,99440,2019/12,1.0,1.0
7086,(주)스카이문스테크놀로지,33790,2009/12,1.0,1.0
7103,(주)스킨앤스킨,159910,2014/12,1.0,1.0
7119,(주)스타플렉스,115570,2012/12,1.0,1.0
7130,(주)스튜디오산타클로스엔터테인먼트,204630,2017/12,1.0,1.0
7133,(주)스페코,13810,2000/12,1.0,1.0
7176,(주)시공테크,20710,2003/12,1.0,1.0
7198,(주)시너지이노베이션,48870,2009/12,1.0,1.0
7218,(주)시노펙스,25320,2009/12,1.0,1.0
7245,(주)시큐브,131090,2004/12,1.0,1.0
7270,(주)시티랩스,139050,2016/12,1.0,1.0
7299,(주)신성이엔지,11930,2001/12,1.0,1.0
7430,(주)신원,9270,2012/12,1.0,1.0
7471,(주)신화다이나믹스,1770,2017/12,1.0,1.0
7482,(주)신화콘텍,187270,2019/12,1.0,1.0
7518,(주)심텍홀딩스,36710,2002/12,1.0,1.0
7553,(주)싸이토젠,217330,2016/12,1.0,1.0
7563,(주)쌍방울,102280,2014/12,1.0,1.0
7572,(주)썸에이지,208640,2017/12,1.0,1.0
7579,(주)쎄노텍,222420,2019/12,1.0,1.0
7580,(주)쎄니트,37760,2000/12,1.0,1.0
7617,(주)쎌마테라퓨틱스,15540,2001/12,1.0,1.0
7674,(주)쏠리드,50890,2019/12,1.0,1.0
7686,(주)씨씨에스충북방송,66790,2011/12,1.0,1.0
7698,(주)씨아이테크,4920,2003/12,1.0,1.0
7727,(주)씨앤투스성진,352700,2018/12,1.0,1.0
7739,(주)씨에스,65770,2010/12,1.0,1.0
7758,(주)씨에스에이코스믹,83660,2011/12,1.0,1.0
7774,(주)씨엔플러스,115530,2014/12,1.0,1.0
7787,(주)씨유메디칼시스템,115480,2014/12,1.0,1.0
7796,(주)씨이랩,189330,2014/12,1.0,1.0
7852,(주)씨티씨바이오,60590,2017/12,1.0,1.0
7874,(주)아가방앤컴퍼니,13990,2015/12,1.0,1.0
7890,(주)아나패스,123860,2019/12,1.0,1.0
7895,(주)아난티,25980,2004/12,1.0,1.0
7916,(주)아리온테크놀로지,58220,2007/12,1.0,1.0
8000,(주)아미노로직스,74430,2006/12,1.0,1.0
8039,(주)아바텍,149950,2009/12,1.0,1.0
8052,(주)아세아텍,50860,2002/06,1.0,1.0
8071,(주)아센디오,12170,2001/12,1.0,1.0
8101,(주)아스타,246720,2017/12,1.0,1.0
8109,(주)아스트,67390,2007/12,1.0,1.0
8126,(주)아스플로,159010,2009/12,1.0,1.0
8241,(주)아이씨디,40910,2015/09,1.0,1.0
8251,(주)아이앤씨테크놀로지,52860,2003/12,1.0,1.0
8285,(주)아이에스이커머스,69920,2004/12,1.0,1.0
8303,(주)아이에이,38880,2002/12,1.0,1.0
8322,(주)아이에이치큐,3560,2001/12,1.0,1.0
8354,(주)아이엠,101390,2017/12,1.0,1.0
8379,(주)아이오케이컴퍼니,78860,2009/12,1.0,1.0
8407,(주)아이윈,90150,2018/12,1.0,1.0
8412,(주)아이윈플러스,123010,2011/12,1.0,1.0
8421,(주)아이즈비전,31310,2000/12,1.0,1.0
8452,(주)아이컴포넌트,59100,2013/12,1.0,1.0
8476,(주)아이톡시,52770,2012/12,1.0,1.0
8503,(주)아이티엑스에이아이,99520,2011/12,1.0,1.0
8522,(주)아이티엠반도체,84850,2015/12,1.0,1.0
8581,(주)아톤,158430,2008/12,1.0,1.0
8631,(주)안트로젠,65660,2019/12,1.0,1.0
8635,(주)알루코,1780,2001/12,1.0,1.0
8671,(주)알에프세미,96610,2018/12,1.0,1.0
8680,(주)알에프텍,61040,2008/12,1.0,1.0
8706,(주)알테오젠,196170,2017/12,1.0,1.0
8715,(주)알톤스포츠,123750,2016/12,1.0,1.0
8721,(주)알티캐스트,85810,2003/12,1.0,1.0
8748,(주)알파홀딩스,117670,2017/12,1.0,1.0
8753,(주)압타머사이언스,291650,2018/12,1.0,1.0
8759,(주)애드바이오텍,179530,2018/12,1.0,1.0
8763,(주)액션스퀘어,205500,2016/12,1.0,1.0
8809,(주)앤씨앤,92600,2013/12,1.0,1.0
8855,(주)어스앤에어로스페이스,263540,2019/12,1.0,1.0
8890,(주)에넥스,11090,2009/12,1.0,1.0
8916,(주)에스디시스템,121890,2017/12,1.0,1.0
8968,(주)에스씨디,42110,2009/03,1.0,1.0
8982,(주)에스아이리소스,65420,2003/12,1.0,1.0
9009,(주)에스앤더블류,103230,2012/12,1.0,1.0
9026,(주)에스앤디,260970,2014/12,1.0,1.0
9034,(주)에스앤에스텍,101490,2004/12,1.0,1.0
9063,(주)에스에너지,95910,2019/12,1.0,1.0
9094,(주)에스에이티,60540,2008/12,1.0,1.0
9135,(주)에스에프에이반도체,36540,2009/12,1.0,1.0
9151,(주)에스엘바이오닉스,214310,2017/12,1.0,1.0
9160,(주)에스엠라이프디자인그룹,63440,2007/12,1.0,1.0
9174,(주)에스엠벡셀,10580,2001/12,1.0,1.0
9200,(주)에스엠엔터테인먼트,41510,2007/12,1.0,1.0
9217,(주)에스엠컬처앤콘텐츠,48550,2004/12,1.0,1.0
9308,(주)에스지글로벌,1380,2001/12,1.0,1.0
9340,(주)에스지세계물산,4060,2013/12,1.0,1.0
9352,(주)에스지엔지,40610,2005/12,1.0,1.0
9372,(주)에스코넥,96630,2009/12,1.0,1.0
9397,(주)에스텍파마,41910,2015/12,1.0,1.0
9409,(주)에스티아이,39440,2007/12,1.0,1.0
9430,(주)에스티오,98660,2014/12,1.0,1.0
9441,(주)에스티큐브,52020,2005/12,1.0,1.0
9458,(주)에스폴리텍,50760,2003/12,1.0,1.0
9541,(주)에쎈테크,43340,2012/12,1.0,1.0
9552,(주)에이디칩스,54630,2003/12,1.0,1.0
9579,(주)에이디테크놀로지,200710,2017/12,1.0,1.0
9592,(주)에이루트,96690,2017/12,1.0,1.0
9622,(주)에이비프로바이오,195990,2018/12,1.0,1.0
9655,(주)에이스테크놀로지,88800,2017/12,1.0,1.0
9666,(주)에이엔피,15260,2002/12,1.0,1.0
9690,(주)에이치비테크놀러지,78150,2007/12,1.0,1.0
9752,(주)에이치와이티씨,148930,2015/12,1.0,1.0
9759,(주)에이치케이,44780,2002/12,1.0,1.0
9813,(주)에이트원,230980,2018/12,1.0,1.0
9819,(주)에이티세미콘,89530,2006/12,1.0,1.0
9842,(주)에이팩트,200470,2016/12,1.0,1.0
9863,(주)에이프로젠,7460,2011/12,1.0,1.0
9877,(주)에이프로젠헬스케어앤게임즈,109960,2012/12,1.0,1.0
9944,(주)에프알텍,73540,2016/12,1.0,1.0
9975,(주)에프앤리퍼블릭,64090,2008/12,1.0,1.0
10014,(주)에프에스티,36810,2002/12,1.0,1.0
10040,(주)에프엔씨엔터테인먼트,173940,2019/12,1.0,1.0
10048,(주)엑사이엔씨,54940,2007/12,1.0,1.0
10065,(주)엑세스바이오인코퍼레이션,950130,2016/12,1.0,1.0
10077,(주)엑시콘,92870,2009/12,1.0,1.0
10101,(주)엔비티,236810,2019/12,1.0,1.0
10126,(주)엔아이스틸,8260,2001/12,1.0,1.0
10154,(주)엔에스엔,31860,2002/12,1.0,1.0
10212,(주)엔지스테크널러지,208860,2018/12,1.0,1.0
10216,(주)엔지켐생명과학,183490,2009/12,1.0,1.0
10227,(주)엔케이,85310,2000/12,1.0,1.0
10249,(주)엔케이맥스,182400,2014/12,1.0,1.0
10269,(주)엔텔스,69410,2009/12,1.0,1.0
10315,(주)엔피케이,48830,2019/12,1.0,1.0
10353,(주)엘아이에스,138690,2013/12,1.0,1.0
10377,(주)엘앤에프,66970,2013/12,1.0,1.0
10391,(주)엘앤케이바이오메드,156100,2018/12,1.0,1.0
10425,(주)엘에스네트웍스,680,2012/12,1.0,1.0
10635,(주)엠게임,58630,2012/12,1.0,1.0
10687,(주)엠아이텍,179290,2008/12,1.0,1.0
10775,(주)엠플러스,259630,2012/12,1.0,1.0
10792,(주)엠피대산,65150,2016/12,1.0,1.0
10852,(주)영우디에스피,143540,2012/12,1.0,1.0
10893,(주)영풍,670,2002/12,1.0,1.0
10913,(주)영흥,12160,2004/12,1.0,1.0
10934,(주)예림당,36000,2005/12,1.0,1.0
10981,(주)예스티,122640,2013/12,1.0,1.0
11045,(주)오로스테크놀로지,322310,2015/12,1.0,1.0
11064,(주)오르비텍,46120,2014/12,1.0,1.0
11081,(주)오리엔탈정공,14940,2011/12,1.0,1.0
11091,(주)오리엔트바이오,2630,2001/03,1.0,1.0
11121,(주)오리엔트정공,65500,2011/12,1.0,1.0
11155,(주)오리콤,10470,2002/12,1.0,1.0
11182,(주)오비고,352910,2014/12,1.0,1.0
11195,(주)오스코텍,39200,2009/12,1.0,1.0
11210,(주)오스테오닉,226400,2019/12,1.0,1.0
11213,(주)오스템,31510,2002/12,1.0,1.0
11233,(주)오이솔루션,138080,2008/12,1.0,1.0
11249,(주)오킨스전자,80580,2009/12,1.0,1.0
11328,(주)옵트론텍,82210,2008/12,1.0,1.0
11342,(주)옵티팜,153710,2015/12,1.0,1.0
11368,(주)와이비엠넷,57030,2016/12,1.0,1.0
11431,(주)와이오엠,66430,2004/12,1.0,1.0
11451,(주)와이제이엠게임즈,193250,2018/12,1.0,1.0
11502,(주)와이지플러스,37270,2013/12,1.0,1.0
11511,(주)와이투솔루션,11690,2002/12,1.0,1.0
11534,(주)와이티엔,40300,2005/12,1.0,1.0
11558,(주)용평리조트,70960,2003/06,1.0,1.0
11579,(주)우리기술,32820,2004/12,1.0,1.0
11610,(주)우리로,46970,2003/12,1.0,1.0
11632,(주)우성,6980,2005/12,1.0,1.0
11666,(주)우신시스템,17370,2019/12,1.0,1.0
11686,(주)우정바이오,215380,2018/12,1.0,1.0
11725,(주)우진,105840,2017/12,1.0,1.0
11755,(주)우진플라임,49800,2007/12,1.0,1.0
11780,(주)웅진,16880,2012/12,1.0,1.0
11851,(주)원익,32940,2008/12,1.0,1.0
11888,(주)원익큐브,14190,2008/12,1.0,1.0
11931,(주)원익홀딩스,30530,2002/12,1.0,1.0
11997,(주)월덱스,101160,2013/12,1.0,1.0
12013,(주)웨이브일렉트로닉스,95270,2012/12,1.0,1.0
12027,(주)웰크론,65950,2006/12,1.0,1.0
12054,(주)웰크론한텍,76080,2017/12,1.0,1.0
12066,(주)웹스,196700,2019/12,1.0,1.0
12075,(주)웹젠,69080,2008/12,1.0,1.0
12095,(주)위니아,71460,2008/12,1.0,1.0
12127,(주)위닉스,44340,2016/12,1.0,1.0
12157,(주)위메이드,112040,2019/12,1.0,1.0
12168,(주)위메이드맥스,101730,2016/12,1.0,1.0
12224,(주)위지트,36090,2002/12,1.0,1.0
12255,(주)윈팩,97800,2009/12,1.0,1.0
12286,(주)윌비스,8600,2001/12,1.0,1.0
12343,(주)유니온,910,2018/12,1.0,1.0
12349,(주)유니온커뮤니티,203450,2008/12,1.0,1.0
12362,(주)유니켐,11330,2001/12,1.0,1.0
12381,(주)유니크,11320,2001/06,1.0,1.0
12405,(주)유니테스트,86390,2008/12,1.0,1.0
12464,(주)유바이오로직스,206650,2015/12,1.0,1.0
12470,(주)유비케어,32620,2001/12,1.0,1.0
12516,(주)유성티엔에스,24800,2006/12,1.0,1.0
12532,(주)유수홀딩스,700,2002/12,1.0,1.0
12562,(주)유신,54930,2012/12,1.0,1.0
12582,(주)유씨아이,38340,2012/12,1.0,1.0
12598,(주)유아이디,69330,2008/12,1.0,1.0
12623,(주)유유제약,220,2010/03,1.0,1.0
12641,(주)유진로봇,56080,2003/12,1.0,1.0
12682,(주)유테크,178780,2017/12,1.0,1.0
12687,(주)유티아이,179900,2015/12,1.0,1.0
12694,(주)유틸렉스,263050,2017/12,1.0,1.0
12731,(주)율호,72770,2008/12,1.0,1.0
12754,(주)이건홀딩스,39020,2011/12,1.0,1.0
12765,(주)이글루코퍼레이션,67920,2003/12,1.0,1.0
12830,(주)이노와이어리스,73490,2015/12,1.0,1.0
12839,(주)이노인스트루먼트,215790,2019/12,1.0,1.0
12842,(주)이노테라피,246960,2017/12,1.0,1.0
12894,(주)이랜텍,54210,2007/12,1.0,1.0
12928,(주)이루온,65440,2017/12,1.0,1.0
12970,(주)이브이수성,84180,2018/12,1.0,1.0
12982,(주)이브이첨단소재,131400,2015/12,1.0,1.0
13007,(주)이수앱지스,86890,2007/12,1.0,1.0
13026,(주)이수페타시스,7660,2006/12,1.0,1.0
13045,(주)이수화학,5950,2005/12,1.0,1.0
13060,(주)이스타코,15020,2000/12,1.0,1.0
13088,(주)이스트소프트,47560,2013/12,1.0,1.0
13119,(주)이아이디,93230,2011/12,1.0,1.0
13137,(주)이엔드디,101360,2015/12,1.0,1.0
13164,(주)이엔코퍼레이션,66980,2007/12,1.0,1.0
13180,(주)이엔플러스,74610,2006/12,1.0,1.0
13221,(주)이엠앤아이,83470,2010/12,1.0,1.0
13283,(주)이원,17940,2016/12,1.0,1.0
13289,(주)이월드,84680,2007/12,1.0,1.0
13320,(주)이지,37370,2008/12,1.0,1.0
13386,(주)이퓨쳐,134060,2012/12,1.0,1.0
13403,(주)인디에프,14990,2009/12,1.0,1.0
13436,(주)인바이오젠,101140,2010/12,1.0,1.0
13451,(주)인성정보,33230,2002/12,1.0,1.0
13470,(주)인스코비,6490,2001/12,1.0,1.0
13491,(주)인지디스플레이,37330,2002/12,1.0,1.0
13526,(주)인콘,83640,2019/12,1.0,1.0
13567,(주)인터플렉스,51370,2007/12,1.0,1.0
13590,(주)인텍플러스,64290,2014/12,1.0,1.0
13611,(주)인트로메딕,150840,2009/12,1.0,1.0
13622,(주)인트론바이오테크놀로지,48530,2000/12,1.0,1.0
13670,(주)인포마크,175140,2018/12,1.0,1.0
13698,(주)인피니트헬스케어,71200,2012/12,1.0,1.0
13724,(주)일신석재,7110,2001/12,1.0,1.0
13747,(주)일야,58450,2004/12,1.0,1.0
13781,(주)일지테크,19540,2018/12,1.0,1.0
13814,(주)잉크테크,49550,2007/12,1.0,1.0
13841,(주)자연과환경,43910,2012/12,1.0,1.0
13851,(주)자이언트스텝,289220,2019/12,1.0,1.0
13901,(주)정원엔시스,45510,2010/12,1.0,1.0
13914,(주)제넥신,95700,2008/12,1.0,1.0
13934,(주)제넨바이오,72520,2009/12,1.0,1.0
13969,(주)제노포커스,187420,2019/12,1.0,1.0
13988,(주)제닉,123330,2018/12,1.0,1.0
13999,(주)제로투세븐,159580,2015/12,1.0,1.0
14010,(주)제우스,79370,2008/12,1.0,1.0
14101,(주)제이에스티나,26040,2004/12,1.0,1.0
14119,(주)제이엘케이,322510,2017/12,1.0,1.0
14124,(주)제이와이피엔터테인먼트,35900,2002/12,1.0,1.0
14146,(주)제이웨이,58420,2005/12,1.0,1.0
14169,(주)제이티,89790,2009/12,1.0,1.0
14208,(주)제일바이오,52670,2005/12,1.0,1.0
14246,(주)제주반도체,80220,2007/12,1.0,1.0
14261,(주)제주항공,89590,2007/12,1.0,1.0
14279,(주)젠큐릭스,229000,2015/12,1.0,1.0
14296,(주)젬백스&카엘,82270,2014/12,1.0,1.0
14315,(주)젬백스링크,64800,2013/12,1.0,1.0
14324,(주)조비,1550,2002/12,1.0,1.0
14358,(주)조이시티,67000,2018/12,1.0,1.0
14362,(주)조흥,2600,2002/12,1.0,1.0
14393,(주)종근당바이오,63160,2007/12,1.0,1.0
14443,(주)좋은사람들,33340,2017/12,1.0,1.0
14458,(주)주연테크,44380,2018/12,1.0,1.0
14463,(주)중앙디앤엠,51980,2003/12,1.0,1.0
14522,(주)지노믹트리,228760,2016/12,1.0,1.0
14533,(주)지누스,13890,2003/12,1.0,1.0
14554,(주)지니뮤직,43610,2004/12,1.0,1.0
14590,(주)지앤비에스엔지니어링,382800,2015/12,1.0,1.0
14605,(주)지어소프트,51160,2011/12,1.0,1.0
14631,(주)지에스글로벌,1250,2001/12,1.0,1.0
14711,(주)지엔코,65060,2009/12,1.0,1.0
14757,(주)지티지웰니스,219750,2019/12,1.0,1.0
14760,(주)진도,88790,2008/12,1.0,1.0
14799,(주)진매트릭스,109820,2012/12,1.0,1.0
14887,(주)창해에탄올,4650,2000/12,1.0,1.0
14920,(주)천일고속,650,2004/12,1.0,1.0
14939,(주)체리부로,66360,2003/12,1.0,1.0
14955,(주)체시스,33250,2002/06,1.0,1.0
14978,(주)초록뱀미디어,47820,2005/12,1.0,1.0
14997,(주)초록뱀이앤엠,131100,2013/12,1.0,1.0
15005,(주)초록뱀컴퍼니,52300,2002/12,1.0,1.0
15025,(주)초록뱀헬스케어,118000,2011/12,1.0,1.0
15055,(주)카나리아바이오,16790,2007/12,1.0,1.0
15083,(주)카스,16920,2015/12,1.0,1.0
15092,(주)카카오,35720,2001/12,1.0,1.0
15123,(주)카프로,6380,2006/12,1.0,1.0
15140,(주)캐리소프트,317530,2019/12,1.0,1.0
15150,(주)캐스텍코리아,71850,2009/12,1.0,1.0
15163,(주)캠시스,50110,2003/03,1.0,1.0
15210,(주)컴투스홀딩스,63080,2018/12,1.0,1.0
15221,(주)케스피온,79190,2011/12,1.0,1.0
15268,(주)케이씨,29460,2002/12,1.0,1.0
15319,(주)케이씨씨건설,21320,2013/12,1.0,1.0
15392,(주)케이씨티시,9070,2007/12,1.0,1.0
15420,(주)케이씨피드,25880,2015/12,1.0,1.0
15465,(주)케이에스피,73010,2008/12,1.0,1.0
15482,(주)케이에이치바텍,60720,2006/12,1.0,1.0
15515,(주)케이에이치필룩스,33180,2019/12,1.0,1.0
15537,(주)케이엑스하이텍,52900,2012/12,1.0,1.0
15552,(주)케이엔더블유,105330,2013/12,1.0,1.0
15619,(주)케이엠,83550,2008/12,1.0,1.0
15632,(주)케이엠더블유,32500,2001/12,1.0,1.0
15666,(주)케이이씨,92220,2008/12,1.0,1.0
15742,(주)케이티서브마린,60370,2005/12,1.0,1.0
15759,(주)케이티스카이라이프,53210,2003/12,1.0,1.0
15815,(주)케이티알파,36030,2001/12,1.0,1.0
15867,(주)케이프,64820,2013/12,1.0,1.0
15881,(주)케이피에프,24880,2000/12,1.0,1.0
15913,(주)케이피엠테크,42040,2012/12,1.0,1.0
15926,(주)케이피티유,54410,2006/12,1.0,1.0
15967,(주)켐트로닉스,89010,2015/12,1.0,1.0
15987,(주)코난테크놀로지,402030,2016/12,1.0,1.0
15997,(주)코다코,46070,2009/12,1.0,1.0
16013,(주)코데즈컴바인,47770,2005/12,1.0,1.0
16041,(주)코디,80530,2013/12,1.0,1.0
16052,(주)코디엠,224060,2009/12,1.0,1.0
16065,(주)코렌텍,104540,2008/12,1.0,1.0
16081,(주)코리아나화장품,27050,2004/12,1.0,1.0
16120,(주)코리아써키트,7810,2007/12,1.0,1.0
16204,(주)코미팜,41960,2009/12,1.0,1.0
16223,(주)코세스,89890,2009/12,1.0,1.0
16235,(주)코센,9730,2001/12,1.0,1.0
16259,(주)코스나인,82660,2007/12,1.0,1.0
16290,(주)코스온,69110,2006/12,1.0,1.0
16312,(주)코썬바이오,204990,2018/12,1.0,1.0
16330,(주)코아스,71950,2016/12,1.0,1.0
16338,(주)코아시아,45970,2004/12,1.0,1.0
16356,(주)코아시아옵틱스,196450,2016/12,1.0,1.0
16384,(주)코오롱,2020,2004/12,1.0,1.0
16412,(주)코원플레이,56000,2012/12,1.0,1.0
16429,(주)코이즈,121850,2014/12,1.0,1.0
16492,(주)콘텐트리중앙,36420,2003/12,1.0,1.0
16513,(주)콤텍시스템,31820,2004/12,1.0,1.0
16549,(주)큐로,15590,2015/12,1.0,1.0
16557,(주)큐로컴,40350,2003/12,1.0,1.0
16576,(주)큐로홀딩스,51780,2002/12,1.0,1.0
16650,(주)크래프톤,259960,2010/12,1.0,1.0
16697,(주)크린앤사이언스,45520,2007/12,1.0,1.0
16712,(주)클라우드에어,36170,2002/12,1.0,1.0
16745,(주)키다리스튜디오,20120,2001/12,1.0,1.0
16768,(주)키이스트,54780,2004/12,1.0,1.0
16786,(주)타이거일렉,219130,2009/12,1.0,1.0
16929,(주)태웅,44490,2018/12,1.0,1.0
16952,(주)테라젠이텍스,66700,2006/12,1.0,1.0
16970,(주)테스,95610,2009/12,1.0,1.0
17005,(주)테크윙,89030,2009/12,1.0,1.0
17060,(주)텔콘알에프제약,200230,2016/12,1.0,1.0
17073,(주)토니모리,214420,2018/12,1.0,1.0
17086,(주)토비스,51360,2007/12,1.0,1.0
17107,(주)토탈소프트뱅크,45340,2008/12,1.0,1.0
17145,(주)투비소프트,79970,2018/12,1.0,1.0
17151,(주)툴젠,199800,2016/12,1.0,1.0
17163,(주)트루윈,105550,2016/12,1.0,1.0
17169,(주)트윔,290090,2019/12,1.0,1.0
17182,(주)특수건설,26150,2012/12,1.0,1.0
17243,(주)티사이언티픽,57680,2004/12,1.0,1.0
17281,(주)티앤알바이오팹,246710,2017/12,1.0,1.0
17301,(주)티에스넥스젠,43220,2003/12,1.0,1.0
17338,(주)티에스이,131290,2016/12,1.0,1.0
17344,(주)티에이치엔,19180,2001/12,1.0,1.0
17374,(주)티엘아이,62860,2004/12,1.0,1.0
17394,(주)티웨이항공,91810,2009/12,1.0,1.0
17405,(주)티웨이홀딩스,4870,2000/12,1.0,1.0
17431,(주)티케이케미칼,104480,2013/12,1.0,1.0
17467,(주)티피씨,130740,2019/12,1.0,1.0
17477,(주)티피씨메카트로닉스,48770,2009/06,1.0,1.0
17494,(주)파나진,46210,2006/12,1.0,1.0
17526,(주)파라다이스,34230,2018/12,1.0,1.0
17547,(주)파라텍,33540,2019/12,1.0,1.0
17550,(주)파루,43200,2002/12,1.0,1.0
17578,(주)파멥신,208340,2014/12,1.0,1.0
17587,(주)파버나인,177830,2007/12,1.0,1.0
17607,(주)파세코,37070,2007/12,1.0,1.0
17636,(주)파워넷,37030,2003/12,1.0,1.0
17664,(주)파워로직스,47310,2011/12,1.0,1.0
17701,(주)파인디앤씨,49120,2012/12,1.0,1.0
17714,(주)파인디지털,38950,2005/12,1.0,1.0
17737,(주)파인테크닉스,106240,2017/12,1.0,1.0
17743,(주)파인텍,131760,2012/12,1.0,1.0
17770,(주)파크시스템스,140860,2000/12,1.0,1.0
17804,(주)판타지오,32800,2001/12,1.0,1.0
17881,(주)팬스타엔터프라이즈,54300,2010/12,1.0,1.0
17896,(주)팬엔터테인먼트,68050,2008/12,1.0,1.0
17910,(주)팬젠,222110,2014/12,1.0,1.0
17942,(주)펩트론,87010,2006/12,1.0,1.0
18010,(주)포스코엠텍,9520,2014/12,1.0,1.0
18018,(주)포스코인터내셔널,47050,2002/12,1.0,1.0
18099,(주)폴라리스오피스,41020,2011/12,1.0,1.0
18127,(주)푸드웰,5670,2002/06,1.0,1.0
18156,(주)푸른기술,94940,2015/12,1.0,1.0
18235,(주)퓨쳐켐,220100,2015/12,1.0,1.0
18264,(주)프로스테믹스,203690,2018/12,1.0,1.0
18317,(주)플래스크,41590,2006/12,1.0,1.0
18350,(주)플레이그램,9810,2001/12,1.0,1.0
18381,(주)플레이위드,23770,2002/12,1.0,1.0
18401,(주)플리토,300080,2018/12,1.0,1.0
18403,(주)피델릭스,32580,2000/12,1.0,1.0
18451,(주)피에스엠씨,24850,2008/12,1.0,1.0
18473,(주)피에이치씨,57880,2011/12,1.0,1.0
18484,(주)피엔에이치테크,239890,2017/12,1.0,1.0
18500,(주)피엔풍년,24940,2000/12,1.0,1.0
18570,(주)피피아이,62970,2004/12,1.0,1.0
18589,(주)픽셀플러스,87600,2007/12,1.0,1.0
18605,(주)필옵틱스,161580,2015/12,1.0,1.0
18619,(주)하나기술,299030,2009/12,1.0,1.0
18647,(주)하림,136480,2015/12,1.0,1.0
18657,(주)하림지주,3380,2005/12,1.0,1.0
18704,(주)하이소닉,106080,2014/12,1.0,1.0
18717,(주)하이스틸,71090,2010/12,1.0,1.0
18747,(주)하이트론씨스템즈,19490,2002/12,1.0,1.0
18778,(주)하츠,66130,2013/12,1.0,1.0
18794,(주)한국가구,4590,2009/12,1.0,1.0
18835,(주)한국전자홀딩스,6200,2006/12,1.0,1.0
18867,(주)한국종합기술,23350,2018/12,1.0,1.0
18904,(주)한국코퍼레이션,50540,2015/12,1.0,1.0
18919,(주)한국큐빅,21650,2010/12,1.0,1.0
18931,(주)한국테크놀로지,53590,2002/12,1.0,1.0
18959,(주)한국특강,7280,2010/12,1.0,1.0
18969,(주)한국파마,32300,2000/12,1.0,1.0
19002,(주)한국팩키지,37230,2013/12,1.0,1.0
19013,(주)한국화장품제조,3350,2004/12,1.0,1.0
19031,(주)한글과컴퓨터,30520,2002/12,1.0,1.0
19128,(주)한라,14790,2013/12,1.0,1.0
19184,(주)한빛소프트,47080,2011/12,1.0,1.0
19259,(주)한솔홈데코,25750,2006/12,1.0,1.0
19305,(주)한일진공,123840,2017/12,1.0,1.0
19315,(주)한진,2320,2007/12,1.0,1.0
19328,(주)한진중공업홀딩스,3480,2000/12,1.0,1.0
19355,(주)한창,5110,2000/12,1.0,1.0
19379,(주)한창바이오텍,43090,2004/12,1.0,1.0
19401,(주)한창제지,9460,2006/12,1.0,1.0
19435,(주)한컴위드,54920,2004/12,1.0,1.0
19465,(주)한탑,2680,2014/12,1.0,1.0
19471,(주)한화,880,2000/12,1.0,1.0
19495,(주)해성티피씨,59270,2006/12,1.0,1.0
19514,(주)핸디소프트,220180,2014/12,1.0,1.0
19547,(주)헬릭스미스,84990,2010/12,1.0,1.0
19561,(주)현대공업,170030,2004/12,1.0,1.0
19619,(주)현대미포조선,10620,2002/12,1.0,1.0
19710,(주)현대퓨처넷,126560,2006/12,1.0,1.0
19752,(주)협진,138360,2019/12,1.0,1.0
19753,(주)형지아이앤씨,11080,2000/12,1.0,1.0
19787,(주)형지엘리트,93240,2017/06,1.0,1.0
19790,(주)혜인,3010,2000/12,1.0,1.0
19847,(주)홈센타홀딩스,60560,2017/12,1.0,1.0
19863,(주)홈캐스트,64240,2013/12,1.0,1.0
19933,(주)화신,10690,2018/12,1.0,1.0
19948,(주)화인베스틸,133820,2010/12,1.0,1.0
20000,(주)후성,93370,2008/12,1.0,1.0
20036,(주)휴니드테크놀러지스,5870,2002/12,1.0,1.0
20056,(주)휴맥스,115160,2011/12,1.0,1.0
20083,(주)휴맥스홀딩스,28080,2018/12,1.0,1.0
20090,(주)휴먼엔,32860,2005/12,1.0,1.0
20108,(주)휴메딕스,200670,2010/12,1.0,1.0
20121,(주)휴비스,79980,2004/12,1.0,1.0
20161,(주)휴센텍,215090,2019/12,1.0,1.0
20162,(주)휴스틸,5010,2000/12,1.0,1.0
20185,(주)휴엠앤씨,263920,2019/12,1.0,1.0
20211,(주)흥국,10240,2001/12,1.0,1.0
20267,(주)힘스,238490,2015/12,1.0,1.0
20290,AJ네트웍스(주),95570,2019/12,1.0,1.0
20340,KD(주),44180,2006/12,1.0,1.0
20355,KG스틸(주),16380,2001/12,1.0,1.0
20406,LG이노텍(주),11070,2012/12,1.0,1.0
20415,LS일렉트릭(주),10120,2001/12,1.0,1.0
20448,OCI(주),10060,2014/12,1.0,1.0
20487,SNT중공업(주),3570,2001/12,1.0,1.0
20515,STX엔진(주),77970,2013/12,1.0,1.0
20534,STX중공업(주),71970,2014/12,1.0,1.0
20580,감성코퍼레이션(주),36620,2002/12,1.0,1.0
20623,갤럭시아머니트리(주),94480,2009/12,1.0,1.0
20660,경남제약(주),53950,2006/12,1.0,1.0
20702,경인전자(주),9140,2008/12,1.0,1.0
20719,경창산업(주),24910,2005/12,1.0,1.0
20748,계룡건설산업(주),13580,2014/12,1.0,1.0
20775,고려산업(주),2140,2001/12,1.0,1.0
20797,고려신용정보(주),49720,2003/12,1.0,1.0
20900,광전자(주),17900,2006/12,1.0,1.0
20930,광진실업(주),26910,2016/12,1.0,1.0
20980,국일신동(주),60480,2008/12,1.0,1.0
20992,국일제지(주),78130,2000/12,1.0,1.0
21025,국제약품(주),2720,2013/12,1.0,1.0
21068,극동유화(주),14530,2001/12,1.0,1.0
21121,글로본(주),19660,2018/12,1.0,1.0
21172,금호건설(주),2990,2009/12,1.0,1.0
21216,금호전기(주),1210,2013/12,1.0,1.0
21227,금호타이어(주),73240,2008/12,1.0,1.0
21264,기아(주),270,2006/12,1.0,1.0
21282,깨끗한나라(주),4540,2004/12,1.0,1.0
21302,나노씨엠에스(주),247660,2012/12,1.0,1.0
21323,나노캠텍(주),91970,2016/12,1.0,1.0
21400,남광토건(주),1260,2009/12,1.0,1.0
21560,농업회사법인아시아종묘(주),154030,2013/12,1.0,1.0
21574,뉴지랩파마(주),214870,2017/12,1.0,1.0
21581,다믈멀티미디어(주),93640,2009/12,1.0,1.0
21614,대동금속(주),20400,2002/12,1.0,1.0
21634,대동기어(주),8830,2002/12,1.0,1.0
21659,대동전자(주),8110,2007/03,1.0,1.0
21682,대림비앤코(주),5750,2010/12,1.0,1.0
21704,대림통상(주),6570,2012/12,1.0,1.0
21793,대성산업(주),128820,2012/12,1.0,1.0
21816,대성홀딩스(주),16710,2004/12,1.0,1.0
21856,대아티아이(주),45390,2004/06,1.0,1.0
21896,대양제지공업(주),6580,2004/12,1.0,1.0
21913,대영포장(주),14160,2001/12,1.0,1.0
21933,대우전자부품(주),9320,2001/12,1.0,1.0
21958,대우조선해양(주),42660,2006/12,1.0,1.0
21998,대원미디어(주),48910,2006/12,1.0,1.0
22020,대원산업(주),5710,2008/12,1.0,1.0
22073,대원화성(주),24890,2001/12,1.0,1.0
22113,대주산업(주),3310,2001/12,1.0,1.0
22133,대주전자재료(주),78600,2001/12,1.0,1.0
22174,대한광통신(주),10170,2002/12,1.0,1.0
22196,대한그린파워(주),60900,2004/12,1.0,1.0
22233,대한방직(주),1070,2001/12,1.0,1.0
22273,대한유화(주),6650,2001/12,1.0,1.0
22301,대한전선(주),1440,2009/12,1.0,1.0
22381,대한해운(주),5880,2010/12,1.0,1.0
22392,대한화섬(주),3830,2001/12,1.0,1.0
22438,더이앤엠(주),89230,2010/12,1.0,1.0
22478,덕양산업(주),24900,2006/12,1.0,1.0
22494,덕우전자(주),263600,2008/12,1.0,1.0
22507,데브시스터즈(주),194480,2018/12,1.0,1.0
22514,도이치모터스(주),67990,2006/12,1.0,1.0
22534,동국산업(주),5160,2006/12,1.0,1.0
22561,동국제강(주),1230,2013/12,1.0,1.0
22594,동부건설(주),5960,2006/12,1.0,1.0
22616,동성제약(주),2210,2008/12,1.0,1.0
22715,동양철관(주),8970,2002/09,1.0,1.0
22748,동양피스톤(주),92780,2009/12,1.0,1.0
22760,동원금속(주),18500,2001/03,1.0,1.0
22800,동원수산(주),30720,2001/12,1.0,1.0
22821,동원시스템즈(주),14820,2002/12,1.0,1.0
22886,동일제강(주),2690,2000/12,1.0,1.0
22918,동일철강(주),23790,2012/12,1.0,1.0
22934,동화기업(주),25900,2008/12,1.0,1.0
23018,디아이동일(주),1530,2005/12,1.0,1.0
23091,디엑스앤브이엑스(주),180400,2018/12,1.0,1.0
23107,디엘(주),210,2014/12,1.0,1.0
23124,디엘건설(주),1880,2011/12,1.0,1.0
23178,디젠스(주),113810,2009/12,1.0,1.0
23212,라온시큐어(주),42510,2008/12,1.0,1.0
23234,램테크놀러지(주),171010,2015/12,1.0,1.0
23273,롯데관광개발(주),32350,2009/12,1.0,1.0
23333,롯데정밀화학(주),4000,2014/12,1.0,1.0
23414,롯데하이마트(주),71840,2009/12,1.0,1.0
23449,마이크로로봇(주),182690,2006/12,1.0,1.0
23522,메가스터디(주),72870,2017/12,1.0,1.0
23553,메디앙스(주),14100,2012/12,1.0,1.0
23568,메디포스트(주),78160,2009/12,1.0,1.0
23579,명문제약(주),17180,2000/12,1.0,1.0
23605,명신산업(주),9900,2002/12,1.0,1.0
23629,모바일어플라이언스(주),87260,2012/12,1.0,1.0
23646,모트렉스(주),118990,2019/12,1.0,1.0
23667,무림페이퍼(주),9200,2000/12,1.0,1.0
23689,무림피앤피(주),9580,2002/12,1.0,1.0
23731,미디어젠(주),279600,2019/12,1.0,1.0
23742,미래나노텍(주),95500,2014/12,1.0,1.0
23750,미래산업(주),25560,2002/12,1.0,1.0
23852,바이온(주),32980,2001/12,1.0,1.0
23872,바이옵트로(주),222160,2017/03,1.0,1.0
23891,백광산업(주),1340,2014/12,1.0,1.0
23909,범양건영(주),2410,2012/12,1.0,1.0
23919,베뉴지(주),19010,2001/12,1.0,1.0
23953,보성파워텍(주),6910,2014/12,1.0,1.0
23961,보해양조(주),890,2002/12,1.0,1.0
24020,부산산업(주),11390,2001/12,1.0,1.0
24043,부산주공(주),5030,2004/12,1.0,1.0
24072,브릿지바이오테라퓨틱스(주),288330,2019/12,1.0,1.0
24120,비에이치아이(주),83650,2015/12,1.0,1.0
24138,비케이탑스(주),30790,2013/12,1.0,1.0
24150,비플라이소프트(주),148780,2019/12,1.0,1.0
24179,사조동아원(주),8040,2008/12,1.0,1.0
24197,사조산업(주),7160,2006/12,1.0,1.0
24238,삼강엠앤티(주),100090,2013/12,1.0,1.0
24288,삼보모터스(주),53700,2003/12,1.0,1.0
24313,삼보산업(주),9620,2008/12,1.0,1.0
24335,삼부토건(주),1470,2010/12,1.0,1.0
24361,삼성SDI(주),6400,2016/12,1.0,1.0
24371,삼성공조(주),6660,2006/12,1.0,1.0
24401,삼성물산(주),28260,2016/12,1.0,1.0
24408,삼성바이오로직스(주),207940,2015/12,1.0,1.0
24434,삼성엔지니어링(주),28050,2001/12,1.0,1.0
24457,삼성전기(주),9150,2004/12,1.0,1.0
24494,삼성제약(주),1360,2001/12,1.0,1.0
24518,삼성중공업(주),10140,2005/12,1.0,1.0
24538,삼아알미늄(주),6110,2005/12,1.0,1.0
24574,삼양식품(주),3230,2001/12,1.0,1.0
24651,삼영엠텍(주),54540,2018/12,1.0,1.0
24680,삼영전자공업(주),5680,2007/12,1.0,1.0
24700,삼영화학공업(주),3720,2007/12,1.0,1.0
24745,삼일제약(주),520,2012/12,1.0,1.0
24834,삼천리자전거(주),24950,2001/12,1.0,1.0
24923,삼화전기(주),9470,2010/12,1.0,1.0
24936,삼화전자공업(주),11230,2003/12,1.0,1.0
24955,삼화콘덴서공업(주),1820,2002/12,1.0,1.0
25025,상신이디피(주),91580,2016/12,1.0,1.0
25086,서암기계공업(주),100660,2002/12,1.0,1.0
25120,서울도시가스(주),17390,2016/12,1.0,1.0
25126,서울바이오시스(주),92190,2006/12,1.0,1.0
25161,서울식품공업(주),4410,2001/12,1.0,1.0
25185,서울전자통신(주),27040,2005/12,1.0,1.0
25228,선도전기(주),7610,2008/12,1.0,1.0
25244,선진뷰티사이언스(주),86710,2004/12,1.0,1.0
25268,성문전자(주),14910,2008/12,1.0,1.0
25300,성신양회(주),4980,2000/12,1.0,1.0
25347,성우테크론(주),45300,2008/12,1.0,1.0
25362,성창기업지주(주),180,2000/09,1.0,1.0
25387,성호전자(주),43260,2005/12,1.0,1.0
25402,세기상사(주),2420,2000/12,1.0,1.0
25443,세방(주),4360,2001/12,1.0,1.0
25487,세원이앤씨(주),91090,2011/12,1.0,1.0
25514,세종공업(주),33530,2018/12,1.0,1.0
25518,세종텔레콤(주),36630,2002/12,1.0,1.0
25542,세하(주),27970,2006/12,1.0,1.0
25560,소니드(주),60230,2005/12,1.0,1.0
25601,송원산업(주),4430,2001/12,1.0,1.0
25625,시그네틱스(주),33170,2001/12,1.0,1.0
25668,신라교역(주),4970,2004/12,1.0,1.0
25684,신라섬유(주),1000,2000/12,1.0,1.0
25712,신라에스지(주),25870,2008/12,1.0,1.0
25726,신라젠(주),215600,2013/12,1.0,1.0
25806,신송홀딩스(주),6880,2017/12,1.0,1.0
25830,신원종합개발(주),17000,2001/12,1.0,1.0
25853,신일전자(주),2700,2004/03,1.0,1.0
25910,신풍제지(주),2870,2001/12,1.0,1.0
25940,신화인터텍(주),56700,2011/12,1.0,1.0
25961,쌍용씨앤이(주),3410,2001/12,1.0,1.0
25981,쌍용자동차(주),3620,2001/12,1.0,1.0
26003,쌍용정보통신(주),10280,2003/12,1.0,1.0
26022,써니전자(주),4770,2002/12,1.0,1.0
26048,씨비아이(주),13720,2008/12,1.0,1.0
26063,씨아이에스(주),222080,2018/12,1.0,1.0
26084,씨앤티85(주),56730,2006/12,1.0,1.0
26100,씨에스베어링(주),297090,2010/12,1.0,1.0
26125,씨유테크(주),376290,2007/12,1.0,1.0
26181,씨제이바이오사이언스(주),311690,2018/12,1.0,1.0
26203,씨제이씨푸드(주),11150,2000/12,1.0,1.0
26243,씨제이프레시웨이(주),51500,2007/12,1.0,1.0
26282,아남전자(주),8700,2001/12,1.0,1.0
26303,아미코젠(주),92040,2007/12,1.0,1.0
26400,아시아나항공(주),20560,2001/12,1.0,1.0
26457,아이진(주),185490,2013/12,1.0,1.0
26467,아이큐어(주),175250,2016/12,1.0,1.0
26479,아이크래프트(주),52460,2009/12,1.0,1.0
26496,아이텍(주),119830,2013/12,1.0,1.0
26580,알서포트(주),131370,2016/12,1.0,1.0
26603,압타바이오(주),293780,2019/12,1.0,1.0
26634,애니젠(주),196300,2011/12,1.0,1.0
26646,애머릿지코퍼레이션,900100,2011/12,1.0,1.0
26657,앱클론(주),174900,2015/12,1.0,1.0
26684,에스넷시스템(주),38680,2003/12,1.0,1.0
26718,에스디엔(주),99220,2013/12,1.0,1.0
26736,에스맥(주),97780,2015/12,1.0,1.0
26750,에스비더블유생명과학(주),151910,2016/12,1.0,1.0
26762,에스씨아이평가정보(주),36120,2001/12,1.0,1.0
26783,에스씨엠생명과학(주),298060,2017/12,1.0,1.0
26794,에스엔유프리시젼(주),80000,2012/12,1.0,1.0
26811,에스엔케이폴리텍(주),91340,2013/12,1.0,1.0
26869,에스지씨에너지(주),5090,2017/12,1.0,1.0
26872,에스지씨이테크건설(주),16250,2000/12,1.0,1.0
26910,에스지에이(주),49470,2018/12,1.0,1.0
26917,에스지에이솔루션즈(주),184230,2019/12,1.0,1.0
26987,에스케이디스커버리(주),6120,2001/12,1.0,1.0
27029,에스케이렌터카(주),68400,2009/12,1.0,1.0
27046,에스케이바이오팜(주),326030,2015/12,1.0,1.0
27051,에스케이씨(주),11790,2000/12,1.0,1.0
27097,에스케이하이닉스(주),660,2002/12,1.0,1.0
27141,에스트래픽(주),234300,2019/12,1.0,1.0
27186,에쓰씨엔지니어링(주),23960,2012/12,1.0,1.0
27210,에이비엘바이오(주),298380,2019/12,1.0,1.0
27213,에이비온(주),203400,2014/12,1.0,1.0
27288,에이치비솔루션(주),297890,2008/12,1.0,1.0
27314,에이치에스디엔진(주),82740,2014/12,1.0,1.0
27320,에이치엘비(주),28300,2000/12,1.0,1.0
27340,에이치엘비글로벌(주),3580,2000/12,1.0,1.0
27371,에이치엘비생명과학(주),67630,2012/12,1.0,1.0
27379,에이치엘비제약(주),47920,2000/12,1.0,1.0
27406,에이치엘비테라퓨틱스(주),115450,2012/12,1.0,1.0
27416,에이치엠엠(주),11200,2002/12,1.0,1.0
27471,에이테크솔루션(주),71670,2013/12,1.0,1.0
27481,에이프로젠제약(주),3060,2004/09,1.0,1.0
27518,에이피에스홀딩스(주),54620,2018/12,1.0,1.0
27533,에이피티씨(주),89970,2009/12,1.0,1.0
27544,에코바이오홀딩스(주),38870,2002/12,1.0,1.0
27582,에코플라스틱(주),38110,2018/12,1.0,1.0
27607,엑스큐어(주),70300,2017/12,1.0,1.0
27615,엔브이에이치코리아(주),67570,2005/12,1.0,1.0
27637,엔시트론(주),101400,2013/12,1.0,1.0
27657,엔에이치엔한국사이버결제(주),60250,2006/12,1.0,1.0
27701,엘브이엠씨홀딩스(주),900140,2019/12,1.0,1.0
27704,엘비세미콘(주),61970,2004/12,1.0,1.0
27770,엘지전자(주),66570,2011/12,1.0,1.0
27790,엘컴텍(주),37950,2011/12,1.0,1.0
27853,영신금속공업(주),7530,2003/12,1.0,1.0
27873,영진약품(주),3520,2003/12,1.0,1.0
27894,영창케미칼(주),112290,2010/12,1.0,1.0
27945,영화금속(주),12280,2001/12,1.0,1.0
27979,예스이십사(주),53280,2003/12,1.0,1.0
28039,오상자이엘(주),53980,2019/12,1.0,1.0
28046,오성첨단소재(주),52420,2006/12,1.0,1.0
28089,오토앤(주),353590,2019/12,1.0,1.0
28092,올리패스(주),244460,2017/12,1.0,1.0
28097,올릭스(주),226950,2017/12,1.0,1.0
28108,옴니시스템(주),57540,2010/12,1.0,1.0
28207,우리바이오(주),82850,2017/12,1.0,1.0
28221,우리산업홀딩스(주),72470,2006/12,1.0,1.0
28237,우리손에프앤지농업회사법인(주),73560,2004/12,1.0,1.0
28270,우리엔터프라이즈(주),37400,2017/12,1.0,1.0
28278,우리이앤엘(주),153490,2014/12,1.0,1.0
28307,우수AMS(주),66590,2009/12,1.0,1.0
28325,우원개발(주),46940,2008/12,1.0,1.0
28353,우진비앤지(주),18620,2016/12,1.0,1.0
28367,원풍물산(주),8290,2009/12,1.0,1.0
28384,웰바이오텍(주),10600,2006/12,1.0,1.0
28400,웹케시(주),53580,2003/12,1.0,1.0
28432,위즈코프(주),38620,2004/12,1.0,1.0
28452,유네코(주),64510,2001/12,1.0,1.0
28473,유니셈(주),36200,2002/12,1.0,1.0
28500,유니슨(주),18000,2009/12,1.0,1.0
28555,유비벨록스(주),89850,2015/12,1.0,1.0
28591,유아이엘(주),49520,2011/12,1.0,1.0
28617,유엔젤(주),72130,2017/12,1.0,1.0
28628,유진기업(주),23410,2007/12,1.0,1.0
28662,이건산업(주),8250,2001/09,1.0,1.0
28689,이구산업(주),25820,2008/12,1.0,1.0
28720,이노시스(주),56090,2016/12,1.0,1.0
28771,이엠코리아(주),95190,2017/12,1.0,1.0
28774,이연제약(주),102460,2000/12,1.0,1.0
28796,이오플로우(주),294090,2018/12,1.0,1.0
28800,이원다이애그노믹스(주),245620,2018/12,1.0,1.0
28813,이원컴포텍(주),88290,2013/12,1.0,1.0
28841,이트론(주),96040,2010/12,1.0,1.0
28873,이화산업(주),760,2002/03,1.0,1.0
28891,이화전기공업(주),24810,2000/12,1.0,1.0
28916,인바이오(주),352940,2006/12,1.0,1.0
28935,인베니아(주),79950,2012/12,1.0,1.0
28954,인선이엔티(주),60150,2012/12,1.0,1.0
29092,인화정공(주),101930,2017/12,1.0,1.0
29116,일동홀딩스(주),230,2017/12,1.0,1.0
29119,일성건설(주),13360,2000/12,1.0,1.0
29165,일신방직(주),3200,2006/12,1.0,1.0
29182,일양약품(주),7570,2003/03,1.0,1.0
29207,일정실업(주),8500,2008/12,1.0,1.0
29222,일진다이아몬드(주),81000,2007/12,1.0,1.0
29239,일진디스플레이(주),20760,2004/12,1.0,1.0
29258,일진머티리얼즈(주),20150,2003/12,1.0,1.0
29279,일진전기(주),103590,2012/12,1.0,1.0
29289,일진하이솔루스(주),271940,2014/12,1.0,1.0
29296,일진홀딩스(주),15860,2001/12,1.0,1.0
29318,잉글우드랩(주),950140,2018/12,1.0,1.0
29326,자이글(주),234920,2019/12,1.0,1.0
29365,자화전자(주),33240,2019/12,1.0,1.0
29374,재영솔루텍(주),49630,2008/12,1.0,1.0
29390,전방(주),950,2004/12,1.0,1.0
29413,전진바이오팜(주),110020,2014/12,1.0,1.0
29429,제너셈(주),217190,2017/12,1.0,1.0
29458,제룡전기(주),33100,2017/12,1.0,1.0
29465,제이더블유생명과학(주),234080,2007/12,1.0,1.0
29483,제이더블유신약(주),67290,2005/12,1.0,1.0
29510,제이더블유중외제약(주),1060,2012/12,1.0,1.0
29522,제이더블유홀딩스(주),96760,2011/12,1.0,1.0
29537,제이스코홀딩스(주),23440,2006/12,1.0,1.0
29594,제이엔케이히터(주),126880,2014/12,1.0,1.0
29605,제이엠아이(주),33050,2005/12,1.0,1.0
29636,제이준코스메틱(주),25620,2001/12,1.0,1.0
29687,제일전기공업(주),199820,2009/12,1.0,1.0
29720,제주맥주(주),276730,2018/12,1.0,1.0
29761,조광페인트(주),4910,2019/12,1.0,1.0
29813,조아제약(주),34940,2001/12,1.0,1.0
29840,조일알미늄(주),18470,2008/12,1.0,1.0
29854,주성엔지니어링(주),36930,2002/12,1.0,1.0
29887,지나인제약(주),78650,2015/12,1.0,1.0
29901,지더블유바이텍(주),36180,2001/12,1.0,1.0
29934,지에스건설(주),6360,2014/12,1.0,1.0
29962,지엘팜텍(주),204840,2017/12,1.0,1.0
30021,진양제약(주),7370,2016/12,1.0,1.0
30042,진양폴리우레탄(주),10640,2017/12,1.0,1.0
30062,진양화학(주),51630,2018/12,1.0,1.0
30069,진원생명과학(주),11000,2005/12,1.0,1.0
30084,진흥기업(주),2780,2000/12,1.0,1.0
30111,참엔지니어링(주),9310,2001/12,1.0,1.0
30135,참존글로벌(주),158310,2015/12,1.0,1.0
30154,카페24(주),42000,2001/12,1.0,1.0
30176,커머스마이너 (주),223310,2017/12,1.0,1.0
30181,컨버즈(주),109070,2011/12,1.0,1.0
30226,케이비아이동국실업(주),1620,2008/12,1.0,1.0
30245,케이비아이메탈(주),24840,2007/12,1.0,1.0
30259,케이씨그린홀딩스(주),9440,2001/12,1.0,1.0
30282,케이씨코트렐(주),119650,2014/12,1.0,1.0
30289,케이알모터스(주),40,2001/12,1.0,1.0
30357,케이지케미칼(주),1390,2001/12,1.0,1.0
30388,케이피엑스라이프사이언스(주),114450,2014/12,1.0,1.0
30431,켄코아에어로스페이스(주),274090,2018/12,1.0,1.0
30438,코나아이(주),52400,2005/12,1.0,1.0
30456,코드네이처(주),78940,2007/12,1.0,1.0
30507,코스맥스엔비티(주),222040,2009/12,1.0,1.0
30518,코스모신소재(주),5070,2000/12,1.0,1.0
30538,코스모화학(주),5420,2000/12,1.0,1.0
30563,코아스템(주),166480,2018/12,1.0,1.0
30578,코오롱글로벌(주),3070,2013/12,1.0,1.0
30597,코오롱생명과학(주),102940,2018/12,1.0,1.0
30611,코오롱티슈진(주),950160,2018/12,1.0,1.0
30613,코오롱플라스틱(주),138490,2000/12,1.0,1.0
30655,코웰패션(주),33290,2002/12,1.0,1.0
30726,큐렉소(주),60280,2005/12,1.0,1.0
30755,크로바하이텍(주),43590,2014/12,1.0,1.0
30767,크루셜텍(주),114120,2013/12,1.0,1.0
30776,크리스탈지노믹스(주),83790,2004/12,1.0,1.0
30845,태광산업(주),3240,2001/12,1.0,1.0
30904,태원물산(주),1420,2000/12,1.0,1.0
30965,테라사이언스(주),73640,2013/12,1.0,1.0
31001,티와이엠(주),2900,2010/12,1.0,1.0
31041,티케이지애강(주),22220,2010/12,1.0,1.0
31094,파나케이아(주),58530,2007/12,1.0,1.0
31107,파미셀(주),5690,2000/12,1.0,1.0
31131,팜젠사이언스(주),4720,2004/09,1.0,1.0
31162,팬오션(주),28670,2012/12,1.0,1.0
31171,퍼스텍(주),10820,2001/12,1.0,1.0
31210,페이퍼코리아(주),1020,2008/12,1.0,1.0
31224,평화산업(주),90080,2008/12,1.0,1.0
31244,평화홀딩스(주),10770,2008/12,1.0,1.0
31262,포스코스틸리온(주),58430,2006/12,1.0,1.0
31329,풍원정밀(주),371950,2019/12,1.0,1.0
31332,프레스티지바이오로직스(주),334970,2019/12,1.0,1.0
31336,프리시젼바이오(주),335810,2019/12,1.0,1.0
31339,피씨엘(주),241820,2015/12,1.0,1.0
31411,피에스텍(주),2230,2019/12,1.0,1.0
31441,하나마이크론(주),67310,2009/12,1.0,1.0
31454,하나머티리얼즈(주),166090,2009/12,1.0,1.0
31519,하이트진로(주),80,2001/09,1.0,1.0
31624,한국내화(주),10040,2007/12,1.0,1.0
31661,한국맥널티(주),222980,2010/12,1.0,1.0
31716,한국수출포장공업(주),2200,2005/12,1.0,1.0
31838,한국전력공사(주),15760,2012/12,1.0,1.0
31887,한국전자인증(주),41460,2003/12,1.0,1.0
31914,한국정밀기계(주),101680,2013/12,1.0,1.0
31933,한국정보공학(주),39740,2012/12,1.0,1.0
31965,한국정보통신(주),25770,2004/12,1.0,1.0
31996,한국조선해양(주),9540,2015/12,1.0,1.0
32002,한국주강(주),25890,2001/12,1.0,1.0
32049,한국지역난방공사,71320,2008/12,1.0,1.0
32146,한국프랜지공업(주),10100,2018/12,1.0,1.0
32149,한국항공우주산업(주),47810,2001/12,1.0,1.0
32170,한국화장품(주),123690,2012/12,1.0,1.0
32192,한라아이엠에스(주),92460,2018/12,1.0,1.0
32196,한미반도체(주),42700,2002/12,1.0,1.0
32249,한성기업(주),3680,2005/12,1.0,1.0
32316,한솔로지스틱스(주),9180,2001/12,1.0,1.0
32372,한솔테크닉스(주),4710,2002/12,1.0,1.0
32391,한솔피엔에스(주),10420,2001/12,1.0,1.0
32411,한솔홀딩스(주),4150,2001/12,1.0,1.0
32433,한스바이오메드(주),42520,2004/09,1.0,1.0
32450,한신공영(주),4960,2001/12,1.0,1.0
32497,한양디지텍(주),78350,2012/12,1.0,1.0
32553,한올바이오파마(주),9420,2008/12,1.0,1.0
32585,한일단조공업(주),24740,2001/12,1.0,1.0
32607,한일사료(주),5860,2003/12,1.0,1.0
32636,한일철강(주),2220,2010/12,1.0,1.0
32646,한일현대시멘트(주),6390,2000/12,1.0,1.0
32697,한일화학공업(주),7770,2011/12,1.0,1.0
32763,한화솔루션(주),9830,2001/12,1.0,1.0
32784,한화시스템(주),272210,2002/12,1.0,1.0
32817,한화에어로스페이스(주),12450,2015/12,1.0,1.0
32861,해성옵틱스(주),76610,2018/12,1.0,1.0
32894,핸즈코퍼레이션(주),143210,2013/12,1.0,1.0
32907,현대건설(주),720,2001/12,1.0,1.0
32956,현대두산인프라코어(주),42670,2009/12,1.0,1.0
32982,현대로템(주),64350,2015/12,1.0,1.0
33014,현대바이오사이언스(주),48410,2006/12,1.0,1.0
33081,현대에이치티(주),39010,2010/12,1.0,1.0
33147,현대위아(주),11210,2018/12,1.0,1.0
33151,현대일렉트릭앤에너지시스템(주),267260,2019/12,1.0,1.0
33230,현우산업(주),92300,2013/12,1.0,1.0
33287,화성산업(주),2460,2010/12,1.0,1.0
33336,화천기공(주),850,2000/12,1.0,1.0
33383,효성아이티엑스(주),94280,2009/12,1.0,1.0
33439,휴림로봇(주),90710,2008/12,1.0,1.0
33456,휴마시스(주),205470,2019/12,1.0,1.0
33489,흥아해운(주),3280,2003/12,1.0,1.0
