,Unnamed: 0,회사명,거래소코드,회계년도,이자보상배율(이자비용)(IFRS),이자보상배율(이자비용)(IFRS연결),이자보상배율,한계기업
11,11,(주)DB하이텍,990,13-Dec,-0.16,-0.16,-0.16,1.0
27,27,(주)HJ중공업,97230,11-Dec,0.34,0.55,0.55,1.0
36,36,(주)MH에탄올,23150,11-Dec,1.5,0.12,0.12,1.0
84,84,(주)ST,11810,14-Dec,0.53,0.76,0.76,1.0
93,93,(주)TCC스틸,2710,14-Dec,1.31,0.02,0.02,1.0
110,110,(주)강스템바이오텍,217730,17-Dec,-7.93,-8.15,-8.15,1.0
129,129,(주)강원에너지,114190,18-Dec,0.35,0.2,0.2,1.0
138,138,(주)갤럭시아에스엠,11420,18-Dec,-102.12,-157.86,-157.86,1.0
211,211,(주)골드앤에스,35290,14-Dec,-1.73,-1.41,-1.41,1.0
221,221,(주)골드퍼시픽,38530,15-Dec,-13.68,-9.59,-9.59,1.0
245,245,(주)광림,14200,16-Dec,0.16,0.16,0.16,1.0
249,249,(주)광명전기,17040,11-Dec,1.57,0.38,0.38,1.0
260,260,(주)광무,29480,13-Dec,-4.26,-8.2,-8.2,1.0
295,295,(주)국보,1140,12-Dec,0.51,0.64,0.64,1.0
318,318,(주)국순당,43650,17-Dec,77777777.77,-12.28,-12.28,1.0
321,321,(주)국영지앤엠,6050,11-Dec,-170.81,77777777.77,-170.81,1.0
392,392,(주)기산텔레콤,35460,11-Dec,-5.27,-3.73,-3.73,1.0
403,403,(주)까뮤이앤씨,13700,13-Dec,-0.14,77777777.77,-0.14,1.0
414,414,(주)나노,187790,17-Dec,1.5,0.96,0.96,1.0
429,429,(주)나노엔텍,39860,13-Dec,1.02,-0.44,-0.44,1.0
450,450,(주)나이벡,138610,13-Dec,-5.06,77777777.77,-5.06,1.0
489,489,(주)남성,4270,13-Dec,0.96,0.39,0.39,1.0
500,500,(주)내츄럴엔도텍,168330,17-Dec,-1.94,-1.96,-1.96,1.0
507,507,(주)네오리진,94860,15-Dec,-19.24,77777777.77,-19.24,1.0
569,569,(주)네이처셀,7390,12-Dec,-0.67,77777777.77,-0.67,1.0
581,581,(주)네패스,33640,15-Dec,4.96,0.42,0.42,1.0
618,618,(주)넥스트엔터테인먼트월드,160550,19-Dec,-1.09,-3.05,-3.05,1.0
622,622,(주)넥슨게임즈,225570,18-Dec,-236.72,77777777.77,-236.72,1.0
624,624,(주)넵튠,217270,15-Dec,-3.35,77777777.77,-3.35,1.0
657,657,(주)노블엠앤비,106520,17-Dec,-4.65,-4.91,-4.91,1.0
674,674,(주)녹십자엠에스,142280,18-Dec,-5.39,-6.18,-6.18,1.0
689,689,(주)녹원씨엔아이,65560,14-Dec,-5,-6.5,-6.5,1.0
716,716,(주)누리플랜,69140,14-Dec,-7.07,77777777.77,-7.07,1.0
722,722,(주)누리플렉스,40160,11-Dec,0.2,0.79,0.79,1.0
739,739,(주)뉴로스,126870,19-Dec,-3.23,-2.37,-2.37,1.0
740,740,(주)뉴보텍,60260,11-Dec,-4.5,77777777.77,-4.5,1.0
751,751,(주)뉴인텍,12340,13-Dec,-1.26,-1.14,-1.14,1.0
784,784,(주)다날,64260,13-Dec,21.19,0.79,0.79,1.0
797,797,(주)다산네트웍스,39560,16-Dec,-0.13,-2.88,-2.88,1.0
831,831,(주)다이나믹디자인,145210,18-Dec,-2.88,-4.73,-4.73,1.0
849,849,(주)대구백화점,6370,18-Dec,-9.4,-3.05,-3.05,1.0
916,916,(주)대성엘텍,25440,13-Dec,0.44,-0.49,-0.49,1.0
932,932,(주)대양금속,9190,11-Dec,-1.83,-1.84,-1.84,1.0
996,996,(주)대창,12800,14-Dec,1.26,0.88,0.88,1.0
1005,1005,(주)대창솔루션,96350,14-Dec,-1.06,-2.46,-2.46,1.0
1028,1028,(주)대한항공,3490,13-Dec,-0.04,-0.04,-0.04,1.0
1047,1047,(주)대호에이엘,69460,14-Dec,-0.46,77777777.77,-0.46,1.0
1053,1053,(주)대호특수강,21040,11-Dec,0.54,77777777.77,0.54,1.0
1067,1067,(주)더 미동,161570,18-Dec,10.01,-23.55,-23.55,1.0
1072,1072,(주)더블유아이,73570,13-Dec,-4.88,-1.94,-1.94,1.0
1079,1079,(주)더블유에스아이,299170,18-Dec,-1.61,77777777.77,-1.61,1.0
1115,1115,(주)덴티스,261200,18-Dec,-1.55,77777777.77,-1.55,1.0
1170,1170,(주)동방선기,99410,14-Dec,0.75,-0.86,-0.86,1.0
1227,1227,(주)동양,1520,13-Dec,-0.59,-0.12,-0.12,1.0
1327,1327,(주)듀오백,73190,16-Dec,77777777.77,-157.57,-157.57,1.0
1339,1339,(주)드래곤플라이,30350,19-Dec,-70.73,-73.66,-73.66,1.0
1340,1340,(주)드림시큐리티,203650,14-Dec,-1.48,77777777.77,-1.48,1.0
1348,1348,(주)드림어스컴퍼니,60570,13-Dec,-24.59,-44.51,-44.51,1.0
1439,1439,(주)디에스앤엘,141020,15-Dec,-13.27,-10.88,-10.88,1.0
1472,1472,(주)디엔에이링크,127120,15-Dec,-6.58,-7.65,-7.65,1.0
1497,1497,(주)디엠에스,68790,13-Dec,1.28,-0.23,-0.23,1.0
1527,1527,(주)디지아이,43360,11-Dec,-4.28,77777777.77,-4.28,1.0
1615,1615,(주)러셀,217500,17-Dec,-0.93,77777777.77,-0.93,1.0
1620,1620,(주)레고켐바이오사이언스,141080,15-Dec,-9.17,-9.17,-9.17,1.0
1633,1633,(주)레드로버,60300,19-Dec,-28.59,-28.88,-28.88,1.0
1680,1680,(주)루멘스,38060,19-Dec,-17.9,-9.58,-9.58,1.0
1681,1681,(주)루트로닉,85370,11-Dec,2.79,-2.06,-2.06,1.0
1690,1690,(주)룽투코리아,60240,11-Dec,-13.45,-18.61,-18.61,1.0
1716,1716,(주)리더스코스메틱,16100,19-Dec,-8.77,-8.58,-8.58,1.0
1745,1745,(주)마니커,27740,13-Dec,-0.22,-0.02,-0.02,1.0
1761,1761,(주)마이크로컨텍솔루션,98120,18-Dec,-187.2,-266.82,-266.82,1.0
1784,1784,(주)매직마이크로,127160,17-Dec,-0.46,-1.99,-1.99,1.0
1822,1822,(주)메디콕스,54180,19-Jun,0.49,-0.38,-0.38,1.0
1846,1846,(주)메지온,140410,17-Dec,-1.18,-6.08,-6.08,1.0
1855,1855,(주)메타랩스,90370,14-Dec,0.11,0.68,0.68,1.0
1872,1872,(주)멕아이씨에스,58110,17-Dec,-0.87,-1.78,-1.78,1.0
1879,1879,(주)멜파스,96640,15-Dec,-4.57,77777777.77,-4.57,1.0
1946,1946,(주)모베이스전자,12860,19-Dec,0.62,0.82,0.82,1.0
1954,1954,(주)모아텍,33200,14-Dec,-240.53,-26.09,-26.09,1.0
1995,1995,(주)미래아이앤지,7120,15-Dec,-3.06,-3.16,-3.16,1.0
2024,2024,(주)바른손,18700,13-Mar,-6.7,-8.53,-8.53,1.0
2034,2034,(주)바른손이앤에이,35620,14-Dec,-8.99,-9.87,-9.87,1.0
2040,2040,(주)바른전자,64520,11-Dec,-6.99,-7.08,-7.08,1.0
2060,2060,(주)바이오니아,64550,13-Dec,-2.93,-1.5,-1.5,1.0
2067,2067,(주)바이오로그디바이스,208710,14-Dec,-2.43,77777777.77,-2.43,1.0
2087,2087,(주)바이오톡스텍,86040,14-Dec,-6.77,-8.78,-8.78,1.0
2117,2117,(주)백금티앤에이,46310,15-Dec,1.01,0.74,0.74,1.0
2140,2140,(주)베노홀딩스,206400,14-Dec,-2043.63,77777777.77,-2043.63,1.0
2234,2234,(주)브이티지엠피,18290,13-Dec,0.48,77777777.77,0.48,1.0
2246,2246,(주)블루베리엔에프티,44480,16-Dec,77777777.77,-30.94,-30.94,1.0
2264,2264,(주)비덴트,121800,17-Dec,-4.83,-6.15,-6.15,1.0
2272,2272,(주)비보존헬스케어,82800,16-Dec,0.79,77777777.77,0.79,1.0
2279,2279,(주)비비안,2070,14-Dec,-7.97,-8.39,-8.39,1.0
2319,2319,(주)비엔지티,32790,13-Dec,-10.7,-2.48,-2.48,1.0
2326,2326,(주)비엘,142760,16-Dec,-89.65,77777777.77,-89.65,1.0
2387,2387,(주)비츠로시스,54220,19-Mar,-5.95,77777777.77,-5.95,1.0
2399,2399,(주)비케이홀딩스,50090,13-Dec,0.76,0.88,0.88,1.0
2406,2406,(주)비투엔,307870,18-Dec,-2.47,77777777.77,-2.47,1.0
2601,2601,(주)삼표시멘트,38500,13-Dec,0.19,-0.07,-0.07,1.0
2622,2622,(주)상보,27580,16-Dec,-3.79,-3.63,-3.63,1.0
2643,2643,(주)상상인인더스트리,101000,19-Dec,-0.75,-0.79,-0.79,1.0
2655,2655,(주)상지카일룸,42940,13-Dec,-4.34,77777777.77,-4.34,1.0
2682,2682,(주)서부티엔디,6730,13-Dec,0.9,0.9,0.9,1.0
2726,2726,(주)서울리거,43710,15-Dec,-20.16,-20.21,-20.21,1.0
2731,2731,(주)서울옥션,63170,11-Dec,-7.27,-6.08,-6.08,1.0
2746,2746,(주)서울제약,18680,17-Dec,-3.14,77777777.77,-3.14,1.0
2751,2751,(주)서원,21050,13-Dec,0.63,-0.32,-0.32,1.0
2784,2784,(주)서진오토모티브,122690,19-Dec,-1.37,0.31,0.31,1.0
2832,2832,(주)선앤엘,2820,19-Dec,-4.01,-2.47,-2.47,1.0
2866,2866,(주)성안,11300,14-Dec,-5.1,77777777.77,-5.1,1.0
2893,2893,(주)세동,53060,13-Dec,0.8,0.82,0.82,1.0
2969,2969,(주)세원물산,24830,14-Dec,-3485.18,77777777.77,-3485.18,1.0
2983,2983,(주)세원정공,21820,19-Jun,176.05,-20.45,-20.45,1.0
3030,3030,(주)세토피아,222810,18-Dec,-3.02,-3.02,-3.02,1.0
3039,3039,(주)센트럴인사이트,12600,13-Dec,-8.67,-6.5,-6.5,1.0
3046,3046,(주)셀루메드,49180,11-Dec,-3.95,-5.37,-5.37,1.0
3055,3055,(주)셀리드,299660,17-Dec,-1249.1,-1249.1,-1249.1,1.0
3064,3064,(주)셀바스에이아이,108860,16-Dec,-8.96,-13.49,-13.49,1.0
3072,3072,(주)셀바스헬스케어,208370,18-Dec,-11.86,-16,-16.0,1.0
3093,3093,(주)셀피글로벌,68940,16-Dec,3.17,0.76,0.76,1.0
3097,3097,(주)소프트센,32680,11-Sep,-11.65,-11.65,-11.65,1.0
3109,3109,(주)손오공,66910,14-Dec,-11.51,-3.04,-3.04,1.0
3116,3116,(주)솔고바이오메디칼,43100,12-Dec,-4.44,-4.55,-4.55,1.0
3133,3133,(주)솔본,35610,13-Dec,0.75,0.75,0.75,1.0
3201,3201,(주)스카이문스테크놀로지,33790,11-Dec,-2052578.47,-2052578,-2052578.0,1.0
3213,3213,(주)스킨앤스킨,159910,15-Dec,-3.32,-3.74,-3.74,1.0
3218,3218,(주)스타플렉스,115570,11-Dec,4.14,-1.11,-1.11,1.0
3231,3231,(주)스튜디오산타클로스엔터테인먼트,204630,18-Dec,0.54,-2.36,-2.36,1.0
3233,3233,(주)스페코,13810,11-Dec,0.62,-0.41,-0.41,1.0
3262,3262,(주)시너지이노베이션,48870,13-Dec,-4.88,-5.02,-5.02,1.0
3305,3305,(주)시티랩스,139050,17-Dec,-32.47,-17.05,-17.05,1.0
3319,3319,(주)신성이엔지,11930,13-Dec,-1.04,-1.04,-1.04,1.0
3439,3439,(주)쌍방울,102280,15-Dec,0.7,0.52,0.52,1.0
3444,3444,(주)썸에이지,208640,14-Dec,-1.82,-1.82,-1.82,1.0
3455,3455,(주)쎄니트,37760,11-Dec,-5.23,-1.6,-1.6,1.0
3475,3475,(주)쎌마테라퓨틱스,15540,13-Dec,-65.61,-49.39,-49.39,1.0
3500,3500,(주)씨씨에스충북방송,66790,11-Dec,-0.11,0.71,0.71,1.0
3511,3511,(주)씨아이테크,4920,13-Dec,-7.6,-5.7,-5.7,1.0
3518,3518,(주)씨에스,65770,11-Dec,-2.59,-1.31,-1.31,1.0
3528,3528,(주)씨에스에이코스믹,83660,12-Dec,-1.86,-2.21,-2.21,1.0
3540,3540,(주)씨엔플러스,115530,15-Dec,-4.72,-5.9,-5.9,1.0
3579,3579,(주)씨티씨바이오,60590,18-Dec,-1.47,-1.54,-1.54,1.0
3592,3592,(주)아가방앤컴퍼니,13990,19-Dec,1.39,-10.89,-10.89,1.0
3602,3602,(주)아난티,25980,11-Dec,-6.29,-6.29,-6.29,1.0
3618,3618,(주)아리온테크놀로지,58220,18-Dec,-1.6,-1.41,-1.41,1.0
3653,3653,(주)아미노로직스,74430,13-Dec,-9.35,-9.36,-9.36,1.0
3689,3689,(주)아센디오,12170,14-Dec,-3.38,-3.38,-3.38,1.0
3695,3695,(주)아스타,246720,17-Dec,-26.21,-47.72,-47.72,1.0
3761,3761,(주)아이앤씨테크놀로지,52860,15-Dec,-45.85,-24.48,-24.48,1.0
3777,3777,(주)아이에스이커머스,69920,13-Dec,-2.41,-3.27,-3.27,1.0
3784,3784,(주)아이에이,38880,11-Dec,-9.2,-9.2,-9.2,1.0
3811,3811,(주)아이엠,101390,18-Dec,-1.76,-1.76,-1.76,1.0
3829,3829,(주)아이오케이컴퍼니,78860,18-Dec,-0.8,-1.13,-1.13,1.0
3842,3842,(주)아이윈플러스,123010,18-Dec,-10.03,-10.03,-10.03,1.0
3844,3844,(주)아이즈비전,31310,11-Dec,-9.74,-7.38,-7.38,1.0
3856,3856,(주)아이컴포넌트,59100,14-Dec,-0.64,-0.64,-0.64,1.0
3862,3862,(주)아이톡시,52770,11-Dec,-4.31,-4.31,-4.31,1.0
3881,3881,(주)아이티엑스에이아이,99520,16-Dec,-8.77,-8.77,-8.77,1.0
3924,3924,(주)알로이스,297570,18-Dec,-1.6,-1.6,-1.6,1.0
3943,3943,(주)알에프세미,96610,19-Dec,-0.4,-0.47,-0.47,1.0
3961,3961,(주)알테오젠,196170,18-Dec,-311.55,-311.55,-311.55,1.0
3969,3969,(주)알톤스포츠,123750,17-Dec,-18.24,-14.42,-14.42,1.0
3986,3986,(주)알파홀딩스,117670,18-Dec,0.75,-3.07,-3.07,1.0
4015,4015,(주)앤씨앤,92600,14-Dec,-42.31,-42.31,-42.31,1.0
4068,4068,(주)에스디시스템,121890,18-Dec,-16.49,-16.49,-16.49,1.0
4108,4108,(주)에스앤더블류,103230,13-Dec,-1.62,-1.62,-1.62,1.0
4174,4174,(주)에스엘바이오닉스,214310,18-Dec,-1.39,-1.5,-1.5,1.0
4179,4179,(주)에스엠라이프디자인그룹,63440,14-Dec,0.45,-6.31,-6.31,1.0
4187,4187,(주)에스엠벡셀,10580,13-Dec,-1.72,-1.72,-1.72,1.0
4206,4206,(주)에스엠컬처앤콘텐츠,48550,14-Dec,-10.32,-12.2,-12.2,1.0
4261,4261,(주)에스지세계물산,4060,14-Dec,-9.67,-14.52,-14.52,1.0
4314,4314,(주)에스티큐브,52020,13-Dec,-3.75,-4.41,-4.41,1.0
4361,4361,(주)에이디칩스,54630,14-Dec,-14.77,-13.91,-13.91,1.0
4380,4380,(주)에이루트,96690,18-Dec,-39.59,-53.66,-53.66,1.0
4422,4422,(주)에이엔피,15260,18-Dec,-3.12,-1.92,-1.92,1.0
4503,4503,(주)에이프로젠헬스케어앤게임즈,109960,11-Dec,-21.05,-21.05,-21.05,1.0
4539,4539,(주)에프알텍,73540,17-Dec,-14.1,-18.89,-18.89,1.0
4542,4542,(주)에프앤리퍼블릭,64090,11-Dec,-0.56,-1.37,-1.37,1.0
4593,4593,(주)엑세스바이오인코퍼레이션,950130,17-Dec,0.09,-4,-4.0,1.0
4596,4596,(주)엑셈,205100,14-Dec,-4.27,-4.27,-4.27,1.0
4635,4635,(주)엔에스엔,31860,15-Dec,-8.86,-8.97,-8.97,1.0
4662,4662,(주)엔지켐생명과학,183490,18-Dec,-132.06,-129.69,-129.69,1.0
4670,4670,(주)엔케이,85310,17-Dec,-1.05,-2.96,-2.96,1.0
4673,4673,(주)엔케이맥스,182400,15-Dec,-91.02,-135.11,-135.11,1.0
4714,4714,(주)엘아이에스,138690,14-Dec,-11.98,-12.24,-12.24,1.0
4725,4725,(주)엘앤에프,66970,14-Dec,1.13,0.27,0.27,1.0
4746,4746,(주)엘에스네트웍스,680,13-Dec,0.19,-0.24,-0.24,1.0
4853,4853,(주)엠게임,58630,13-Dec,-7.48,-7.06,-7.06,1.0
4915,4915,(주)엠피대산,65150,17-Dec,-2.47,-0.09,-0.09,1.0
4961,4961,(주)영풍,670,16-Dec,38.13,-0.56,-0.56,1.0
4972,4972,(주)영흥,12160,18-Dec,-1.93,-0.71,-0.71,1.0
4984,4984,(주)예선테크,250930,17-Dec,-2.42,-2.42,-2.42,1.0
5039,5039,(주)오리엔탈정공,14940,13-Dec,0.26,0.32,0.32,1.0
5049,5049,(주)오리엔트바이오,2630,14-Mar,-5.07,-0.49,-0.49,1.0
5055,5055,(주)오리엔트정공,65500,11-Dec,-4.65,-4.65,-4.65,1.0
5087,5087,(주)오스코텍,39200,13-Dec,-3.3,-1.43,-1.43,1.0
5114,5114,(주)오킨스전자,80580,17-Dec,0.37,0.07,0.07,1.0
5234,5234,(주)와이지플러스,37270,14-Dec,-80.77,-61.76,-61.76,1.0
5242,5242,(주)와이투솔루션,11690,13-Dec,0.33,-0.17,-0.17,1.0
5254,5254,(주)와이티엔,40300,16-Dec,0.63,0.65,0.65,1.0
5265,5265,(주)우리기술,32820,14-Dec,-1.51,-2.18,-2.18,1.0
5296,5296,(주)우성,6980,19-Dec,-1.5,-1.3,-1.3,1.0
5328,5328,(주)우진,105840,18-Dec,0.21,-0.59,-0.59,1.0
5341,5341,(주)웅진,16880,11-Dec,0.97,-0.73,-0.73,1.0
5371,5371,(주)원익,32940,12-Dec,0.45,0.66,0.66,1.0
5449,5449,(주)월덱스,101160,14-Dec,1.45,0.91,0.91,1.0
5458,5458,(주)웨이브일렉트로닉스,95270,13-Dec,-47.76,-16.16,-16.16,1.0
5525,5525,(주)위메이드맥스,101730,17-Dec,23.62,-3.34,-3.34,1.0
5528,5528,(주)위메이드플레이,123420,11-Dec,-3,-3,-3.0,1.0
5568,5568,(주)윈팩,97800,15-Dec,-3.23,-3.23,-3.23,1.0
5613,5613,(주)유니켐,11330,13-Dec,-5.62,-5.62,-5.62,1.0
5697,5697,(주)유신,54930,12-Dec,-1.9,-1.9,-1.9,1.0
5705,5705,(주)유씨아이,38340,11-Dec,0.12,-0.38,-0.38,1.0
5720,5720,(주)유아이디,69330,17-Dec,-7.53,-7.53,-7.53,1.0
5738,5738,(주)유진로봇,56080,14-Dec,0.86,0.58,0.58,1.0
5756,5756,(주)유테크,178780,18-Dec,-3.05,-3.7,-3.7,1.0
5788,5788,(주)이건홀딩스,39020,13-Dec,0.52,0.62,0.62,1.0
5799,5799,(주)이글루코퍼레이션,67920,15-Dec,-37517.58,-38012.98,-38012.98,1.0
5825,5825,(주)이노와이어리스,73490,16-Dec,-90.44,-114.32,-114.32,1.0
5857,5857,(주)이랜시스,264850,18-Dec,-1.52,-1.52,-1.52,1.0
5903,5903,(주)이브이수성,84180,19-Dec,-0.19,-0.28,-0.28,1.0
5909,5909,(주)이브이첨단소재,131400,16-Dec,-3.16,-2.97,-2.97,1.0
5924,5924,(주)이수앱지스,86890,13-Dec,-2.78,-2.78,-2.78,1.0
5939,5939,(주)이수페타시스,7660,19-Dec,4.18,-2.21,-2.21,1.0
5944,5944,(주)이수화학,5950,15-Dec,0.21,0,0.0,1.0
5949,5949,(주)이스타코,15020,11-Dec,-0.68,-0.68,-0.68,1.0
5961,5961,(주)이스트소프트,47560,14-Dec,-0.54,-1.21,-1.21,1.0
5978,5978,(주)이아이디,93230,13-Dec,-2.66,-2.66,-2.66,1.0
5996,5996,(주)이엔코퍼레이션,66980,13-Dec,0.1,0.61,0.61,1.0
6011,6011,(주)이엔플러스,74610,19-Dec,-3.5,-3.98,-3.98,1.0
6031,6031,(주)이엠앤아이,83470,18-Dec,-13.77,-8,-8.0,1.0
6062,6062,(주)이월드,84680,13-Dec,-1.06,-0.81,-0.81,1.0
6115,6115,(주)인디에프,14990,13-Dec,-1.75,-1.88,-1.88,1.0
6134,6134,(주)인바이오젠,101140,14-Dec,-4.82,-4.82,-4.82,1.0
6140,6140,(주)인산가,277410,17-Dec,-0.3,-0.3,-0.3,1.0
6154,6154,(주)인스코비,6490,13-Dec,-45.21,-45.25,-45.25,1.0
6165,6165,(주)인지디스플레이,37330,15-Dec,7.82,-0.02,-0.02,1.0
6201,6201,(주)인터플렉스,51370,15-Dec,-27.69,-23.42,-23.42,1.0
6210,6210,(주)인텍플러스,64290,15-Dec,0.96,0.96,0.96,1.0
6223,6223,(주)인트로메딕,150840,17-Dec,-0.9,-0.9,-0.9,1.0
6226,6226,(주)인트론바이오테크놀로지,48530,11-Dec,0.65,0.65,0.65,1.0
6276,6276,(주)일신바이오베이스,68330,19-Dec,0.02,0.01,0.01,1.0
6282,6282,(주)일신석재,7110,16-Dec,-6.6,-6.6,-6.6,1.0
6294,6294,(주)일야,58450,19-Dec,-9.4,-5.8,-5.8,1.0
6303,6303,(주)일지테크,19540,19-Dec,2.9,-2.46,-2.46,1.0
6322,6322,(주)잉크테크,49550,15-Dec,-1.61,-1.57,-1.57,1.0
6327,6327,(주)자비스,254120,16-Dec,-0.67,-0.67,-0.67,1.0
6331,6331,(주)자연과환경,43910,11-Dec,-7.94,-7.76,-7.76,1.0
6370,6370,(주)제넥신,95700,13-Dec,-3.62,-3.62,-3.62,1.0
6381,6381,(주)제넨바이오,72520,15-Dec,-14.12,-8.24,-8.24,1.0
6401,6401,(주)제닉,123330,19-Dec,-4.67,-3.87,-3.87,1.0
6405,6405,(주)제로투세븐,159580,16-Dec,-20.42,-24.91,-24.91,1.0
6450,6450,(주)제이에스티나,26040,19-Dec,-81.21,-82.26,-82.26,1.0
6454,6454,(주)제이와이피엔터테인먼트,35900,13-Dec,-4.1,-4.41,-4.41,1.0
6463,6463,(주)제이웨이,58420,13-Dec,-15.24,-18.05,-18.05,1.0
6476,6476,(주)제이티,89790,17-Dec,0.53,0.53,0.53,1.0
6510,6510,(주)제주반도체,80220,14-Dec,-30.98,-28.65,-28.65,1.0
6526,6526,(주)젬백스&카엘,82270,15-Dec,1.91,-0.67,-0.67,1.0
6609,6609,(주)주연테크,44380,19-Dec,-16.65,-12.98,-12.98,1.0
6614,6614,(주)중앙디앤엠,51980,15-Dec,-17.04,-17.87,-17.87,1.0
6661,6661,(주)지어소프트,51160,12-Dec,-76.67,-53.46,-53.46,1.0
6752,6752,(주)진매트릭스,109820,13-Dec,-9.94,-8.76,-8.76,1.0
6825,6825,(주)체시스,33250,19-Jun,-1.66,-0.85,-0.85,1.0
6830,6830,(주)초록뱀미디어,47820,15-Dec,-8.91,-8.86,-8.86,1.0
6838,6838,(주)초록뱀이앤엠,131100,14-Dec,-0.95,-2.08,-2.08,1.0
6843,6843,(주)초록뱀컴퍼니,52300,11-Dec,41.64,-38.52,-38.52,1.0
6852,6852,(주)초록뱀헬스케어,118000,11-Dec,-1.63,-1.63,-1.63,1.0
6875,6875,(주)카스,16920,16-Dec,1.05,0.94,0.94,1.0
6887,6887,(주)카프로,6380,14-Dec,-15.05,-15.05,-15.05,1.0
6926,6926,(주)컴투스홀딩스,63080,19-Dec,-5.4,-6.02,-6.02,1.0
6927,6927,(주)케스피온,79190,11-Dec,-7.2,-6.4,-6.4,1.0
6971,6971,(주)케이씨씨건설,21320,14-Dec,0.05,0.05,0.05,1.0
7047,7047,(주)케이에스피,73010,15-Dec,-1.12,-1.12,-1.12,1.0
7059,7059,(주)케이에이치바텍,60720,18-Dec,0.41,-5.86,-5.86,1.0
7081,7081,(주)케이엑스하이텍,52900,13-Dec,0.46,0.27,0.27,1.0
7130,7130,(주)케이엠더블유,32500,16-Dec,-2.18,-2.03,-2.03,1.0
7136,7136,(주)케이이씨,92220,13-Dec,-0.14,-0.66,-0.66,1.0
7227,7227,(주)케이프,64820,14-Dec,-0.79,-1.53,-1.53,1.0
7247,7247,(주)케이피엠테크,42040,13-Dec,-3.11,-2.12,-2.12,1.0
7267,7267,(주)켐온,217600,16-Dec,-1.01,-1.01,-1.01,1.0
7276,7276,(주)켐트로닉스,89010,16-Dec,0.2,0.16,0.16,1.0
7293,7293,(주)코다코,46070,19-Dec,-0.68,-0.78,-0.78,1.0
7297,7297,(주)코데즈컴바인,47770,14-Dec,-19.13,-17.85,-17.85,1.0
7306,7306,(주)코디,80530,14-Dec,-1.15,0.84,0.84,1.0
7315,7315,(주)코디엠,224060,18-Dec,-13.64,-15.69,-15.69,1.0
7326,7326,(주)코리아나화장품,27050,13-Dec,1.1,-3.12,-3.12,1.0
7375,7375,(주)코미팜,41960,13-Dec,0.46,0.4,0.4,1.0
7386,7386,(주)코세스,89890,15-Dec,-0.18,-0.18,-0.18,1.0
7398,7398,(주)코센,9730,18-Dec,-0.25,-0.25,-0.25,1.0
7400,7400,(주)코스나인,82660,11-Dec,-4.57,-9.06,-9.06,1.0
7423,7423,(주)코썬바이오,204990,17-Dec,-618.32,-1441.11,-1441.11,1.0
7432,7432,(주)코아스,71950,17-Dec,0.19,0.44,0.44,1.0
7438,7438,(주)코아시아,45970,14-Dec,3.08,-3.23,-3.23,1.0
7447,7447,(주)코아시아옵틱스,196450,17-Dec,0.3,-0.35,-0.35,1.0
7462,7462,(주)코오롱,2020,14-Dec,1.36,0.8,0.8,1.0
7470,7470,(주)코원플레이,56000,13-Dec,-7.39,-5.27,-5.27,1.0
7481,7481,(주)코이즈,121850,15-Dec,-2.81,-1.92,-1.92,1.0
7529,7529,(주)큐로,15590,16-Dec,-2.37,-2.37,-2.37,1.0
7535,7535,(주)큐로컴,40350,13-Dec,1.1,-3.91,-3.91,1.0
7542,7542,(주)큐로홀딩스,51780,11-Dec,0.48,-0.57,-0.57,1.0
7612,7612,(주)클래시스,214150,15-Dec,-1.32,-1.32,-1.32,1.0
7705,7705,(주)태웅,44490,19-Dec,-3.67,-3.67,-3.67,1.0
7758,7758,(주)텔콘알에프제약,200230,17-Dec,-2.6,-3.6,-3.6,1.0
7782,7782,(주)토탈소프트뱅크,45340,13-Dec,-57.39,-57.39,-57.39,1.0
7806,7806,(주)투비소프트,79970,19-Dec,-3.35,-6.45,-6.45,1.0
7810,7810,(주)트루윈,105550,17-Dec,-1.56,-1.56,-1.56,1.0
7814,7814,(주)특수건설,26150,12-Dec,0.38,0.38,0.38,1.0
7845,7845,(주)티사이언티픽,57680,13-Dec,-16.43,-16.43,-16.43,1.0
7864,7864,(주)티에스넥스젠,43220,12-Dec,-17.98,-17.98,-17.98,1.0
7885,7885,(주)티에이치엔,19180,14-Dec,1.43,0.09,0.09,1.0
7904,7904,(주)티웨이홀딩스,4870,12-Dec,-4.47,-4.47,-4.47,1.0
7915,7915,(주)티케이케미칼,104480,14-Dec,0.42,0.42,0.42,1.0
7949,7949,(주)파나진,46210,12-Dec,-2.76,-2.76,-2.76,1.0
7975,7975,(주)파루,43200,11-Dec,-9.32,-8.8,-8.8,1.0
8033,8033,(주)파인디앤씨,49120,13-Dec,-2.72,-1.51,-1.51,1.0
8056,8056,(주)파인테크닉스,106240,18-Dec,-7.29,-6.75,-6.75,1.0
8089,8089,(주)판타지오,32800,14-Dec,-68.93,-17.4,-17.4,1.0
8118,8118,(주)팬스타엔터프라이즈,54300,15-Dec,-0.28,-0.28,-0.28,1.0
8127,8127,(주)팬엔터테인먼트,68050,15-Dec,-6.21,-6.42,-6.42,1.0
8134,8134,(주)팬젠,222110,18-Dec,-5.89,-5.89,-5.89,1.0
8277,8277,(주)퓨쳐켐,220100,18-Dec,-2.91,-3.1,-3.1,1.0
8293,8293,(주)프로스테믹스,203690,19-Dec,-20.75,-23.52,-23.52,1.0
8319,8319,(주)플래스크,41590,17-Dec,0.07,-0.21,-0.21,1.0
8337,8337,(주)플레이그램,9810,17-Dec,-4.17,-4.17,-4.17,1.0
8340,8340,(주)플레이위드,23770,11-Dec,-5.11,-7.92,-7.92,1.0
8373,8373,(주)피에스엠씨,24850,16-Dec,-77.92,-33.98,-33.98,1.0
8377,8377,(주)피에이치씨,57880,12-Dec,-10.25,-7.85,-7.85,1.0
8472,8472,(주)하이소닉,106080,18-Dec,-1.25,-1.87,-1.87,1.0
8478,8478,(주)하이스틸,71090,15-Dec,-3.18,-3.18,-3.18,1.0
8493,8493,(주)하이트론씨스템즈,19490,12-Dec,-20.2,-22.7,-22.7,1.0
8534,8534,(주)한국전자홀딩스,6200,13-Dec,-0.85,-1.78,-1.78,1.0
8549,8549,(주)한국종합기술,23350,19-Dec,-1.34,-1.34,-1.34,1.0
8564,8564,(주)한국코퍼레이션,50540,16-Dec,0.65,0.66,0.66,1.0
8579,8579,(주)한국테크놀로지,53590,13-Dec,-48.78,-48.78,-48.78,1.0
8589,8589,(주)한국특강,7280,14-Dec,0.11,0.11,0.11,1.0
8598,8598,(주)한국팩키지,37230,14-Dec,-30.81,-30.81,-30.81,1.0
8606,8606,(주)한국화장품제조,3350,13-Dec,-0.4,-0.4,-0.4,1.0
8653,8653,(주)한라,14790,14-Dec,0.13,0.38,0.38,1.0
8683,8683,(주)한빛소프트,47080,17-Dec,-2.1,-8.88,-8.88,1.0
8743,8743,(주)한일진공,123840,18-Dec,4.82,0.34,0.34,1.0
8752,8752,(주)한진,2320,18-Dec,0.81,0.77,0.77,1.0
8757,8757,(주)한진중공업홀딩스,3480,14-Dec,5.46,-1.8,-1.8,1.0
8784,8784,(주)한창바이오텍,43090,16-Dec,-3.32,-3.32,-3.32,1.0
8801,8801,(주)한컴위드,54920,15-Dec,-0.61,-0.61,-0.61,1.0
8806,8806,(주)한탑,2680,11-Dec,0.14,0,0.0,1.0
8842,8842,(주)헬릭스미스,84990,19-Dec,-7.75,-7.05,-7.05,1.0
8936,8936,(주)형지아이앤씨,11080,11-Dec,-10.34,-10.34,-10.34,1.0
8952,8952,(주)형지엘리트,93240,18-Jun,4.02,-0.52,-0.52,1.0
8979,8979,(주)홈센타홀딩스,60560,18-Dec,1.44,-1.14,-1.14,1.0
8989,8989,(주)홈캐스트,64240,19-Dec,-11.3,-25.76,-25.76,1.0
9020,9020,(주)화신,10690,19-Dec,1.398965774,0.118158037,0.118158037,1.0
9057,9057,(주)후성,93370,14-Dec,-2.53720497,-1.905837067,-1.905837067,1.0
9076,9076,(주)휴니드테크놀러지스,5870,13-Dec,0.091107979,77777777.77,0.091107979,1.0
9104,9104,(주)휴먼엔,32860,14-Dec,-2.473451518,77777777.77,-2.473451518,1.0
9226,9226,KG스틸(주),16380,13-Dec,0.111106466,0.127686619,0.127686619,1.0
9264,9264,OCI(주),10060,15-Dec,-1.462609435,-1.945431304,-1.945431304,1.0
9299,9299,ST엔진(주),77970,14-Dec,0.271952652,0.244316194,0.244316194,1.0
9309,9309,ST중공업(주),71970,15-Dec,0.174291728,0.164403779,0.164403779,1.0
9314,9314,가온미디어(주),78890,11-Dec,-2.908457096,-3.285425331,-3.285425331,1.0
9334,9334,감성코퍼레이션(주),36620,13-Dec,-2.590010574,77777777.77,-2.590010574,1.0
9351,9351,갤럭시아머니트리(주),94480,12-Dec,1.06581798,-0.79069153,-0.79069153,1.0
9478,9478,광전자(주),17900,13-Dec,-44.80403196,-17.14937792,-17.14937792,1.0
9510,9510,국일제지(주),78130,12-Dec,2.011728773,0.272433008,0.272433008,1.0
9521,9521,국제약품(주),2720,14-Dec,-1.057631093,-1.032225632,-1.032225632,1.0
9581,9581,글로본(주),19660,19-Dec,-2.16676542,77777777.77,-2.16676542,1.0
9582,9582,금강공업(주),14280,11-Dec,1.280576132,0.908430723,0.908430723,1.0
9621,9621,금호전기(주),1210,14-Dec,-1.184719798,0.354412127,0.354412127,1.0
9627,9627,금호타이어(주),73240,11-Dec,2.337079726,0.970059309,0.970059309,1.0
9662,9662,깨끗한나라(주),4540,19-Dec,0.359592755,0.462100894,0.462100894,1.0
9669,9669,나노캠텍(주),91970,17-Dec,0.503737654,-6.805782499,-6.805782499,1.0
9705,9705,남광토건(주),1260,13-Dec,-1.053706701,-1.075612255,-1.075612255,1.0
9774,9774,뉴지랩파마(주),214870,18-Dec,-3.082430839,-3.405971883,-3.405971883,1.0
9776,9776,다믈멀티미디어(주),93640,11-Dec,-6.103633456,77777777.77,-6.103633456,1.0
9806,9806,대동기어(주),8830,14-Dec,0.147173399,77777777.77,0.147173399,1.0
9815,9815,대동전자(주),8110,14-Mar,77777777.77,-1371.501344,-1371.501344,1.0
9823,9823,대림비앤코(주),5750,13-Dec,1.790210385,0.422320447,0.422320447,1.0
9832,9832,대림통상(주),6570,13-Dec,1.12256837,0.226046723,0.226046723,1.0
9871,9871,대성산업(주),128820,13-Dec,-2.096246226,-2.258913296,-2.258913296,1.0
9943,9943,대우전자부품(주),9320,13-Dec,-0.603530064,-1.635753372,-1.635753372,1.0
9955,9955,대우조선해양(주),42660,16-Dec,-20.40023944,-13.27187803,-13.27187803,1.0
10035,10035,대주전자재료(주),78600,15-Dec,-1.995050667,-1.805458624,-1.805458624,1.0
10053,10053,대한광통신(주),10170,15-Dec,-0.955341185,-1.00853796,-1.00853796,1.0
10061,10061,대한그린파워(주),60900,14-Dec,-2.074029541,77777777.77,-2.074029541,1.0
10078,10078,대한방직(주),1070,13-Dec,0.606667186,0.005977295,0.005977295,1.0
10105,10105,대한전선(주),1440,13-Dec,-2.793728632,-1.694017374,-1.694017374,1.0
10141,10141,대한해운(주),5880,13-Dec,0.997202949,77777777.77,0.997202949,1.0
10151,10151,대한화섬(주),3830,14-Dec,-13.68517842,77777777.77,-13.68517842,1.0
10168,10168,더이앤엠(주),89230,13-Dec,-2.440981126,77777777.77,-2.440981126,1.0
10206,10206,데브시스터즈(주),194480,19-Dec,-28.10124629,-260.7784661,-260.7784661,1.0
10228,10228,동국제강(주),1230,14-Dec,-0.468202779,-0.105272068,-0.105272068,1.0
10245,10245,동부건설(주),5960,13-Dec,-2.173857924,-1.004780686,-1.004780686,1.0
10256,10256,동성제약(주),2210,15-Dec,0.84100668,77777777.77,0.84100668,1.0
10314,10314,동양철관(주),8970,18-Dec,-3.106079025,-2.347729752,-2.347729752,1.0
10344,10344,동원수산(주),30720,14-Dec,-6.322870467,-5.259252804,-5.259252804,1.0
10392,10392,동일철강(주),23790,13-Dec,-0.655736207,77777777.77,-0.655736207,1.0
10522,10522,디젠스(주),113810,19-Dec,2.257589789,-1.696406865,-1.696406865,1.0
10545,10545,램테크놀러지(주),171010,16-Dec,-1.904194449,-1.832081786,-1.832081786,1.0
10565,10565,롯데관광개발(주),32350,13-Dec,0.044482879,0.469630528,0.469630528,1.0
10585,10585,롯데정밀화학(주),4000,15-Dec,1.023790508,0.191304289,0.191304289,1.0
10645,10645,마이크로로봇(주),182690,19-Dec,-7.338075192,-4.668823047,-4.668823047,1.0
10687,10687,메디앙스(주),14100,12-Dec,-0.355296996,77777777.77,-0.355296996,1.0
10698,10698,메디포스트(주),78160,14-Dec,-0.634211717,-2.900224534,-2.900224534,1.0
10707,10707,명문제약(주),17180,14-Dec,1.982378896,0.953542584,0.953542584,1.0
10762,10762,미래나노텍(주),95500,15-Dec,1.789692711,-0.401442908,-0.401442908,1.0
10768,10768,미래산업(주),25560,12-Dec,-3.87637114,-3.87637114,-3.87637114,1.0
10829,10829,바이온(주),32980,13-Jun,-13.19238374,-54.56479317,-54.56479317,1.0
10847,10847,범양건영(주),2410,13-Dec,-2.268871878,77777777.77,-2.268871878,1.0
10856,10856,베뉴지(주),19010,13-Dec,-0.046249432,-0.068121279,-0.068121279,1.0
10870,10870,보성파워텍(주),6910,18-Dec,0.355750479,-1.394592733,-1.394592733,1.0
10872,10872,보해양조(주),890,11-Dec,0.773680053,0.579227128,0.579227128,1.0
10933,10933,비케이탑스(주),30790,14-Dec,77777777.77,0.111267047,0.111267047,1.0
10953,10953,사조동아원(주),8040,13-Dec,77777777.77,0.153158392,0.153158392,1.0
10985,10985,삼강엠앤티(주),100090,19-Dec,77777777.77,-1.424492567,-1.424492567,1.0
11020,11020,삼보산업(주),9620,18-Dec,77777777.77,0.499500954,0.499500954,1.0
11022,11022,삼부토건(주),1470,11-Dec,77777777.77,-1.778510783,-1.778510783,1.0
11098,11098,삼성제약(주),1360,17-Dec,77777777.77,-2.65629382,-2.65629382,1.0
11107,11107,삼성중공업(주),10140,17-Dec,77777777.77,-10.11434484,-10.11434484,1.0
11186,11186,삼영화학공업(주),3720,15-Dec,77777777.77,-10.63269533,-10.63269533,1.0
11202,11202,삼일제약(주),520,13-Dec,77777777.77,-1.457314212,-1.457314212,1.0
11253,11253,삼천리자전거(주),24950,19-Dec,77777777.77,-3.514332011,-3.514332011,1.0
11292,11292,삼화전자공업(주),11230,13-Dec,77777777.77,-0.268675746,-0.268675746,1.0
11398,11398,서울전자통신(주),27040,13-Dec,77777777.77,0.984447792,0.984447792,1.0
11426,11426,성문전자(주),14910,14-Dec,77777777.77,-4.694392644,-4.694392644,1.0
11460,11460,성우테크론(주),45300,12-Dec,77777777.77,-0.219589488,-0.219589488,1.0
11471,11471,성창기업지주(주),180,14-Dec,77777777.77,-0.045075659,-0.045075659,1.0
11480,11480,성호전자(주),43260,14-Dec,77777777.77,-0.436103194,-0.436103194,1.0
11486,11486,세기상사(주),2420,11-Dec,77777777.77,-0.546718017,-0.546718017,1.0
11524,11524,세원이앤씨(주),91090,13-Dec,77777777.77,-1.440001428,-1.440001428,1.0
11542,11542,세종텔레콤(주),36630,13-Dec,77777777.77,-5.802225146,-5.802225146,1.0
11563,11563,소니드(주),60230,16-Dec,77777777.77,0.113782448,0.113782448,1.0
11639,11639,신라젠(주),215600,18-Dec,77777777.77,-115.2214919,-115.2214919,1.0
11673,11673,신송홀딩스(주),6880,18-Dec,77777777.77,-2.434620276,-2.434620276,1.0
11716,11716,신풍제지(주),2870,13-Dec,-4.415373673,-5.442886048,-5.442886048,1.0
11746,11746,쌍용자동차(주),3620,13-Dec,-1.217222811,-1.024658322,-1.024658322,1.0
11758,11758,쌍용정보통신(주),10280,16-Dec,-6.328230329,-6.097018104,-6.097018104,1.0
11764,11764,써니전자(주),4770,13-Dec,0.86226321,-5.814091563,-5.814091563,1.0
11778,11778,씨비아이(주),13720,18-Dec,0.534794019,77777777.77,0.534794019,1.0
11790,11790,씨앤티85(주),56730,14-Dec,-2.009590461,-2.038347912,-2.038347912,1.0
11878,11878,아남전자(주),8700,13-Dec,4.001991065,0.38995998,0.38995998,1.0
11893,11893,아비코전자(주),36010,12-Dec,0.745829875,-0.343548149,-0.343548149,1.0
11932,11932,아시아나항공(주),20560,15-Dec,0.066675501,0.559173844,0.559173844,1.0
11953,11953,아이진(주),185490,17-Dec,-220.3509829,77777777.77,-220.3509829,1.0
11956,11956,아이큐어(주),175250,18-Dec,-10.0234649,-11.59587598,-11.59587598,1.0
12025,12025,애머릿지코퍼레이션,900100,11-Dec,-0.18,-8.8,-8.8,1.0
12034,12034,앱클론(주),174900,17-Dec,-33.02,-33.02,-33.02,1.0
12058,12058,에스디엔(주),99220,14-Dec,-0.04,0.25,0.25,1.0
12069,12069,에스맥(주),97780,16-Dec,1.66,-0.97,-0.97,1.0
12078,12078,에스비더블유생명과학(주),151910,17-Dec,-5.24,-4.2,-4.2,1.0
12136,12136,에스지씨에너지(주),5090,18-Dec,-2.49,-1.98,-1.98,1.0
12155,12155,에스지에이(주),49470,19-Dec,-3.22,-4.82,-4.82,1.0
12271,12271,에쓰씨엔지니어링(주),23960,13-Dec,0.7,-1.61,-1.61,1.0
12312,12312,에이치에스디엔진(주),82740,15-Dec,-5.04,-4.83,-4.83,1.0
12317,12317,에이치엘비(주),28300,11-Dec,0.54,0.86,0.86,1.0
12326,12326,에이치엘비글로벌(주),3580,11-Dec,-9.56,-5.94,-5.94,1.0
12335,12335,에이치엘비생명과학(주),67630,11-Dec,77777777.77,-2.39,-2.39,1.0
12344,12344,에이치엘비제약(주),47920,15-Dec,-1.46,-1.46,-1.46,1.0
12351,12351,에이치엘비테라퓨틱스(주),115450,13-Dec,-1.85,0.18,0.18,1.0
12358,12358,에이치엠엠(주),11200,11-Dec,-1.26,-1.4,-1.4,1.0
12387,12387,에이프로젠제약(주),3060,13-Dec,-53.9,-42.64,-42.64,1.0
12405,12405,에이피에스홀딩스(주),54620,19-Dec,-47.75,-8.66,-8.66,1.0
12419,12419,에코바이오홀딩스(주),38870,18-Dec,1.84,0.88,0.88,1.0
12440,12440,엑스큐어(주),70300,16-Dec,-107.34,-107.34,-107.34,1.0
12454,12454,엔시트론(주),101400,14-Dec,-4.17,-5.16,-5.16,1.0
12532,12532,엘컴텍(주),37950,13-Dec,-1.67,-2.3,-2.3,1.0
12645,12645,오성첨단소재(주),52420,11-Dec,-1.02,0.3,0.3,1.0
12671,12671,옴니시스템(주),57540,12-Dec,-1.83,-5.93,-5.93,1.0
12729,12729,우리바이오(주),82850,18-Dec,0.43,-1.37,-1.37,1.0
12756,12756,우리엔터프라이즈(주),37400,18-Dec,0.83,-1.25,-1.25,1.0
12760,12760,우리이앤엘(주),153490,15-Dec,0.7,0.04,0.04,1.0
12798,12798,우진비앤지(주),18620,17-Dec,-3.14,-3.14,-3.14,1.0
12818,12818,웰바이오텍(주),10600,18-Dec,0.1,-2.72,-2.72,1.0
12846,12846,유니슨(주),18000,13-Dec,-2.55,-2.65,-2.65,1.0
12908,12908,유진기업(주),23410,12-Dec,-0.2,0.08,0.08,1.0
12936,12936,이구산업(주),25820,13-Dec,-1.33,-1.33,-1.33,1.0
12943,12943,이노시스(주),56090,15-Dec,-2.64,-2.64,-2.64,1.0
12973,12973,이엠코리아(주),95190,18-Dec,2.27,-0.55,-0.55,1.0
12989,12989,이원컴포텍(주),88290,14-Dec,-0.09,-3.73,-3.73,1.0
13001,13001,이트론(주),96040,16-Dec,-28.18,-28.18,-28.18,1.0
13017,13017,이화산업(주),760,14-Mar,-0.8,-0.38,-0.38,1.0
13023,13023,이화전기공업(주),24810,11-Dec,1.16,0.66,0.66,1.0
13043,13043,인선이엔티(주),60150,13-Dec,0.43,0.04,0.04,1.0
13106,13106,인화정공(주),101930,18-Dec,-0.81,-0.52,-0.52,1.0
13119,13119,일동홀딩스(주),230,18-Dec,9.14,-0.29,-0.29,1.0
13151,13151,일양약품(주),7570,14-Mar,0.86,0.86,0.86,1.0
13165,13165,일정실업(주),8500,19-Dec,-23.03,-32.03,-32.03,1.0
13187,13187,일진머티리얼즈(주),20150,14-Dec,-0.14,-5.19,-5.19,1.0
13229,13229,재영솔루텍(주),49630,11-Dec,0.82,0.77,0.77,1.0
13240,13240,전방(주),950,13-Dec,0.9,0.74,0.74,1.0
13247,13247,전진바이오팜(주),110020,18-Dec,-16.98,-16.98,-16.98,1.0
13252,13252,제너셈(주),217190,18-Dec,-4.26,-4.26,-4.26,1.0
13278,13278,제이더블유신약(주),67290,14-Dec,3.97,0.99,0.99,1.0
13284,13284,제이더블유중외제약(주),1060,11-Dec,0.67,0.67,0.67,1.0
13294,13294,제이더블유홀딩스(주),96760,12-Dec,-1.74,0.07,0.07,1.0
13303,13303,제이스코홀딩스(주),23440,12-Dec,-3.73,-3.73,-3.73,1.0
13340,13340,제이엠아이(주),33050,13-Dec,-54.67,-6.87,-6.87,1.0
13347,13347,제이엠티(주),94970,11-Dec,4.21,-1.19,-1.19,1.0
13358,13358,제이준코스메틱(주),25620,13-Dec,-6.48,-5.61,-5.61,1.0
13436,13436,조아제약(주),34940,16-Dec,0.48,-0.01,-0.01,1.0
13445,13445,조일알미늄(주),18470,16-Dec,-0.87,-0.87,-0.87,1.0
13449,13449,주성엔지니어링(주),36930,11-Dec,0.32,0.23,0.23,1.0
13460,13460,줌인터넷(주),239340,18-Dec,77777777.77,-5.82,-5.82,1.0
13467,13467,지나인제약(주),78650,16-Dec,-3.59,-2.76,-2.76,1.0
13504,13504,지엘팜텍(주),204840,16-Dec,-36.46,-36.46,-36.46,1.0
13531,13531,진양제약(주),7370,17-Dec,-12.35,-12.35,-12.35,1.0
13551,13551,진양화학(주),51630,19-Dec,-625.3,-625.3,-625.3,1.0
13552,13552,진원생명과학(주),11000,11-Dec,-17.42,-21.59,-21.59,1.0
13561,13561,진흥기업(주),2780,11-Dec,-4.87,-4.86,-4.86,1.0
13588,13588,참존글로벌(주),158310,16-Dec,-9.54,-11.2,-11.2,1.0
13606,13606,커머스마이너 (주),223310,18-Dec,-1.61,-4.22,-4.22,1.0
13608,13608,컨버즈(주),109070,11-Dec,-1.59,-1.59,-1.59,1.0
13639,13639,케이비아이동국실업(주),1620,19-Dec,-1.01,-2.13,-2.13,1.0
13640,13640,케이비아이메탈(주),24840,11-Dec,0.59,0.59,0.59,1.0
13662,13662,케이씨코트렐(주),119650,15-Dec,-35.95,-32.26,-32.26,1.0
13670,13670,케이알모터스(주),40,14-Dec,-4.45,-4.6,-4.6,1.0
13676,13676,케이에이치건설(주),226360,15-Dec,77777777.77,-2.01,-2.01,1.0
13691,13691,케이엠제약(주),225430,16-Dec,77777777.77,-2.43,-2.43,1.0
13745,13745,코나아이(주),52400,18-Dec,-22.81,-22.97,-22.97,1.0
13747,13747,코드네이처(주),78940,11-Dec,-0.33,-0.22,-0.22,1.0
13786,13786,코스모신소재(주),5070,12-Dec,-1.95,-1.95,-1.95,1.0
13797,13797,코스모화학(주),5420,14-Dec,-1.91,-1.73,-1.73,1.0
13806,13806,코아스템(주),166480,18-Dec,77777777.77,-235.07,-235.07,1.0
13811,13811,코오롱글로벌(주),3070,14-Dec,0.05,0.12,0.12,1.0
13825,13825,코오롱생명과학(주),102940,19-Dec,-7.09,-7.09,-7.09,1.0
13890,13890,큐렉소(주),60280,13-Dec,5.59,-172.33,-172.33,1.0
13901,13901,크로바하이텍(주),43590,15-Dec,-3.53,-4.96,-4.96,1.0
13909,13909,크루셜텍(주),114120,14-Dec,-4.59,-1.5,-1.5,1.0
13915,13915,크리스탈지노믹스(주),83790,11-Dec,-18.98,-20.73,-20.73,1.0
14005,14005,테라사이언스(주),73640,14-Dec,-1.31,-1.61,-1.61,1.0
14027,14027,티와이엠(주),2900,18-Dec,1.07,-0.49,-0.49,1.0
14040,14040,티케이지애강(주),22220,13-Dec,-0.37,-0.37,-0.37,1.0
14073,14073,파나케이아(주),58530,19-Dec,0.12,0.36,0.36,1.0
14074,14074,파미셀(주),5690,11-Dec,-8.31,-9.14,-9.14,1.0
14085,14085,팜젠사이언스(주),4720,13-Dec,-8.56,-8.94,-8.94,1.0
14099,14099,팬오션(주),28670,13-Dec,-2.01,-1.31,-1.31,1.0
14113,14113,퍼스텍(주),10820,18-Dec,-24.34,-24.34,-24.34,1.0
14120,14120,페이퍼코리아(주),1020,15-Dec,-1.66,-2.67,-2.67,1.0
14125,14125,평화산업(주),90080,11-Dec,-0.14,-0.24,-0.24,1.0
14134,14134,평화홀딩스(주),10770,11-Dec,2.44,0.02,0.02,1.0
14143,14143,포스코스틸리온(주),58430,11-Dec,-5.73,-5.73,-5.73,1.0
14368,14368,한국전력공사(주),15760,13-Dec,0.17,0.64,0.64,1.0
14405,14405,한국정밀기계(주),101680,14-Dec,-18.03,-18.03,-18.03,1.0
14411,14411,한국정보공학(주),39740,11-Dec,2.25,-1.85,-1.85,1.0
14452,14452,한국주강(주),25890,19-Dec,-13.08,-13.08,-13.08,1.0
14453,14453,한국주철관공업(주),970,11-Mar,1.9,0.23,0.23,1.0
14471,14471,한국철강(주),104700,11-Dec,-26.91,-26.91,-26.91,1.0
14533,14533,한국화장품(주),123690,13-Dec,-1.04,-5.31,-5.31,1.0
14644,14644,한솔테크닉스(주),4710,13-Dec,-0.61,-0.77,-0.77,1.0
14725,14725,한올바이오파마(주),9420,13-Dec,-9.34,-9.45,-9.45,1.0
14758,14758,한일사료(주),5860,19-Dec,0.55,0.55,0.55,1.0
14763,14763,한일철강(주),2220,13-Dec,0.68,0.53,0.53,1.0
14770,14770,한일현대시멘트(주),6390,11-Dec,0.93,0.28,0.28,1.0
14827,14827,한화솔루션(주),9830,14-Dec,0.48,0.66,0.66,1.0
14862,14862,해성옵틱스(주),76610,19-Dec,0.87,0.31,0.31,1.0
14912,14912,현대로템(주),64350,19-Dec,-8.33,-5.73,-5.73,1.0
14925,14925,현대바이오사이언스(주),48410,13-Dec,-18.28,-16.73,-16.73,1.0
15017,15017,현우산업(주),92300,14-Dec,-2.26,-2.26,-2.26,1.0
15115,15115,휴림로봇(주),90710,14-Dec,-6.89,-6.51,-6.51,1.0
15121,15121,휴마시스(주),205470,14-Dec,77777777.77,-0.76,-0.76,1.0
15148,15148,흥아해운(주),3280,18-Dec,-1.26,-1.16,-1.16,1.0
