회사명,거래소코드,회계년도,상장일,설립일
(주)CMG제약,58820,2011/12,2001/08/31,2001/08/01
(주)DB하이텍,990,2011/12,1975/12/12,1953/04/28
(주)ES큐브,50120,2011/12,2002/04/25,1977/06/20
(주)HJ중공업,97230,2011/12,2007/08/31,2007/08/03
(주)MH에탄올,23150,2011/12,1996/12/24,1978/07/04
(주)SH에너지화학,2360,2011/12,1985/12/23,1958/05/09
(주)SIMPAC,9160,2011/12,1989/07/29,1973/08/09
(주)SNT에너지,100840,2011/12,2008/02/22,2008/02/05
(주)SNT홀딩스,36530,2011/12,2002/10/22,1982/09/27
(주)STX,11810,2011/12,1990/09/12,1976/12/24
(주)TCC스틸,2710,2011/12,1984/12/21,1959/07/16
(주)가비아,79940,2011/12,2005/10/19,1999/09/21
(주)강스템바이오텍,217730,2015/12,2015/12/21,2010/10/29
(주)강원랜드,35250,2011/12,2003/09/04,1998/06/29
(주)강원에너지,114190,2011/11,2009/11/20,1976/02/06
(주)갤럭시아에스엠,11420,2011/12,1989/11/14,1975/05/06
(주)경농,2100,2011/12,1977/06/30,1957/07/12
(주)경동나비엔,9450,2011/12,1993/08/31,1978/11/03
(주)경동도시가스,267290,2017/12,2017/05/12,2017/04/01
(주)경동인베스트,12320,2011/12,1997/03/07,1977/06/15
(주)경방,50,2011/12,1956/03/03,1919/10/05
(주)경보제약,214390,2015/12,2015/06/29,1987/03/31
(주)경인양행,12610,2011/12,1995/10/05,1977/10/14
(주)고려시멘트,198440,2014/12,2014/08/13,2014/04/28
(주)고영테크놀러지,98460,2011/12,2008/06/03,2002/04/25
(주)골드앤에스,35290,2011/12,1999/12/07,1994/11/14
(주)골드퍼시픽,38530,2011/12,2000/06/09,1997/06/24
(주)골프존,215000,2015/12,2015/04/03,2015/03/03
(주)골프존뉴딘홀딩스,121440,2011/12,2011/05/20,2000/05/08
(주)광림,14200,2011/12,1993/07/07,1980/03/13
(주)광명전기,17040,2011/12,1990/09/14,1955/07/01
(주)광무,29480,2011/12,1996/08/27,1972/07/25
(주)광주신세계,37710,2011/12,2002/02/07,1995/04/10
(주)구영테크,53270,2011/12,2002/02/07,1989/11/09
(주)국동,5320,2011/12,1996/12/24,1967/12/08
(주)국보,1140,2011/12,1989/12/02,1953/12/28
(주)국보디자인,66620,2011/12,2002/09/05,1988/03/02
(주)국순당,43650,2011/12,2000/08/24,1983/02/05
(주)국영지앤엠,6050,2011/12,1994/10/07,1969/05/07
(주)국전약품,307750,2018/12,2018/12/19,2018/09/11
(주)그래디언트,35080,2011/12,1999/07/05,1997/10/01
(주)그리티,204020,2018/12,2018/07/23,1999/09/15
(주)그린플러스,186230,2019/12,2019/08/07,1997/10/21
(주)글로벌스탠다드테크놀로지,83450,2011/12,2006/02/01,2001/10/12
(주)금비,8870,2011/09,1990/06/08,1973/06/05
(주)금양,1570,2011/12,1976/12/27,1955/11/17
(주)금호에이치티,214330,2015/12,2015/11/11,1989/07/01
(주)금화피에스시,36190,2011/12,2000/12/26,1981/05/13
(주)기가레인,49080,2013/12,2013/12/19,2000/01/31
(주)기산텔레콤,35460,2011/12,1999/11/18,1994/09/06
(주)까뮤이앤씨,13700,2011/12,1989/11/30,1978/12/22
(주)까스텔바작,308100,2019/12,2019/06/10,2016/08/01
(주)나노,187790,2014/12,2014/05/08,2013/10/18
(주)나노브릭,286750,2019/12,2019/08/19,2007/05/15
(주)나노신소재,121600,2011/12,2011/02/09,2000/03/15
(주)나노엔텍,39860,2011/12,2000/08/16,1987/11/18
(주)나무가,190510,2015/12,2015/11/12,2004/10/14
(주)나스미디어,89600,2013/12,2013/07/17,2000/03/13
(주)나이벡,138610,2011/12,2011/07/13,2004/02/20
(주)나이스디앤비,130580,2011/12,2011/12/22,2002/11/01
(주)나이스홀딩스,34310,2011/12,2004/02/04,1986/09/11
(주)나인테크,267320,2017/12,2017/06/22,2017/03/22
(주)남선알미늄,8350,2011/12,1978/05/22,1973/01/04
(주)남성,4270,2011/12,1989/11/14,1965/06/10
(주)내츄럴엔도텍,168330,2013/12,2013/10/31,2001/05/31
(주)네오리진,94860,2011/12,2007/04/16,2007/02/20
(주)네오셈,253590,2018/12,2018/04/04,2016/09/05
(주)네오오토,212560,2015/12,2015/11/18,2010/01/01
(주)네오위즈,95660,2011/12,2007/07/02,2007/04/26
(주)네오위즈홀딩스,42420,2011/12,2000/06/27,1997/06/06
(주)네오크레마,311390,2019/12,2019/08/22,2007/01/08
(주)네오티스,85910,2011/12,2007/10/01,2000/08/18
(주)네오팜,92730,2011/12,2007/01/30,2000/07/01
(주)네오펙트,290660,2018/12,2018/11/28,2010/06/03
(주)네온테크,306620,2018/12,2018/10/31,2018/08/24
(주)네이블커뮤니케이션즈,153460,2012/12,2012/07/19,2003/01/29
(주)네이처셀,7390,2011/12,1992/11/30,1971/08/06
(주)네패스,33640,2011/12,1999/12/14,1990/12/27
(주)넥센,5720,2011/12,1987/12/19,1968/09/10
(주)넥스턴바이오사이언스,89140,2011/12,2006/11/01,2000/07/18
(주)넥스트아이,137940,2011/12,2011/06/14,1998/09/07
(주)넥스트엔터테인먼트월드,160550,2014/12,2014/12/23,2008/06/25
(주)넥슨게임즈,225570,2015/12,2015/09/25,2015/07/14
(주)넵튠,217270,2015/12,2015/06/18,2015/03/19
(주)노랑풍선,104620,2019/12,2019/01/30,2001/08/13
(주)노루페인트,90350,2011/12,2006/07/03,2006/06/02
(주)노루홀딩스,320,2011/12,1973/08/10,1945/11/01
(주)노바렉스,194700,2018/12,2018/11/14,2008/11/27
(주)노바텍,285490,2018/12,2018/11/02,2007/03/01
(주)노블엠앤비,106520,2012/12,2012/07/13,2000/03/14
(주)노터스,278650,2019/12,2019/11/27,2012/04/19
(주)녹십자,6280,2011/12,1989/08/01,1969/11/01
(주)녹십자엠에스,142280,2014/12,2014/12/17,2003/12/30
(주)녹십자웰빙,234690,2019/12,2019/10/14,2004/09/02
(주)녹십자홀딩스,5250,2011/12,1976/08/28,1967/10/05
(주)녹원씨엔아이,65560,2011/12,2003/07/01,1987/05/07
(주)농심,4370,2011/12,1976/06/30,1965/09/18
(주)농심홀딩스,72710,2011/12,2003/07/30,2003/07/01
(주)누리플랜,69140,2011/12,2010/10/26,1994/03/04
(주)누리플렉스,40160,2011/12,2000/08/29,1994/04/18
(주)누보,332290,2019/12,2019/10/11,2019/07/24
(주)뉴로스,126870,2012/12,2012/02/15,2000/05/09
(주)뉴보텍,60260,2011/12,2002/02/05,1990/11/01
(주)뉴인텍,12340,2011/12,1997/02/12,1977/06/29
(주)뉴트리,270870,2018/12,2018/12/13,2001/04/12
(주)뉴파워프라즈마,144960,2016/12,2016/11/30,1999/10/07
(주)뉴프렉스,85670,2011/12,2006/01/17,2000/06/22
(주)다나와,119860,2011/12,2011/01/24,2002/06/21
(주)다날,64260,2011/12,2004/07/23,1997/07/04
(주)다보링크,340360,2019/12,2019/12/19,2019/10/17
(주)다산네트웍스,39560,2011/12,2000/06/22,1993/03/04
(주)다우기술,23590,2011/12,1997/08/27,1986/01/09
(주)다우데이타,32190,2011/12,1999/12/21,1992/06/10
(주)다원시스,68240,2011/12,2010/09/14,1996/01/15
(주)다이나믹디자인,145210,2015/12,2015/03/19,1999/04/02
(주)대교,19680,2011/12,2004/02/03,1986/12/20
(주)대구백화점,6370,2011/03,1988/10/10,1969/12/26
(주)대덕,8060,2011/12,1989/01/26,1972/08/11
(주)대동,490,2011/12,1975/06/27,1947/05/20
(주)대동스틸,48470,2011/12,2002/01/10,1973/08/14
(주)대륙제관,4780,2011/12,1994/12/29,1966/12/24
(주)대림제지,17650,2011/12,1994/11/07,1984/03/04
(주)대명소노시즌,7720,2011/12,1994/01/06,1972/03/11
(주)대성미생물연구소,36480,2011/12,2000/04/04,1966/02/04
(주)대성엘텍,25440,2011/12,1995/05/22,1979/06/05
(주)대성파인텍,104040,2011/12,2009/01/23,2000/01/04
(주)대양금속,9190,2011/12,1994/04/29,1973/08/22
(주)대우건설,47040,2011/12,2001/03/23,2000/12/27
(주)대웅,3090,2011/12,1973/06/26,1945/08/15
(주)대웅제약,69620,2011/12,2002/11/01,2002/10/02
(주)대원,7680,2017/12,2017/12/01,1972/02/01
(주)대유,290380,2018/12,2018/08/10,1977/04/06
(주)대유에이텍,2880,2011/12,1977/02/18,1960/01/16
(주)대유에이피,290120,2018/12,2018/12/07,2016/10/01
(주)대유플러스,300,2011/12,1975/06/09,1967/12/30
(주)대창,12800,2011/12,1989/12/05,1974/04/16
(주)대창솔루션,96350,2011/12,2007/12/17,1977/10/27
(주)대창스틸,140520,2014/12,2014/12/05,1980/06/10
(주)대한과학,131220,2011/12,2011/10/11,1993/06/19
(주)대한항공,3490,2011/12,1966/03/18,1962/06/19
(주)대현,16090,2011/12,1990/09/20,1982/05/25
(주)대호에이엘,69460,2011/12,2002/11/11,2002/10/01
(주)대호특수강,21040,2011/12,1996/08/27,1988/09/02
(주)더 미동,161570,2013/12,2013/11/13,2009/06/24
(주)더블유게임즈,192080,2019/12,2019/03/12,2012/04/27
(주)더블유아이,73570,2011/12,2004/01/06,1998/05/23
(주)더블유에스아이,299170,2018/12,2018/09/21,2018/05/11
(주)더존비즈온,12510,2011/12,1988/10/28,1977/08/20
(주)덕산테코피아,317330,2019/12,2019/08/02,2006/03/16
(주)덕성,4830,2011/12,1987/09/25,1966/11/10
(주)덕신하우징,90410,2014/12,2014/08/01,1991/01/04
(주)데이타솔루션,263800,2017/12,2017/08/03,2010/12/31
(주)덱스터스튜디오,206560,2015/12,2015/12/22,2011/12/29
(주)덴티스,261200,2017/12,2017/06/26,2016/12/01
(주)덴티움,145720,2017/12,2017/03/15,2000/06/07
(주)도화엔지니어링,2150,2011/12,2010/08/12,1962/05/05
(주)동구바이오제약,6620,2018/12,2018/02/13,1983/06/23
(주)동국알앤에스,75970,2011/12,2004/02/13,2004/01/01
(주)동국에스엔씨,100130,2011/12,2009/08/31,2001/07/02
(주)동남합성,23450,2011/12,1996/12/24,1965/10/01
(주)동방,4140,2011/12,1988/08/10,1965/01/14
(주)동방선기,99410,2011/12,2009/11/10,1994/07/06
(주)동방아그로,7590,2011/12,1977/06/29,1971/12/31
(주)동서,26960,2016/12,2016/07/15,1975/05/16
(주)동성케미컬,102260,2011/12,2008/06/23,2008/05/14
(주)동성화인텍,33500,2011/12,1997/12/19,1985/07/31
(주)동아엘텍,88130,2011/12,2007/01/03,1999/04/14
(주)동아지질,28100,2011/12,2009/06/12,1973/11/30
(주)동양,1520,2011/12,1976/06/25,1955/08/25
(주)동양고속,84670,2011/12,2005/07/25,2005/07/04
(주)동양에스텍,60380,2011/12,2002/02/05,1981/11/12
(주)동우팜투테이블,88910,2011/12,2006/06/23,1993/02/17
(주)동운아나텍,94170,2015/12,2015/06/30,2006/07/01
(주)동원개발,13120,2011/12,1994/12/29,1978/03/31
(주)동원에프앤비,49770,2011/12,2000/11/23,2000/11/01
(주)동일기연,32960,2011/12,1997/07/18,1986/03/10
(주)동진쎄미켐,5290,2011/12,1999/12/21,1973/07/10
(주)두산,150,2011/12,1973/06/29,1933/12/18
(주)두산테스나,131970,2013/12,2013/10/22,2002/09/06
(주)두올,16740,2016/12,2016/07/29,1983/02/11
(주)듀오백,73190,2011/12,2004/02/06,1987/05/01
(주)드래곤플라이,30350,2011/12,1997/11/10,1990/03/22
(주)드림시큐리티,203650,2014/12,2014/10/13,2014/06/25
(주)드림어스컴퍼니,60570,2011/12,2003/12/19,1999/01/20
(주)드림텍,192650,2019/12,2019/03/14,1998/09/22
(주)디딤,217620,2015/12,2015/06/10,2015/03/30
(주)디모아,16670,2011/12,1993/04/21,1982/12/30
(주)디바이스이엔지,187870,2017/12,2017/12/20,2002/10/01
(주)디비아이엔씨,12030,2011/12,1993/01/06,1977/03/15
(주)디스플레이테크,66670,2011/12,2002/12/30,1998/08/04
(주)디아이,3160,2011/12,1996/07/31,1961/03/16
(주)디아이씨,92200,2011/12,2007/10/18,1976/08/03
(주)디아크,78590,2011/12,2005/10/27,1993/08/25
(주)디알비동일,4840,2011/12,1976/05/21,1945/09/30
(주)디알젬,263690,2018/12,2018/11/22,2003/09/25
(주)디알텍,214680,2015/12,2015/04/20,2015/02/03
(주)디앤씨미디어,263720,2017/12,2017/08/01,2012/01/04
(주)디에스앤엘,141020,2013/12,2013/01/29,2006/09/01
(주)디에스케이,109740,2011/12,2009/09/23,1995/02/03
(주)디에이테크놀로지,196490,2014/12,2014/11/19,2000/05/03
(주)디에이피,66900,2011/12,2004/05/14,1987/11/28
(주)디엔에이링크,127120,2011/12,2011/12/26,2000/03/15
(주)디엔에프,92070,2011/12,2007/11/16,2001/01/05
(주)디엔오토모티브,7340,2011/12,1988/09/24,1971/06/23
(주)디엠에스,68790,2011/12,2004/10/01,1999/07/08
(주)디오,39840,2011/12,2000/06/29,1988/01/25
(주)디와이디,219550,2015/12,2015/07/22,2015/04/22
(주)디이엔티,79810,2011/12,2005/01/26,2001/08/01
(주)디지아이,43360,2011/12,2001/07/20,1991/11/28
(주)디지캡,197140,2018/12,2018/09/07,2000/04/01
(주)디지털대성,68930,2011/12,2003/10/17,2000/03/11
(주)디지틀조선일보,33130,2011/12,1997/08/06,1995/10/02
(주)디케이앤디,263020,2018/12,2018/11/20,2000/05/12
(주)디케이티,290550,2018/12,2018/12/21,2012/06/21
(주)디티앤씨,187220,2014/12,2014/12/17,2000/10/18
(주)딜리,131180,2011/12,2011/01/31,1996/02/15
(주)라닉스,317120,2019/12,2019/09/18,2003/09/26
(주)라온테크,232680,2015/12,2021/06/17,2000/03/14
(주)라이온켐텍,171120,2013/12,2013/11/19,1982/11/24
(주)라이트론,69540,2011/12,2004/02/13,1998/10/27
(주)라파스,214260,2019/12,2019/11/11,2006/03/30
(주)락앤락,115390,2011/12,2010/01/28,2005/12/29
(주)랩지노믹스,84650,2014/12,2014/12/16,2002/03/29
(주)러셀,217500,2015/12,2015/06/16,2015/03/26
(주)레고켐바이오사이언스,141080,2013/12,2013/05/10,2006/05/02
(주)레드로버,60300,2011/12,2002/01/10,1996/06/15
(주)레드캡투어,38390,2011/12,2000/02/01,1996/07/30
(주)레이,228670,2019/12,2019/08/08,2004/10/06
(주)레이언스,228850,2016/12,2016/04/11,2011/05/02
(주)레이크머티리얼즈,281740,2017/12,2017/12/12,2017/09/22
(주)로보로보,215100,2015/12,2015/04/22,2015/02/09
(주)로보스타,90360,2011/12,2011/10/17,1999/02/26
(주)로보티즈,108490,2018/12,2018/10/26,1999/04/01
(주)로지시스,67730,2015/12,2015/07/29,1996/07/04
(주)루멘스,38060,2011/12,2006/08/08,1996/06/17
(주)루트로닉,85370,2011/12,2006/07/04,1997/07/08
(주)룽투코리아,60240,2011/12,2002/01/04,1993/07/15
(주)리노스,39980,2011/12,2002/08/13,1991/02/01
(주)리더스코스메틱,16100,2011/12,2003/01/15,1986/12/24
(주)리드,197210,2015/12,2015/11/20,2000/03/23
(주)리드코프,12700,2011/12,1996/01/19,1977/09/19
(주)리메드,302550,2019/12,2019/12/06,2003/07/31
(주)링네트,42500,2011/12,2002/01/10,2000/04/01
(주)링크제니시스,219420,2018/12,2018/02/05,2003/12/12
(주)마니커,27740,2011/12,2002/10/29,1985/09/27
(주)마니커에프앤지,195500,2019/12,2019/08/20,2004/05/22
(주)마이크로디지탈,305090,2019/12,2019/06/05,2002/08/02
(주)마이크로컨텍솔루션,98120,2011/12,2008/09/23,1999/12/28
(주)마이크로프랜드,147760,2016/12,2016/12/12,2004/05/12
(주)마크로젠,38290,2011/12,2000/02/22,1997/06/05
(주)만도,204320,2014/12,2014/10/06,2014/09/02
(주)매직마이크로,127160,2015/12,2015/11/19,2006/08/11
(주)매커스,93520,2011/12,2007/02/12,2006/12/14
(주)머큐리,100590,2018/12,2018/12/14,2000/08/21
(주)멀티캠퍼스,67280,2011/12,2006/11/16,2000/05/04
(주)메드팩토,235980,2019/12,2019/12/19,2013/06/19
(주)메디아나,41920,2014/12,2014/10/07,1995/06/19
(주)메디콕스,54180,2011/06,2001/10/16,1999/01/26
(주)메디톡스,86900,2011/12,2009/01/16,2000/05/02
(주)메디프론디비티,65650,2011/12,2003/01/21,1997/03/18
(주)메지온,140410,2012/12,2012/01/20,2002/09/25
(주)메카로,241770,2017/12,2017/12/06,2000/11/01
(주)메타랩스,90370,2011/12,2006/12/26,2000/11/03
(주)메타바이오메드,59210,2011/12,2008/04/15,1999/07/01
(주)멕아이씨에스,58110,2015/12,2015/12/14,1998/11/26
(주)멜파스,96640,2011/12,2009/12/18,2000/02/02
(주)모나리자,12690,2011/12,1988/10/14,1977/11/01
(주)모나미,5360,2011/12,1976/04/15,1967/12/28
(주)모다이노칩,80420,2011/12,2005/12/06,2000/04/24
(주)모두투어네트워크,80160,2011/12,2005/07/26,1989/02/14
(주)모바일리더,100030,2011/12,2010/05/25,2000/02/23
(주)모베이스,101330,2011/12,2010/02/04,1999/03/17
(주)모베이스전자,12860,2011/12,1994/10/26,1978/01/07
(주)모비스,250060,2016/12,2016/09/08,2016/07/01
(주)모아텍,33200,2011/12,1997/10/13,1989/03/06
(주)모토닉,9680,2011/12,1994/01/14,1974/03/07
(주)모헨즈,6920,2011/12,1989/01/05,1970/11/24
(주)무학,33920,2011/12,2010/07/20,1973/10/01
(주)미래생명자원,218150,2015/12,2015/06/18,2015/04/06
(주)미래아이앤지,7120,2011/12,1999/11/26,1971/03/01
(주)미래컴퍼니,49950,2011/12,2005/01/04,1992/12/30
(주)미코,59090,2011/12,2002/01/15,1999/07/16
(주)미투온,201490,2016/12,2016/10/10,2010/05/26
(주)바른손,18700,2011/03,1994/03/18,1985/12/27
(주)바른손이앤에이,35620,2011/12,1999/08/13,1996/12/20
(주)바른전자,64520,2011/12,2002/12/04,1998/02/17
(주)바이넥스,53030,2011/12,2001/08/07,1985/06/05
(주)바이오니아,64550,2011/12,2005/12/29,1992/08/28
(주)바이오로그디바이스,208710,2014/12,2014/12/24,2014/10/23
(주)바이오솔루션,86820,2018/12,2018/08/20,2000/01/14
(주)바이오스마트,38460,2011/12,2000/06/22,1985/12/30
(주)바이오톡스텍,86040,2011/12,2007/09/21,2000/08/23
(주)바텍,43150,2011/12,2006/09/29,1992/04/04
(주)방림,3610,2011/09,1989/05/30,1962/12/05
(주)배럴,267790,2018/12,2018/02/01,2010/01/07
(주)백금티앤에이,46310,2011/12,2002/02/05,1996/12/17
(주)백산,35150,2011/12,1999/08/11,1986/08/16
(주)버킷스튜디오,66410,2011/12,2003/12/19,1999/02/05
(주)베노홀딩스,206400,2014/12,2014/12/10,2014/09/19
(주)베셀,177350,2015/12,2015/06/19,2004/06/17
(주)베스파,299910,2018/12,2018/12/03,2013/05/09
(주)벽산,7210,2011/12,1972/01/04,1971/04/09
(주)보광산업,225530,2015/12,2015/12/17,2004/08/27
(주)보라티알,250000,2017/12,2017/06/08,2015/11/02
(주)보락,2760,2011/12,1989/11/30,1959/08/08
(주)보령,3850,2011/12,1988/10/24,1963/11/11
(주)본느,226340,2015/12,2015/11/05,2015/07/28
(주)부-스타,8470,2011/12,2011/02/23,1973/01/26
(주)부방,14470,2011/12,1994/02/25,1976/04/15
(주)뷰웍스,100120,2011/12,2009/04/10,1999/09/18
(주)브리지텍,64480,2011/12,2008/06/04,1995/03/31
(주)브이원텍,251630,2017/12,2017/07/13,2006/06/08
(주)브이티지엠피,18290,2011/12,1994/09/07,1986/11/07
(주)블루베리엔에프티,44480,2011/12,2001/01/11,1973/05/23
(주)블루콤,33560,2011/12,2011/01/26,1991/10/07
(주)비덴트,121800,2012/06,2011/12/01,2002/03/20
(주)비보존헬스케어,82800,2011/12,2005/11/18,2002/08/22
(주)비비안,2070,2011/12,1976/07/13,1957/06/14
(주)비상교육,100220,2011/12,2008/06/30,2002/01/21
(주)비씨월드제약,200780,2014/12,2014/12/15,1980/03/19
(주)비아트론,141000,2012/12,2012/05/04,2001/12/26
(주)비에이치,90460,2011/12,2007/01/26,1999/03/10
(주)비엔지티,32790,2011/12,1997/06/26,1973/09/21
(주)비엘,142760,2016/12,2016/07/07,1999/12/30
(주)비엘팜텍,65170,2011/12,2002/11/19,1995/02/17
(주)비엠티,86670,2011/12,2007/11/02,2000/07/26
(주)비올,335890,2019/12,2019/12/03,2019/09/02
(주)비와이씨,1460,2011/12,1975/06/02,1955/05/13
(주)비즈니스온커뮤니케이션,138580,2017/12,2017/11/30,2007/12/13
(주)비지에프,27410,2014/12,2014/05/19,1994/12/01
(주)비지에프리테일,282330,2017/12,2017/12/08,2017/11/01
(주)비츠로셀,82920,2011/03,2009/10/28,1987/10/31
(주)비츠로시스,54220,2011/03,2001/12/26,1989/11/04
(주)비츠로테크,42370,2011/03,2000/08/03,1968/01/30
(주)비케이홀딩스,50090,2011/12,2004/06/29,2000/06/17
(주)비투엔,307870,2018/12,2018/12/12,2018/09/12
(주)비트컴퓨터,32850,2011/12,1997/07/04,1988/08/15
(주)비피도,238200,2018/12,2018/12/26,1999/10/12
(주)빅솔론,93190,2011/12,2007/08/20,2002/11/14
(주)빅텍,65450,2011/12,2003/02/05,1996/01/09
(주)빙그레,5180,2011/12,1978/08/31,1967/09/13
(주)사람인에이치알,143240,2012/12,2012/02/21,2005/10/07
(주)사조대림,3960,2011/12,1976/09/01,1964/05/01
(주)사조오양,6090,2011/12,1986/12/24,1969/06/09
(주)삼기,122350,2011/12,2010/03/19,2009/12/24
(주)삼보판지,23600,2011/12,1996/05/29,1981/07/23
(주)삼성출판사,68290,2011/12,2002/08/05,2002/07/03
(주)삼양사,145990,2011/12,2011/12/05,2011/11/03
(주)삼양옵틱스,225190,2017/12,2017/06/02,2013/08/02
(주)삼양패키징,272550,2017/12,2017/11/29,2014/11/01
(주)삼양홀딩스,70,2011/12,1968/12/27,1924/10/01
(주)삼에스코리아,60310,2011/03,2002/04/23,1991/01/28
(주)삼원강재,23000,2011/12,2011/07/22,1992/07/21
(주)삼익악기,2450,2011/12,1988/09/30,1958/09/01
(주)삼일,32280,2011/12,1997/03/15,1965/12/08
(주)삼일기업공사,2290,2011/12,1992/11/30,1958/02/05
(주)삼일씨엔에스,4440,2016/12,2016/03/30,1965/12/31
(주)삼진,32750,2011/12,1997/07/14,1976/07/15
(주)삼진엘앤디,54090,2011/12,2004/02/06,1987/01/06
(주)삼천리,4690,2011/12,1976/12/23,1966/07/07
(주)삼표시멘트,38500,2011/12,2001/02/01,1990/12/22
(주)삼화네트웍스,46390,2011/12,2001/01/11,1991/10/12
(주)상보,27580,2011/12,2007/10/01,1989/04/01
(주)상상인,38540,2011/12,2000/08/18,1989/02/23
(주)상상인인더스트리,101000,2011/12,2009/11/06,2004/06/03
(주)상아프론테크,89980,2011/12,2011/07/21,1986/03/21
(주)상지카일룸,42940,2011/12,2000/10/19,1979/06/21
(주)새로닉스,42600,2011/12,2002/10/01,1968/12/21
(주)서린바이오사이언스,38070,2011/12,2005/10/25,1993/12/29
(주)서부티엔디,6730,2011/12,1995/10/06,1979/07/12
(주)서산,79650,2011/12,2005/01/21,1974/02/16
(주)서연,7860,2011/12,1989/09/09,1972/04/21
(주)서연이화,200880,2014/12,2014/08/08,2014/07/01
(주)서연탑메탈,19770,2011/12,2011/06/24,1987/02/05
(주)서울리거,43710,2011/12,2002/07/11,1991/03/02
(주)서울옥션,63170,2011/12,2008/07/01,1998/12/30
(주)서울제약,18680,2011/12,2000/08/18,1985/12/23
(주)서원,21050,2011/12,1996/01/30,1988/09/07
(주)서원인텍,93920,2011/12,2007/12/20,1983/08/15
(주)서전기전,189860,2014/12,2014/12/24,2011/11/18
(주)서진시스템,178320,2017/12,2017/03/27,2007/10/30
(주)서진오토모티브,122690,2011/12,2010/05/25,2010/01/19
(주)서플러스글로벌,140070,2017/12,2017/01/25,2000/03/27
(주)서한,11370,2011/12,1994/05/24,1976/05/12
(주)서흥,8490,2011/12,1990/03/27,1973/01/30
(주)서희건설,35890,2011/12,1999/12/24,1982/10/22
(주)선광,3100,2011/12,1999/12/21,1961/01/25
(주)선앤엘,2820,2011/12,1976/05/22,1959/10/17
(주)선익시스템,171090,2017/12,2017/09/20,1990/05/24
(주)선진,136490,2011/12,2011/02/16,2011/01/04
(주)성광벤드,14620,2011/12,2001/01/11,1980/02/23
(주)성도이엔지,37350,2011/12,2000/01/11,1988/05/13
(주)성안,11300,2011/12,1995/11/10,1976/04/20
(주)성우하이텍,15750,2011/12,1995/11/04,1977/08/15
(주)성창오토텍,80470,2011/12,2006/11/03,1996/10/18
(주)세경하이테크,148150,2019/12,2019/07/30,2006/01/16
(주)세동,53060,2011/12,2001/08/17,1986/02/04
(주)세림비앤지,340440,2019/12,2019/12/27,2019/10/17
(주)세보엠이씨,11560,2011/12,1996/12/23,1978/07/26
(주)세아베스틸지주,1430,2011/12,1991/03/12,1955/02/04
(주)세아제강,306200,2018/12,2018/10/05,2018/09/03
(주)세아제강지주,3030,2011/12,1969/05/13,1960/10/19
(주)세아특수강,19440,2011/12,2011/06/01,1986/11/01
(주)세아홀딩스,58650,2011/12,2001/07/30,2001/07/01
(주)세우글로벌,13000,2011/12,1989/09/05,1978/03/10
(주)세운메디칼,100700,2011/12,2008/09/30,1982/08/06
(주)세원물산,24830,2011/12,1994/12/29,1985/02/01
(주)세원정공,21820,2011/06,1996/07/03,1989/07/20
(주)세이브존아이앤씨,67830,2011/12,2002/07/25,2002/05/07
(주)세종메디칼,258830,2018/12,2018/05/29,2010/08/03
(주)세중,39310,2011/12,2000/06/09,1995/12/07
(주)세진중공업,75580,2015/12,2015/11/30,1999/09/08
(주)세진티에스,67770,2011/12,2004/01/09,1996/06/07
(주)세코닉스,53450,2011/12,2001/08/09,1988/12/24
(주)세토피아,222810,2015/12,2015/08/13,2015/06/08
(주)세화피앤씨,252500,2016/12,2016/11/02,2016/08/18
(주)센트랄모텍,308170,2019/12,2019/11/25,1994/01/21
(주)센트럴인사이트,12600,2011/12,1990/07/10,1977/10/13
(주)셀루메드,49180,2011/12,2002/05/23,1985/04/30
(주)셀리드,299660,2017/12,2019/02/20,2006/12/11
(주)셀리버리,268600,2018/12,2018/11/09,2014/03/06
(주)셀바스에이아이,108860,2011/12,2009/12/10,1999/03/31
(주)셀바스헬스케어,208370,2014/12,2014/12/17,2014/10/02
(주)셀트리온,68270,2018/12,2018/02/09,1991/02/27
(주)셀트리온제약,68760,2011/12,2006/02/03,2000/11/17
(주)셀트리온헬스케어,91990,2017/12,2017/07/28,1999/12/29
(주)셀피글로벌,68940,2011/12,2010/10/19,1998/11/10
(주)소프트센,32680,2011/09,1997/07/18,1988/04/11
(주)손오공,66910,2011/12,2005/01/07,1996/12/30
(주)솔고바이오메디칼,43100,2011/12,2000/08/08,1995/07/12
(주)솔루에타,154040,2013/12,2013/12/27,2003/06/27
(주)솔본,35610,2011/12,1999/08/13,1994/08/05
(주)쇼박스,86980,2011/12,2006/07/07,1999/06/10
(주)수산아이앤티,50960,2016/12,2016/10/11,1998/03/04
(주)수산중공업,17550,2011/12,1991/08/30,1984/03/12
(주)수젠텍,253840,2019/12,2019/05/28,2011/12/09
(주)슈프리마,236200,2016/12,2016/02/05,2015/12/31
(주)슈프리마아이디,317770,2019/12,2019/08/01,2017/04/03
(주)슈프리마에이치큐,94840,2011/12,2008/07/11,2000/05/04
(주)슈피겐코리아,192440,2014/12,2014/11/05,2009/02/18
(주)스마트솔루션즈,136510,2011/12,2011/11/18,2000/10/13
(주)스맥,99440,2011/12,2009/05/26,1996/03/05
(주)스카이문스테크놀로지,33790,2011/12,2001/06/26,1990/02/09
(주)스킨앤스킨,159910,2012/12,2012/12/27,2006/06/19
(주)스타플렉스,115570,2011/12,2010/01/27,1996/07/11
(주)스튜디오산타클로스엔터테인먼트,204630,2014/12,2014/12/29,2014/08/12
(주)스페코,13810,2011/12,1997/11/03,1979/02/07
(주)승일,49830,2011/12,2001/01/18,1978/12/26
(주)시공테크,20710,2011/12,1999/08/13,1988/02/19
(주)시너지이노베이션,48870,2011/12,2004/08/13,1998/04/02
(주)시노펙스,25320,2011/12,1995/04/20,1985/04/18
(주)시디즈,134790,2011/12,2011/01/25,2010/12/16
(주)시스웍,269620,2017/12,2017/12/26,2004/07/16
(주)시큐브,131090,2011/12,2011/12/21,2000/03/23
(주)시티랩스,139050,2011/12,2011/07/29,2006/02/20
(주)신도리코,29530,2011/12,1996/12/24,1960/07/07
(주)신성이엔지,11930,2011/12,1996/07/31,1979/01/20
(주)신세계,4170,2011/12,1985/08/19,1955/12/09
(주)신세계아이앤씨,35510,2011/12,2006/05/18,1997/04/29
(주)신세계인터내셔날,31430,2011/12,2011/07/14,1980/10/25
(주)신세계푸드,31440,2011/12,2010/04/29,1979/10/11
(주)신영와코루,5800,2011/09,1976/12/18,1968/10/21
(주)신원,9270,2011/12,1988/08/24,1973/09/26
(주)신진에스엠,138070,2011/12,2011/11/28,2001/07/18
(주)신테카바이오,226330,2019/12,2019/12/17,2009/09/15
(주)신화다이나믹스,1770,2011/12,1988/11/23,1956/06/01
(주)신화콘텍,187270,2014/12,2014/08/08,2002/10/23
(주)신흥,4080,2011/12,1991/02/08,1964/11/13
(주)심텍,222800,2015/12,2015/08/05,2015/07/01
(주)심텍홀딩스,36710,2011/12,2000/01/04,1987/08/24
(주)싸이맥스,160980,2015/12,2015/06/17,2005/12/02
(주)싸이토젠,217330,2018/12,2018/11/22,2010/03/18
(주)쌍방울,102280,2011/12,2008/06/10,2008/05/02
(주)썸에이지,208640,2014/12,2014/12/29,2014/10/23
(주)쎄노텍,222420,2015/12,2015/08/06,2015/05/27
(주)쎄니트,37760,2011/12,2000/04/07,1995/05/02
(주)쎄트렉아이,99320,2011/12,2008/06/13,1999/12/29
(주)쎌마테라퓨틱스,15540,2011/12,1989/09/02,1981/09/02
(주)쎌바이오텍,49960,2011/12,2002/12/13,1995/02/11
(주)쏠리드,50890,2011/12,2005/07/08,1998/11/05
(주)씨씨에스충북방송,66790,2011/12,2003/05/30,1997/07/15
(주)씨아이테크,4920,2011/12,1989/11/30,1967/01/17
(주)씨에스,65770,2011/12,2004/06/04,1999/02/03
(주)씨에스에이코스믹,83660,2011/12,2006/07/25,1989/11/07
(주)씨엔플러스,115530,2011/12,2011/11/02,2003/11/10
(주)씨유메디칼시스템,115480,2011/12,2011/12/15,2001/12/13
(주)씨제이이엔엠,35760,2011/12,1999/11/23,1994/12/16
(주)씨젠,96530,2011/12,2010/09/10,2000/09/18
(주)씨티씨바이오,60590,2011/12,2002/02/21,1995/12/28
(주)씨티케이,260930,2017/12,2017/12/07,2001/05/10
(주)아가방앤컴퍼니,13990,2011/12,2002/01/17,1979/04/02
(주)아나패스,123860,2011/12,2010/11/05,2002/11/29
(주)아난티,25980,2011/12,1996/01/06,1987/01/16
(주)아리온테크놀로지,58220,2011/12,2005/08/05,1999/10/28
(주)아모그린텍,125210,2015/12,2019/03/28,2004/01/06
(주)아모레퍼시픽,90430,2011/12,2006/06/29,2006/06/01
(주)아모레퍼시픽그룹,2790,2011/12,1973/04/30,1945/09/05
(주)아모텍,52710,2011/12,2003/08/01,1994/10/19
(주)아미노로직스,74430,2011/12,2004/06/04,1997/09/03
(주)아바코,83930,2011/12,2005/10/11,2000/01/31
(주)아바텍,149950,2012/12,2012/11/06,2000/09/01
(주)아세아텍,50860,2011/06,2010/01/26,1978/09/09
(주)아센디오,12170,2011/12,1989/12/20,1977/04/21
(주)아스타,246720,2017/12,2017/03/20,2006/01/27
(주)아스트,67390,2014/12,2014/12/24,2001/04/18
(주)아시아경제,127710,2015/12,2015/07/31,2005/06/20
(주)아우딘퓨쳐스,227610,2017/12,2017/07/12,2000/12/18
(주)아이디스,143160,2011/12,2011/09/26,2011/07/01
(주)아이디스홀딩스,54800,2011/12,2001/09/27,1997/09/24
(주)아이마켓코리아,122900,2011/12,2010/07/30,2000/12/08
(주)아이비김영,339950,2019/12,2019/12/24,2019/10/11
(주)아이센스,99190,2013/12,2013/01/30,2000/05/04
(주)아이스크림에듀,289010,2019/12,2019/07/11,2013/04/21
(주)아이씨디,40910,2011/09,2011/08/05,2000/02/26
(주)아이앤씨테크놀로지,52860,2011/12,2009/10/06,1996/11/15
(주)아이에스시,95340,2011/12,2007/10/01,2001/02/22
(주)아이에스이커머스,69920,2011/12,2007/12/05,2001/03/14
(주)아이에이,38880,2011/12,2000/04/27,1993/08/05
(주)아이에이치큐,3560,2011/12,1973/12/18,1962/08/24
(주)아이엘사이언스,307180,2018/12,2018/12/21,2018/08/31
(주)아이엠,101390,2011/12,2008/07/23,2006/01/11
(주)아이엠비씨,52220,2011/12,2005/01/21,2000/03/11
(주)아이오케이컴퍼니,78860,2011/12,2006/06/27,2000/04/26
(주)아이윈,90150,2011/12,2006/10/20,1999/02/06
(주)아이윈플러스,123010,2016/12,2016/07/20,2003/10/15
(주)아이즈비전,31310,2011/12,1997/07/25,1992/09/09
(주)아이컴포넌트,59100,2011/12,2008/12/16,2000/05/12
(주)아이톡시,52770,2011/12,2002/08/22,1997/06/30
(주)아이티센,124500,2015/03,2014/12/23,2005/05/10
(주)아이티엑스에이아이,99520,2011/12,2009/12/22,1998/02/27
(주)아이티엠반도체,84850,2019/12,2019/11/07,2000/02/23
(주)아즈텍더블유비이,32080,2011/12,2000/10/26,1970/10/20
(주)아진엑스텍,59120,2014/12,2014/07/24,1997/12/29
(주)아톤,158430,2019/12,2019/10/17,1999/10/13
(주)아프리카티비,67160,2011/12,2003/12/19,1996/04/22
(주)안랩,53800,2011/12,2001/09/13,1995/03/18
(주)안트로젠,65660,2016/12,2016/02/15,2000/03/16
(주)알로이스,297570,2018/12,2018/07/20,2018/04/26
(주)알루코,1780,2011/12,2007/06/07,1956/06/04
(주)알에프세미,96610,2011/12,2007/11/20,1999/10/22
(주)알에프텍,61040,2011/12,2002/05/16,1995/02/22
(주)알엔투테크놀로지,148250,2016/12,2016/06/22,2002/03/26
(주)알테오젠,196170,2014/12,2014/12/12,2008/05/13
(주)알톤스포츠,123750,2011/12,2010/07/02,2010/03/25
(주)알티캐스트,85810,2013/12,2013/12/06,1999/02/01
(주)알파홀딩스,117670,2011/12,2010/09/17,2002/11/01
(주)애니플러스,310200,2018/12,2018/12/21,2018/10/15
(주)애드바이오텍,179530,2019/12,2022/01/24,2000/06/20
(주)액션스퀘어,205500,2014/12,2014/11/12,2014/08/27
(주)액토즈소프트,52790,2011/12,2001/08/14,1996/10/29
(주)액트로,290740,2018/12,2018/08/28,2012/09/04
(주)앤디포스,238090,2016/12,2016/10/12,2010/06/23
(주)앤씨앤,92600,2011/12,2007/06/26,1997/05/13
(주)야스,255440,2017/12,2017/09/29,2002/04/11
(주)양지사,30960,2011/06,1996/10/24,1980/01/16
(주)어스앤에어로스페이스,263540,2017/12,2017/09/15,2002/01/08
(주)얼라인드제네틱스,238120,2016/12,2016/11/03,2008/10/02
(주)에너토크,19990,2011/12,2006/02/01,1987/05/16
(주)에넥스,11090,2011/12,1995/07/08,1976/03/04
(주)에스디생명공학,217480,2017/12,2017/03/02,2008/09/19
(주)에스디시스템,121890,2011/12,2010/07/16,2001/04/28
(주)에스비에스,34120,2011/12,2003/06/25,1990/11/14
(주)에스비에스콘텐츠허브,46140,2011/12,2003/02/05,1999/08/21
(주)에스씨디,42110,2011/12,2000/07/13,1987/04/15
(주)에스아이리소스,65420,2011/12,2002/08/22,1987/08/21
(주)에스앤더블류,103230,2011/12,2009/08/05,2009/07/02
(주)에스앤에스텍,101490,2011/12,2009/04/14,2001/02/22
(주)에스에너지,95910,2011/12,2007/10/16,2001/01/12
(주)에스에스알,275630,2018/12,2018/08/06,2010/08/27
(주)에스에이엠티,31330,2011/12,2000/05/23,1990/06/27
(주)에스에이티,60540,2011/12,2006/11/28,1998/12/21
(주)에스에프에이,56190,2011/12,2001/12/18,1998/12/18
(주)에스에프에이반도체,36540,2011/12,2001/05/02,1998/06/30
(주)에스엘바이오닉스,214310,2015/12,2015/06/25,2007/07/04
(주)에스엠라이프디자인그룹,63440,2011/12,2002/05/30,1998/12/29
(주)에스엠벡셀,10580,2011/12,1994/12/27,1975/04/11
(주)에스엠엔터테인먼트,41510,2011/12,2000/04/27,1995/02/14
(주)에스엠컬처앤콘텐츠,48550,2011/12,2001/01/18,1980/05/13
(주)에스엠코어,7820,2011/12,2011/11/08,1972/04/13
(주)에스원,12750,2011/12,1996/01/30,1977/11/28
(주)에스제이그룹,306040,2019/12,2019/11/18,2008/03/14
(주)에스제이엠,123700,2011/12,2010/05/31,2010/05/04
(주)에스제이엠홀딩스,25530,2011/12,1997/02/12,1975/03/31
(주)에스지글로벌,1380,2011/12,1976/06/27,1954/12/22
(주)에스지세계물산,4060,2011/12,1976/04/19,1964/11/20
(주)에스지엔지,40610,2011/12,2000/04/27,1993/11/08
(주)에스코넥,96630,2011/12,2007/12/26,2000/01/11
(주)에스텍파마,41910,2011/12,2004/02/06,1998/12/17
(주)에스티아이,39440,2011/12,2002/02/28,1997/07/10
(주)에스티오,98660,2011/12,2009/04/17,2003/02/22
(주)에스티큐브,52020,2011/12,2001/07/05,1989/08/16
(주)에스폴리텍,50760,2011/12,2002/05/16,1999/06/18
(주)에스피시스템스,317830,2019/12,2019/08/14,1988/05/01
(주)에스피씨삼립,5610,2011/12,1974/05/02,1968/06/28
(주)에스피지,58610,2011/12,2002/07/23,1991/03/21
(주)에쎈테크,43340,2011/12,2000/08/29,1993/08/06
(주)에이디칩스,54630,2011/12,2001/11/13,1996/04/16
(주)에이디테크놀로지,200710,2014/12,2014/12/16,2002/08/20
(주)에이루트,96690,2011/12,2010/12/01,2002/04/08
(주)에이블씨엔씨,78520,2011/12,2011/09/07,2000/01/07
(주)에이비프로바이오,195990,2015/12,2015/04/13,2004/08/12
(주)에이스침대,3800,2011/12,1996/05/03,1977/07/01
(주)에이스테크놀로지,88800,2011/12,2006/03/27,2006/03/02
(주)에이스토리,241840,2019/12,2019/07/19,2004/01/06
(주)에이엔피,15260,2011/12,1988/01/18,1981/01/21
(주)에이치비테크놀러지,78150,2011/12,2004/12/08,1997/09/02
(주)에이치시티,72990,2016/12,2016/10/17,2000/05/12
(주)에이치알에스,36640,2011/12,2000/05/30,1981/06/30
(주)에이치앤비디자인,227100,2018/12,2018/11/15,2012/05/10
(주)에이치엘사이언스,239610,2016/12,2016/10/28,2000/09/28
(주)에이치케이,44780,2011/12,2000/09/07,1990/05/30
(주)에이텍,45660,2011/12,2001/05/24,1993/06/30
(주)에이텍티앤,224110,2015/12,2015/08/25,2015/07/17
(주)에이트원,230980,2016/12,2016/03/02,2015/10/22
(주)에이티세미콘,89530,2011/12,2011/11/11,2001/07/27
(주)에이팩트,200470,2014/12,2014/12/26,2007/06/20
(주)에이프로젠,7460,2011/12,1995/07/08,1971/11/15
(주)에이프로젠헬스케어앤게임즈,109960,2011/12,2009/11/13,1998/02/12
(주)에치에프알,230240,2015/12,2015/12/16,2015/10/07
(주)에코마케팅,230360,2016/12,2016/08/08,2003/03/24
(주)에코프로,86520,2011/12,2007/07/20,1998/10/22
(주)에코프로비엠,247540,2016/12,2019/03/05,2016/05/02
(주)에프알텍,73540,2011/12,2007/05/18,2000/10/13
(주)에프앤리퍼블릭,64090,2011/12,2002/12/17,1991/09/30
(주)에프앤에프홀딩스,7700,2011/12,1984/10/04,1972/02/24
(주)에프에스엔,214270,2015/12,2015/03/25,2015/01/19
(주)에프에스티,36810,2011/12,2000/01/18,1987/09/29
(주)에프엔씨엔터테인먼트,173940,2014/12,2014/12/04,2006/12/14
(주)엑사이엔씨,54940,2011/12,2001/12/13,1991/05/03
(주)엑세스바이오인코퍼레이션,950130,2013/12,2013/05/30,2002/09/27
(주)엑셈,205100,2014/12,2014/11/07,2014/08/21
(주)엑시콘,92870,2015/12,2015/10/22,2001/03/08
(주)엔바이오니아,317870,2019/12,2019/10/24,2001/01/16
(주)엔씨소프트,36570,2011/12,2003/05/22,1997/03/11
(주)엔아이스틸,8260,2011/12,1975/06/16,1972/12/14
(주)엔에스,217820,2015/12,2015/12/07,1999/11/10
(주)엔에스엔,31860,2011/12,1997/01/07,1979/09/12
(주)엔에이치엔벅스,104200,2011/12,2009/10/06,2002/06/03
(주)엔이능률,53290,2011/12,2002/12/10,1994/06/28
(주)엔지스테크널러지,208860,2016/12,2016/07/28,1998/09/01
(주)엔지켐생명과학,183490,2018/12,2018/02/21,1999/07/20
(주)엔케이,85310,2011/12,2008/01/24,1984/09/07
(주)엔케이맥스,182400,2015/12,2015/10/23,2002/01/14
(주)엔텔스,69410,2011/12,2007/06/20,2000/07/19
(주)엔투텍,227950,2015/12,2015/11/18,2015/09/04
(주)엔피,291230,2018/12,2018/09/13,2018/02/06
(주)엔피케이,48830,2011/12,2000/10/12,1987/03/04
(주)엘디티,96870,2011/12,2008/05/02,1997/11/13
(주)엘아이에스,138690,2011/12,2011/06/02,2006/12/26
(주)엘앤씨바이오,290650,2018/12,2018/11/01,2011/08/01
(주)엘앤에프,66970,2011/12,2003/01/02,2000/07/27
(주)엘앤케이바이오메드,156100,2016/12,2016/11/30,2008/12/22
(주)엘에스,6260,2011/12,1977/06/30,1969/10/25
(주)엘에스네트웍스,680,2011/12,1973/11/15,1949/12/21
(주)엘에프,93050,2011/12,2006/12/01,2006/11/03
(주)엘엑스세미콘,108320,2011/12,2010/06/08,1999/11/11
(주)엘엑스인터내셔널,1120,2011/12,1976/03/10,1953/11/26
(주)엘엑스하우시스,108670,2011/12,2009/04/20,2009/04/02
(주)엘엠에스,73110,2011/12,2007/10/12,1999/02/13
(주)엘오티베큠,83310,2011/12,2005/10/05,2002/03/23
(주)엘지,3550,2011/12,1970/02/13,1947/01/05
(주)엘지생활건강,51900,2011/12,2001/04/25,2001/04/03
(주)엘지유플러스,32640,2011/12,2008/04/21,1997/07/11
(주)엘지헬로비전,37560,2012/12,2012/11/09,1995/03/31
(주)엘지화학,51910,2011/12,2001/04/25,2001/04/01
(주)엠게임,58630,2011/12,2008/12/19,1999/12/28
(주)엠디에스테크,86960,2011/12,2006/09/26,1998/12/29
(주)엠씨넥스,97520,2012/12,2021/07/06,2004/12/22
(주)엠아이텍,179290,2018/12,2018/11/29,1991/04/01
(주)엠에스씨,9780,2011/12,1993/10/12,1974/04/12
(주)엠에스오토텍,123040,2011/12,2010/08/06,1990/09/06
(주)엠투엔,33310,2011/12,1997/11/10,1965/12/15
(주)엠플러스,259630,2017/12,2017/09/20,2003/04/09
(주)엠피대산,65150,2011/12,2007/07/18,1995/09/07
(주)연우,115960,2015/12,2015/11/02,1994/09/30
(주)연이비앤티,90740,2011/12,2007/09/19,2003/04/01
(주)영우디에스피,143540,2014/12,2014/10/29,2004/02/16
(주)영원무역,111770,2011/12,2009/07/30,2009/07/02
(주)영원무역홀딩스,9970,2011/12,1988/11/07,1974/06/05
(주)영풍,670,2011/12,1976/06/12,1949/11/25
(주)영흥,12160,2011/12,2010/01/25,1977/04/20
(주)예림당,36000,2011/12,1999/11/30,1989/02/22
(주)예선테크,250930,2016/12,2016/09/29,2016/07/15
(주)예스코홀딩스,15360,2011/12,1996/12/24,1981/03/05
(주)예스티,122640,2015/12,2015/12/16,2000/03/06
(주)오공,45060,2011/12,2000/08/10,1974/09/12
(주)오디텍,80520,2011/12,2007/10/08,1999/12/06
(주)오뚜기,7310,2011/12,1994/08/12,1971/06/03
(주)오르비텍,46120,2011/12,2010/06/15,1991/03/05
(주)오리엔탈정공,14940,2011/12,2001/12/26,1980/07/19
(주)오리엔트바이오,2630,2011/03,1976/12/28,1959/04/16
(주)오리엔트정공,65500,2011/12,2002/09/19,1987/06/25
(주)오리온,271560,2017/12,2017/07/07,2017/06/01
(주)오리온홀딩스,1800,2011/12,1975/06/27,1956/07/25
(주)오리콤,10470,2011/12,2000/10/24,1975/02/24
(주)오스코텍,39200,2011/12,2007/01/17,1998/12/08
(주)오스테오닉,226400,2018/12,2018/02/22,2012/03/09
(주)오스템,31510,2011/12,1997/02/12,1990/03/07
(주)오이솔루션,138080,2014/12,2014/02/27,2003/08/07
(주)오킨스전자,80580,2014/12,2014/12/24,1998/04/13
(주)오텍,67170,2011/12,2003/11/14,1991/07/31
(주)오파스넷,173130,2018/12,2018/08/24,2004/10/25
(주)오픈베이스,49480,2011/12,2001/01/09,1992/09/16
(주)오하임아이엔티,309930,2018/12,2018/12/20,2018/10/11
(주)옵투스제약,131030,2011/12,2010/12/03,2010/07/27
(주)옵트론텍,82210,2011/12,2005/06/24,1999/05/26
(주)옵티팜,153710,2018/12,2018/10/26,2000/07/27
(주)와이비엠넷,57030,2011/12,2004/06/08,2000/06/07
(주)와이솔,122990,2011/12,2010/09/10,2008/06/24
(주)와이어블,65530,2011/12,2002/06/04,1996/12/30
(주)와이엔텍,67900,2011/12,2005/12/23,1990/08/31
(주)와이오엠,66430,2011/06,2002/12/24,1999/01/11
(주)와이제이엠게임즈,193250,2014/12,2014/12/29,2004/05/21
(주)와이즈버즈,273060,2017/12,2017/08/07,2017/06/01
(주)와이지-원,19210,2011/12,1997/08/06,1981/12/20
(주)와이지엔터테인먼트,122870,2011/12,2011/11/23,1998/02/24
(주)와이지플러스,37270,2011/12,2003/08/01,1996/11/15
(주)와이투솔루션,11690,2011/12,1995/12/21,1976/11/04
(주)와이티엔,40300,2011/12,2001/09/04,1993/09/14
(주)용평리조트,70960,2016/12,2016/05/27,2000/02/07
(주)우리기술,32820,2011/12,2000/06/22,1995/01/12
(주)우리넷,115440,2011/12,2010/01/27,2000/01/04
(주)우리로,46970,2012/12,2012/11/27,1998/12/29
(주)우성,6980,2011/12,1988/10/10,1970/12/30
(주)우신시스템,17370,2011/12,2002/05/28,1984/02/23
(주)우양,103840,2019/12,2019/11/20,1992/01/28
(주)우정바이오,215380,2015/12,2015/05/18,2015/02/25
(주)우주일렉트로닉스,65680,2011/12,2004/01/02,1999/08/16
(주)우진,105840,2011/12,2010/07/26,1980/05/13
(주)우진아이엔에스,10400,2018/12,2018/09/14,1975/01/27
(주)우진플라임,49800,2011/12,2006/05/24,1991/12/17
(주)웅진,16880,2011/12,1994/11/05,1983/03/21
(주)웅진씽크빅,95720,2011/12,2007/06/05,2007/05/09
(주)원림,5820,2011/12,1990/04/20,1968/10/28
(주)원바이오젠,307280,2018/12,2018/12/05,2018/09/03
(주)원익,32940,2011/12,1997/07/18,1983/10/31
(주)원익머트리얼즈,104830,2011/12,2011/12/28,2006/12/04
(주)원익아이피에스,240810,2016/12,2016/05/02,2016/04/04
(주)원익큐브,14190,2011/12,1996/04/26,1979/06/12
(주)원익큐엔씨,74600,2011/12,2003/12/12,2003/11/12
(주)원익피앤이,131390,2011/12,2011/09/27,2004/03/16
(주)원익홀딩스,30530,2011/12,1996/09/24,1991/09/27
(주)원일특강,12620,2011/12,1994/06/28,1977/10/14
(주)원풍,8370,2011/12,1992/12/18,1973/01/06
(주)월덱스,101160,2011/12,2008/06/19,2000/01/17
(주)웨이버스,336060,2019/12,2019/11/28,2019/09/04
(주)웨이브일렉트로닉스,95270,2011/12,2007/09/12,1999/10/13
(주)웰크론,65950,2011/12,2003/07/29,1992/05/27
(주)웰크론한텍,76080,2011/12,2008/07/18,1995/01/12
(주)웹스,196700,2015/12,2015/08/24,2001/09/25
(주)웹젠,69080,2011/12,2003/05/23,2000/04/28
(주)위니아,71460,2016/12,2016/07/14,1999/10/06
(주)위닉스,44340,2011/12,2000/10/24,1986/09/22
(주)위메이드,112040,2011/12,2009/12/18,2000/02/10
(주)위메이드맥스,101730,2011/12,2009/06/03,1997/04/10
(주)위메이드플레이,123420,2011/12,2010/11/10,2010/02/25
(주)위스컴,24070,2011/12,1996/11/22,1978/05/09
(주)위지윅스튜디오,299900,2018/12,2018/12/20,2016/04/15
(주)위지트,36090,2011/12,1999/12/10,1997/02/04
(주)윈스,136540,2011/12,2011/05/02,2011/01/05
(주)윈팩,97800,2013/12,2013/03/07,2002/04/03
(주)윈하이텍,192390,2014/12,2014/07/25,2011/09/15
(주)윌링스,313760,2019/12,2019/07/25,2003/08/21
(주)윌비스,8600,2011/12,1989/07/28,1973/03/09
(주)유니드,14830,2011/12,2004/12/03,1980/05/10
(주)유니온,910,2011/12,1996/07/03,1952/12/06
(주)유니온커뮤니티,203450,2016/12,2016/12/07,2000/02/29
(주)유니켐,11330,2011/12,1989/12/14,1979/04/27
(주)유니크,11320,2011/12,1993/12/29,1976/04/21
(주)유니테스트,86390,2011/12,2006/12/05,2000/03/21
(주)유니테크노,241690,2016/12,2016/09/20,2000/06/23
(주)유니트론텍,142210,2016/12,2016/02/02,1996/06/25
(주)유라테크,48430,2011/12,2001/01/11,1987/05/07
(주)유바이오로직스,206650,2017/12,2017/01/24,2010/03/10
(주)유비케어,32620,2011/12,1997/05/02,1994/01/20
(주)유비쿼스,264450,2017/12,2017/03/31,2017/03/01
(주)유비쿼스홀딩스,78070,2011/12,2009/01/23,2000/07/11
(주)유성티엔에스,24800,2011/12,1999/12/10,1977/08/10
(주)유수홀딩스,700,2011/12,1956/03/03,1949/12/23
(주)유신,54930,2011/12,2002/01/15,1966/01/17
(주)유씨아이,38340,2011/12,2001/11/22,1967/04/07
(주)유아이디,69330,2011/12,2003/08/18,1990/05/18
(주)유에스티,263770,2017/12,2017/04/06,2017/01/23
(주)유유제약,220,2011/03,1975/11/18,1941/02/28
(주)유진로봇,56080,2011/12,2001/11/13,1993/12/07
(주)유진테크,84370,2011/12,2006/01/17,2000/01/05
(주)유테크,178780,2015/12,2015/06/30,2006/08/01
(주)유티아이,179900,2017/12,2017/09/27,2010/04/16
(주)유틸렉스,263050,2018/12,2018/12/24,2015/02/27
(주)유한양행,100,2011/12,1962/11/01,1926/06/20
(주)육일씨엔에쓰,191410,2015/12,2015/12/24,2007/03/14
(주)율호,72770,2011/12,2007/07/25,1998/03/03
(주)이건홀딩스,39020,2011/12,2000/05/04,1988/04/14
(주)이글루코퍼레이션,67920,2011/12,2010/08/04,1999/11/02
(주)이글벳,44960,2011/12,2000/11/16,1983/12/06
(주)이노메트리,302430,2018/12,2018/12/12,2008/06/03
(주)이노션,214320,2015/12,2015/07/17,2005/05/17
(주)이노와이어리스,73490,2011/12,2005/02/04,2000/09/27
(주)이노인스트루먼트,215790,2015/12,2015/05/08,2015/03/06
(주)이노테라피,246960,2019/12,2019/02/01,2010/04/19
(주)이녹스,88390,2011/12,2006/10/20,2001/11/08
(주)이녹스첨단소재,272290,2017/12,2017/07/10,2017/06/01
(주)이라이콤,41520,2011/12,2003/07/04,1984/04/23
(주)이랜시스,264850,2017/12,2017/06/01,2017/02/10
(주)이랜텍,54210,2011/12,2002/05/09,1982/01/21
(주)이루온,65440,2011/12,2003/01/28,1998/04/23
(주)이마트,139480,2011/12,2011/06/10,2011/05/03
(주)이미지스테크놀로지,115610,2011/12,2010/02/26,2004/03/25
(주)이브이수성,84180,2011/12,2005/12/16,1982/02/23
(주)이브이첨단소재,131400,2011/12,2010/12/27,2004/03/01
(주)이상네트웍스,80010,2011/12,2005/09/30,2000/02/28
(주)이수앱지스,86890,2011/12,2009/02/03,2001/03/29
(주)이수페타시스,7660,2011/12,2003/10/07,1972/02/14
(주)이수화학,5950,2011/12,1988/04/28,1969/01/17
(주)이스타코,15020,2011/12,1988/12/23,1980/09/30
(주)이스트소프트,47560,2011/12,2008/07/01,1993/10/02
(주)이씨에스텔레콤,67010,2011/03,2007/12/18,1999/10/07
(주)이아이디,93230,2011/12,2007/11/01,2002/06/27
(주)이엔에프테크놀로지,102710,2011/12,2009/05/28,2000/05/01
(주)이엔코퍼레이션,66980,2011/12,2003/01/17,1998/09/24
(주)이엔플러스,74610,2011/12,2003/12/23,2003/12/03
(주)이엘피,63760,2017/12,2017/04/06,1999/10/16
(주)이엠넷,123570,2011/12,2011/11/25,2000/04/20
(주)이엠앤아이,83470,2011/12,2008/09/18,1999/09/30
(주)이엠텍,91120,2011/12,2007/05/02,2001/01/18
(주)이오테크닉스,39030,2011/12,2000/08/24,1993/12/30
(주)이원,17940,2011/12,1997/08/27,1984/09/06
(주)이월드,84680,2011/12,2005/07/26,2005/07/05
(주)이즈미디어,181340,2017/12,2017/07/26,2002/11/20
(주)이지,37370,2011/12,2000/01/11,1987/05/15
(주)이지홀딩스,35810,2011/12,1999/11/23,1988/03/14
(주)이큐셀,160600,2015/12,2015/06/26,2004/06/30
(주)이크레더블,92130,2011/09,2008/10/24,2001/08/06
(주)이퓨쳐,134060,2011/12,2011/04/27,2000/01/21
(주)인디에프,14990,2011/12,1989/06/20,1980/09/08
(주)인바디,41830,2011/12,2000/12/14,1996/05/15
(주)인바이오젠,101140,2011/12,2008/04/02,2008/03/12
(주)인산가,277410,2017/12,2017/09/29,2017/07/26
(주)인성정보,33230,2011/12,1999/07/30,1992/02/10
(주)인스코비,6490,2011/12,1985/01/17,1970/02/27
(주)인지디스플레이,37330,2011/12,1999/12/14,1992/03/17
(주)인콘,83640,2011/12,2005/12/27,2000/08/01
(주)인터로조,119610,2011/12,2010/07/28,2000/10/25
(주)인터엠,17250,2011/09,1996/01/03,1983/10/05
(주)인터플렉스,51370,2011/12,2003/01/22,1994/07/19
(주)인텍플러스,64290,2011/12,2011/01/05,1995/10/13
(주)인텔리안테크놀로지스,189300,2016/12,2016/10/18,2004/02/05
(주)인트로메딕,150840,2013/12,2013/12/19,2004/09/03
(주)인트론바이오테크놀로지,48530,2011/12,2011/01/26,1999/01/18
(주)인팩,23810,2011/12,2004/09/21,1972/01/24
(주)인포마크,175140,2015/12,2015/09/23,2002/01/24
(주)인포바인,115310,2011/12,2010/02/09,2000/02/14
(주)인피니트헬스케어,71200,2011/12,2010/05/26,2002/12/30
(주)일승,333430,2019/12,2019/11/06,2019/08/07
(주)일신바이오베이스,68330,2011/12,2007/12/26,1994/09/27
(주)일신석재,7110,2011/12,1986/03/04,1971/02/26
(주)일야,58450,2011/12,2002/01/17,1978/02/24
(주)일지테크,19540,2011/12,1992/11/03,1986/11/24
(주)일진파워,94820,2011/12,2007/11/06,1990/03/01
(주)잇츠한불,226320,2015/12,2015/12/28,2006/02/07
(주)잉크테크,49550,2011/12,2002/02/28,1992/06/17
(주)자비스,254120,2016/12,2016/12/02,2016/09/20
(주)자연과환경,43910,2011/12,2005/11/18,1999/07/05
(주)장원테크,174880,2016/12,2016/07/15,2000/01/06
(주)정다운,208140,2014/12,2014/12/17,2014/10/20
(주)정상제이엘에스,40420,2011/12,2000/08/01,1993/07/31
(주)정원엔시스,45510,2011/12,2000/09/07,1969/06/27
(주)제넥신,95700,2011/12,2009/09/15,1999/06/08
(주)제넨바이오,72520,2011/12,2004/10/29,1989/07/01
(주)제노레이,122310,2018/12,2018/05/28,2001/04/12
(주)제노포커스,187420,2015/12,2015/05/29,2000/04/01
(주)제닉,123330,2011/12,2011/08/03,2001/09/27
(주)제로투세븐,159580,2013/12,2013/02/19,2000/02/03
(주)제우스,79370,2011/12,2006/02/01,1988/12/12
(주)제이브이엠,54950,2011/12,2006/06/07,1996/10/12
(주)제이스텍,90470,2011/12,2007/01/10,1995/03/09
(주)제이시스메디칼,287410,2018/12,2018/05/08,2017/12/01
(주)제이에스코퍼레이션,194370,2016/12,2016/02/04,1987/12/26
(주)제이에스티나,26040,2011/12,1999/12/21,1988/04/02
(주)제이엘케이,322510,2019/12,2019/12/11,2014/02/18
(주)제이와이피엔터테인먼트,35900,2011/06,2001/08/30,1996/04/25
(주)제이웨이,58420,2011/12,2002/01/10,1994/04/06
(주)제이티,89790,2011/12,2006/10/27,1998/07/07
(주)제이티씨,950170,2019/02,2018/04/06,1994/03/17
(주)제일기획,30000,2011/12,1998/03/03,1973/01/17
(주)제일바이오,52670,2011/12,2002/01/24,1977/05/04
(주)제일테크노스,38010,2011/12,2000/01/11,1971/03/04
(주)제주반도체,80220,2011/12,2005/02/01,2000/04/04
(주)제주항공,89590,2015/12,2015/11/06,2005/01/25
(주)제테마,216080,2019/12,2019/11/14,2009/07/17
(주)젬백스&카엘,82270,2011/12,2005/06/24,1998/03/10
(주)젬백스링크,64800,2011/12,2002/08/22,2000/04/06
(주)조비,1550,2011/12,1976/12/28,1955/11/15
(주)조이시티,67000,2011/12,2008/05/30,1994/05/30
(주)조흥,2600,2011/12,1976/12/23,1959/02/11
(주)종근당,185750,2013/12,2013/12/06,2013/11/05
(주)종근당바이오,63160,2011/12,2001/12/11,2001/11/13
(주)종근당홀딩스,1630,2011/12,1976/06/30,1956/01/10
(주)좋은사람들,33340,2011/12,1997/11/03,1993/05/01
(주)주연테크,44380,2011/12,2006/11/15,1988/05/10
(주)중앙디앤엠,51980,2011/12,2001/07/31,1999/04/23
(주)중앙백신연구소,72020,2011/12,2003/10/31,1994/10/04
(주)중앙에너비스,440,2011/09,1993/03/24,1946/10/01
(주)지노믹트리,228760,2019/12,2019/03/27,2000/10/06
(주)지누스,13890,2019/12,2019/10/30,1979/03/08
(주)지니뮤직,43610,2011/12,2000/07/20,1991/02/07
(주)지니틱스,303030,2018/12,2018/08/30,2018/06/26
(주)지란지교시큐리티,208350,2014/12,2014/12/24,2014/09/30
(주)지씨셀,144510,2016/12,2016/06/23,2011/06/21
(주)지어소프트,51160,2011/12,2002/05/28,1998/08/13
(주)지에스,78930,2011/12,2004/08/05,2004/07/01
(주)지에스글로벌,1250,2011/12,1976/06/26,1954/07/31
(주)지에스리테일,7070,2011/12,2011/12/23,1971/02/13
(주)지에스이,53050,2011/12,2001/10/11,1989/04/21
(주)지엔씨에너지,119850,2013/12,2013/10/02,1993/06/23
(주)지엔코,65060,2011/12,2002/05/28,1997/05/31
(주)지투알,35000,2011/12,1999/08/11,1984/05/31
(주)지티지웰니스,219750,2018/12,2018/09/21,1999/02/12
(주)진도,88790,2011/12,2006/03/28,2006/03/03
(주)진로발효,18120,2011/12,1993/12/29,1984/12/31
(주)진매트릭스,109820,2011/12,2009/11/06,2000/12/07
(주)진바이오텍,86060,2011/12,2006/04/28,2000/03/15
(주)진성티이씨,36890,2011/12,2000/07/20,1982/04/28
(주)진양홀딩스,100250,2011/12,2008/02/15,2008/01/07
(주)진에어,272450,2017/12,2017/12/08,2008/01/23
(주)차바이오텍,85660,2011/12,2005/12/27,2002/11/06
(주)창해에탄올,4650,2014/12,2014/07/30,1966/06/16
(주)천보,278280,2019/12,2019/02/11,2007/10/08
(주)천일고속,650,2011/12,1977/06/23,1949/09/30
(주)체리부로,66360,2017/12,2017/12/04,1991/09/07
(주)체시스,33250,2011/06,1999/08/11,1989/08/03
(주)초록뱀미디어,47820,2011/12,2002/12/24,1998/05/26
(주)초록뱀이앤엠,131100,2011/12,2011/06/14,2007/03/14
(주)초록뱀컴퍼니,52300,2011/12,2001/08/02,1995/08/17
(주)초록뱀헬스케어,118000,2011/12,2009/12/30,2009/12/01
(주)칩스앤미디어,94360,2013/12,2013/10/29,2003/03/06
(주)카나리아바이오,16790,2018/12,2018/06/01,1983/03/05
(주)카스,16920,2011/12,1990/01/04,1983/04/19
(주)카이노스메드,284620,2018/12,2018/06/08,2017/11/03
(주)카카오,35720,2017/12,2017/07/10,1995/02/16
(주)카프로,6380,2011/12,1974/05/28,1969/12/30
(주)캐리소프트,317530,2019/12,2019/10/29,2014/10/30
(주)캐스텍코리아,71850,2014/12,2014/05/27,1998/12/23
(주)캠시스,50110,2011/12,2001/05/17,1993/02/01
(주)컴투스,78340,2011/12,2007/07/06,1998/07/31
(주)컴투스홀딩스,63080,2011/12,2009/07/30,2000/01/10
(주)케스피온,79190,2011/12,2005/11/29,1998/06/01
(주)케어랩스,263700,2018/12,2018/03/28,2012/04/10
(주)케어젠,214370,2015/12,2015/11/17,2001/08/23
(주)케이비지,318000,2019/12,2019/08/01,2001/03/02
(주)케이사인,192250,2014/12,2014/04/28,2013/12/26
(주)케이씨,29460,2011/12,1997/11/25,1987/02/16
(주)케이씨씨,2380,2011/12,1973/06/25,1958/08/12
(주)케이씨씨건설,21320,2011/12,2001/08/21,1989/01/27
(주)케이씨아이,36670,2011/12,2001/01/03,1991/07/13
(주)케이씨에스,115500,2011/12,2010/04/14,2002/12/06
(주)케이씨텍,281820,2017/12,2017/12/05,2017/11/01
(주)케이씨티,89150,2011/12,2006/12/13,2002/12/14
(주)케이씨티시,9070,2011/12,1978/09/20,1973/07/20
(주)케이씨피드,25880,2011/12,1995/07/07,1970/05/06
(주)케이아이엔엑스,93320,2011/12,2011/02/08,2000/06/17
(주)케이에스에스해운,44450,2011/12,2007/10/26,1984/06/27
(주)케이에스피,73010,2011/12,2004/12/17,2000/06/28
(주)케이에이치바텍,60720,2011/12,2002/05/21,1992/11/23
(주)케이에이치필룩스,33180,2011/12,2001/12/26,1983/12/01
(주)케이엑스이노베이션,122450,2011/12,2011/05/25,2000/10/19
(주)케이엑스하이텍,52900,2011/12,2005/01/18,1997/03/05
(주)케이엔더블유,105330,2011/12,2009/09/29,2001/01/12
(주)케이엔엔,58400,2011/12,2010/11/03,1994/09/07
(주)케이엔제이,272110,2019/12,2019/10/25,2005/04/28
(주)케이엘넷,39420,2011/12,2002/03/12,1994/03/30
(주)케이엠,83550,2011/12,2005/12/20,1989/09/28
(주)케이엠더블유,32500,2011/12,2000/03/21,1994/10/05
(주)케이이씨,92220,2011/12,2006/10/16,2006/09/12
(주)케이지모빌리언스,46440,2011/12,2004/12/14,2000/03/17
(주)케이지이니시스,35600,2011/12,2002/11/22,1998/11/03
(주)케이티,30200,2011/12,1998/12/23,1981/12/10
(주)케이티서브마린,60370,2011/12,2002/02/15,1995/04/17
(주)케이티스카이라이프,53210,2011/12,2011/06/03,2001/01/12
(주)케이티씨에스,58850,2011/12,2010/09/16,2001/07/02
(주)케이티아이에스,58860,2011/12,2010/12/17,2001/06/27
(주)케이티알파,36030,2011/12,1999/12/24,1991/12/09
(주)케이티앤지,33780,2011/12,1999/10/08,1987/04/01
(주)케이프,64820,2011/12,2007/05/29,1983/12/26
(주)케이피에스,256940,2017/12,2017/09/06,2000/09/04
(주)케이피에프,24880,2011/12,1994/12/29,1963/10/31
(주)케이피엠테크,42040,2011/12,2003/01/07,1978/12/28
(주)케이피티유,54410,2011/12,2002/04/25,1995/08/09
(주)케일럼,258610,2017/12,2017/08/22,2009/05/19
(주)켐온,217600,2015/12,2015/06/26,2015/03/26
(주)켐트로닉스,89010,2011/12,2007/01/17,1997/04/01
(주)켐트로스,220260,2015/12,2015/07/27,2015/05/14
(주)코다코,46070,2011/12,2000/12/26,1997/02/14
(주)코데즈컴바인,47770,2011/12,2001/09/18,1995/08/16
(주)코디,80530,2011/12,2010/01/05,1999/02/13
(주)코디엠,224060,2015/12,2015/12/29,1999/07/27
(주)코렌텍,104540,2013/12,2013/03/05,2000/05/30
(주)코리아나화장품,27050,2011/12,1999/12/10,1988/11/15
(주)코리아센터,290510,2019/12,2019/11/29,2000/01/12
(주)코리아써키트,7810,2011/12,1985/09/09,1972/04/11
(주)코리아에스이,101670,2011/12,2008/07/15,1995/01/27
(주)코맥스,36690,2011/12,2000/01/18,1976/12/03
(주)코메론,49430,2011/12,2001/01/16,1983/01/25
(주)코미코,183300,2017/12,2017/03/23,2013/08/13
(주)코미팜,41960,2011/12,2001/10/30,1972/09/21
(주)코세스,89890,2011/12,2006/11/08,1994/01/25
(주)코센,9730,2011/12,1990/07/27,1974/03/25
(주)코스나인,82660,2011/12,2005/10/05,2001/06/20
(주)코스메카코리아,241710,2016/12,2016/10/28,1999/10/05
(주)코스온,69110,2011/12,2003/10/14,1999/12/07
(주)코썬바이오,204990,2016/12,2016/12/09,2006/08/04
(주)코아스,71950,2011/12,2005/08/04,1992/07/24
(주)코아시아,45970,2011/12,2000/08/03,1993/05/25
(주)코아시아옵틱스,196450,2014/12,2014/06/02,2014/05/09
(주)코엔텍,29960,2011/12,2004/06/18,1993/07/16
(주)코오롱,2020,2011/12,1975/06/23,1957/04/12
(주)코원플레이,56000,2011/12,2003/07/11,1996/09/11
(주)코윈테크,282880,2019/12,2019/08/05,1998/10/16
(주)코이즈,121850,2012/12,2012/09/27,2006/02/16
(주)코콤,15710,2011/12,1997/09/30,1976/06/01
(주)코텍,52330,2011/12,2001/07/10,1987/03/06
(주)코퍼스코리아,322780,2019/12,2019/05/31,2019/04/01
(주)코프라,126600,2011/12,2010/11/12,1997/10/13
(주)콘텐트리중앙,36420,2019/12,2019/10/18,1987/09/28
(주)콤텍시스템,31820,2011/12,1997/02/12,1983/08/18
(주)큐로,15590,2011/12,1989/05/27,1981/09/30
(주)큐로컴,40350,2011/12,2002/01/10,1997/04/24
(주)큐로홀딩스,51780,2011/12,2001/06/26,1987/12/29
(주)큐리언트,115180,2016/12,2016/02/29,2008/07/02
(주)큐브엔터테인먼트,182360,2013/12,2013/11/21,2013/07/25
(주)큐에스아이,66310,2011/12,2006/11/24,2000/07/07
(주)크라운제과,264900,2017/12,2017/04/11,2017/03/02
(주)크라운해태홀딩스,5740,2011/12,1976/06/30,1968/09/18
(주)크레버스,96240,2011/12,2008/06/27,2002/06/05
(주)크리스에프앤씨,110790,2018/12,2018/10/01,1998/08/06
(주)크린앤사이언스,45520,2011/12,2000/12/05,1979/12/31
(주)클라우드에어,36170,2011/12,1999/12/21,1993/12/02
(주)클래시스,214150,2015/12,2015/04/03,2015/01/15
(주)클리오,237880,2016/12,2016/11/09,1997/05/31
(주)키다리스튜디오,20120,2011/12,1996/07/03,1987/07/29
(주)키이스트,54780,2011/12,2003/11/14,1996/10/08
(주)타이거일렉,219130,2015/12,2015/09/25,2000/07/28
(주)탑엔지니어링,65130,2011/12,2003/01/29,1993/11/13
(주)탑코미디어,134580,2013/12,2013/11/26,2007/02/01
(주)태경비케이,14580,2011/12,1991/03/07,1980/01/22
(주)태광,23160,2011/12,1994/09/07,1982/09/01
(주)태성,323280,2019/12,2019/06/24,2019/04/05
(주)태양,53620,2011/12,2001/08/07,1989/10/14
(주)태영건설,9410,2011/12,1989/11/13,1973/11/20
(주)태웅,44490,2011/12,2001/11/08,1987/06/19
(주)태웅로직스,124560,2019/12,2019/12/10,1996/01/20
(주)테라젠이텍스,66700,2011/12,2004/05/27,1990/09/27
(주)테스,95610,2011/12,2008/05/20,2002/09/19
(주)테이팩스,55490,2017/12,2017/10/31,1994/04/15
(주)테크윙,89030,2011/12,2011/11/10,2002/08/01
(주)텔레칩스,54450,2011/12,2004/12/10,1999/10/29
(주)텔레필드,91440,2011/12,2008/02/01,2000/09/20
(주)텔콘알에프제약,200230,2014/12,2014/11/24,1999/01/08
(주)토니모리,214420,2015/12,2015/07/10,2006/07/26
(주)토박스코리아,215480,2015/12,2015/05/13,2015/02/24
(주)토비스,51360,2011/12,2004/11/19,1998/09/08
(주)토탈소프트뱅크,45340,2011/12,2002/07/19,1989/01/14
(주)톱텍,108230,2011/12,2009/09/15,1996/06/20
(주)투비소프트,79970,2011/12,2010/06/01,2000/07/10
(주)트루윈,105550,2014/12,2014/07/11,2006/05/12
(주)특수건설,26150,2011/12,1997/08/06,1971/05/31
(주)티라유텍,322180,2019/12,2019/10/31,2006/08/25
(주)티로보틱스,117730,2018/12,2018/11/29,2004/10/27
(주)티비씨,33830,2011/12,2010/11/29,1994/10/07
(주)티비에이치글로벌,84870,2011/12,2005/12/19,2001/01/01
(주)티사이언티픽,57680,2011/12,2002/06/18,1998/08/21
(주)티씨케이,64760,2011/12,2003/08/18,1996/08/07
(주)티앤알바이오팹,246710,2018/12,2018/11/28,2013/03/11
(주)티에스넥스젠,43220,2011/12,2001/07/03,1995/07/31
(주)티에스이,131290,2011/12,2011/01/05,1995/08/31
(주)티에스트릴리온,317240,2019/12,2019/04/29,2019/01/11
(주)티에이치엔,19180,2011/12,1996/07/31,1986/07/23
(주)티엘아이,62860,2011/12,2006/07/25,1998/10/28
(주)티움바이오,321550,2019/12,2019/11/22,2016/12/07
(주)티웨이항공,91810,2018/12,2018/08/01,2010/08/16
(주)티웨이홀딩스,4870,2011/12,1977/06/30,1945/10/10
(주)티케이케미칼,104480,2011/12,2011/04/26,2007/11/09
(주)티플랙스,81150,2011/12,2009/04/23,1991/12/13
(주)티피씨,130740,2011/12,2011/02/08,1999/01/01
(주)티피씨메카트로닉스,48770,2011/06,2001/01/16,1979/01/23
(주)파나진,46210,2011/12,2000/08/16,1976/07/01
(주)파라다이스,34230,2011/12,2002/11/05,1972/04/27
(주)파라텍,33540,2011/12,1997/12/26,1973/06/08
(주)파루,43200,2011/12,2000/07/19,1995/08/28
(주)파마리서치,214450,2015/12,2015/07/24,2001/03/03
(주)파멥신,208340,2018/12,2018/11/21,2008/09/03
(주)파버나인,177830,2014/12,2014/08/04,1997/07/04
(주)파세코,37070,2011/12,2000/01/04,1986/08/01
(주)파수,150900,2013/12,2013/10/18,2000/06/08
(주)파워넷,37030,2018/12,2018/06/07,1994/02/28
(주)파워로직스,47310,2011/12,2003/07/25,1997/09/03
(주)파이오링크,170790,2013/12,2013/08/02,2000/07/26
(주)파인디앤씨,49120,2011/12,2001/07/26,1999/03/19
(주)파인디지털,38950,2011/12,2000/05/04,1992/10/20
(주)파인테크닉스,106240,2011/12,2009/03/16,2009/01/05
(주)파인텍,131760,2015/12,2015/08/17,2008/11/19
(주)파커스,65690,2011/12,2002/07/16,1987/06/23
(주)파크시스템스,140860,2015/12,2015/12/17,1997/04/03
(주)파트론,91700,2011/12,2006/12/13,2003/01/28
(주)판타지오,32800,2011/12,1997/06/26,1991/01/08
(주)팜스빌,318010,2019/12,2019/10/22,2000/03/15
(주)팜스코,36580,2011/12,1999/10/25,1999/10/01
(주)팜스토리,27710,2011/12,1996/07/06,1991/04/17
(주)팬스타엔터프라이즈,54300,2011/12,2002/01/10,1995/11/21
(주)팬엔터테인먼트,68050,2011/12,2006/07/07,1998/04/03
(주)팬젠,222110,2016/12,2016/03/11,2010/01/11
(주)퍼시스,16800,2011/12,1996/12/24,1983/03/11
(주)펄어비스,263750,2018/12,2017/09/14,2010/09/10
(주)펩트론,87010,2015/12,2015/07/22,1997/11/21
(주)포메탈,119500,2011/12,2010/09/17,1969/10/15
(주)포스코아이씨티,22100,2011/12,2000/11/28,1989/11/15
(주)포스코엠텍,9520,2011/12,1997/11/10,1973/12/27
(주)포스코인터내셔널,47050,2011/12,2001/03/23,2000/12/27
(주)포스코케미칼,3670,2019/12,2019/05/29,1971/05/13
(주)포시에스,189690,2015/06,2015/02/11,2008/07/23
(주)포인트엔지니어링,256630,2017/12,2017/05/02,2016/10/13
(주)포커스에이치엔에스,331380,2019/12,2019/10/02,2019/07/10
(주)폴라리스세원,234100,2017/12,2017/10/20,1992/01/01
(주)폴라리스오피스,41020,2011/12,2005/10/28,1997/04/03
(주)폴라리스우노,114630,2011/12,2010/01/15,1999/07/19
(주)푸드나무,290720,2018/12,2018/10/04,2013/01/14
(주)푸드웰,5670,2011/12,1993/12/07,1968/08/09
(주)푸른기술,94940,2011/12,2007/09/14,1997/07/24
(주)풀무원,17810,2011/12,1995/10/05,1984/05/31
(주)풍강,93380,2011/08,2007/06/01,1974/09/10
(주)풍산,103140,2011/12,2008/07/30,2008/07/04
(주)풍산홀딩스,5810,2011/12,1988/07/28,1968/10/22
(주)퓨쳐켐,220100,2016/12,2016/12/01,2001/08/13
(주)프럼파스트,35200,2011/12,2002/01/15,1992/06/24
(주)프로스테믹스,203690,2014/12,2014/09/30,2014/06/25
(주)프로이천,321260,2019/12,2019/05/31,2019/03/13
(주)프로텍,53610,2011/12,2001/08/17,1997/09/01
(주)프리엠스,53160,2011/12,2001/10/30,1989/11/28
(주)플래스크,41590,2011/12,2002/11/01,1998/12/28
(주)플랜티넷,75130,2011/12,2005/06/10,2000/06/01
(주)플레이그램,9810,2011/12,1988/08/31,1974/04/17
(주)플레이위드,23770,2011/12,1994/11/07,1984/07/25
(주)플리토,300080,2019/12,2019/07/17,2012/08/24
(주)피델릭스,32580,2011/12,1997/04/22,1990/08/20
(주)피씨디렉트,51380,2011/12,2002/02/15,1998/09/01
(주)피에스엠씨,24850,2011/12,2001/01/18,1978/06/16
(주)피에이치씨,57880,2011/12,2003/12/29,1998/05/06
(주)피엔티,137400,2012/12,2012/07/06,2003/12/30
(주)피엔풍년,24940,2011/12,1995/01/04,1974/11/17
(주)피제이메탈,128660,2011/12,2010/12/13,2010/06/30
(주)피제이전자,6140,2011/12,1993/12/07,1969/07/18
(주)피피아이,62970,2019/12,2019/12/26,1999/09/21
(주)픽셀플러스,87600,2015/12,2015/06/12,2000/04/12
(주)필옵틱스,161580,2017/12,2017/06/01,2008/02/05
(주)하나투어,39130,2011/12,2011/11/01,1993/10/25
(주)하림,136480,2011/12,2011/05/02,2011/01/04
(주)하림지주,3380,2017/12,2017/06/30,1950/04/01
(주)하이로닉,149980,2014/12,2014/12/17,2007/12/11
(주)하이비젼시스템,126700,2011/12,2010/09/10,2010/04/08
(주)하이소닉,106080,2011/12,2010/02/09,2001/03/29
(주)하이스틸,71090,2011/12,2003/02/17,2003/01/01
(주)하이텍팜,106190,2011/12,2010/07/28,1998/09/01
(주)하이트론씨스템즈,19490,2011/12,1998/11/04,1986/11/10
(주)하츠,66130,2011/12,2003/02/11,1988/10/10
(주)한국가구,4590,2011/12,1993/06/03,1966/05/20
(주)한국경제티브이,39340,2011/12,2004/07/30,1999/08/31
(주)한국비엔씨,256840,2016/12,2016/12/28,2016/10/14
(주)한국전자홀딩스,6200,2011/12,1979/11/30,1969/09/09
(주)한국종합기술,23350,2011/12,2011/04/28,1963/03/09
(주)한국카본,17960,2011/12,1995/07/08,1984/09/17
(주)한국코퍼레이션,50540,2011/12,2005/12/12,1991/07/24
(주)한국큐빅,21650,2011/12,2003/01/24,1989/05/13
(주)한국테크놀로지,53590,2011/12,2001/08/23,1997/07/22
(주)한국특강,7280,2011/12,1989/11/13,1971/05/18
(주)한국팩키지,37230,2011/12,1999/12/21,1993/11/08
(주)한국화장품제조,3350,2011/12,1978/02/06,1962/03/21
(주)한글과컴퓨터,30520,2011/12,1996/09/24,1990/10/09
(주)한네트,52600,2011/12,2001/07/10,1997/04/15
(주)한농화성,11500,2011/12,2003/01/09,1976/07/10
(주)한독,2390,2011/12,1976/06/30,1954/04/27
(주)한독크린텍,256150,2019/12,2019/09/05,2003/11/26
(주)한라,14790,2011/12,1994/08/12,1980/05/02
(주)한라홀딩스,60980,2011/12,2010/05/19,1999/11/27
(주)한미글로벌건축사사무소,53690,2011/12,2009/06/23,1996/06/18
(주)한빛소프트,47080,2011/12,2002/01/10,1999/01/06
(주)한샘,9240,2011/12,2002/07/16,1973/09/12
(주)한섬,20000,2011/12,1996/07/03,1987/05/25
(주)한솔케미칼,14680,2011/12,1989/05/20,1980/03/13
(주)한솔홈데코,25750,2011/12,2003/11/04,1991/12/27
(주)한송네오텍,226440,2015/12,2015/10/06,2015/07/30
(주)한익스프레스,14130,2011/12,1989/07/25,1979/05/15
(주)한일진공,123840,2011/12,2010/10/05,2010/03/23
(주)한진,2320,2011/12,1974/08/12,1958/03/10
(주)한진중공업홀딩스,3480,2011/12,1956/03/03,1937/07/10
(주)한진칼,180640,2013/12,2013/09/16,2013/08/01
(주)한창,5110,2011/12,1976/06/01,1967/07/10
(주)한창바이오텍,43090,2011/12,2001/10/11,1987/04/16
(주)한창제지,9460,2011/12,1987/12/23,1973/12/06
(주)한컴위드,54920,2011/12,2001/11/01,1999/03/31
(주)한탑,2680,2011/12,1995/07/07,1959/06/26
(주)한화,880,2011/12,1976/06/24,1952/10/28
(주)핸디소프트,220180,2016/12,2016/11/24,2009/11/01
(주)헥토이노베이션,214180,2015/12,2015/06/30,2009/03/25
(주)헥토파이낸셜,234340,2019/12,2019/07/12,2000/10/09
(주)헬릭스미스,84990,2011/12,2005/12/29,1996/11/21
(주)현대공업,170030,2013/12,2013/12/04,1978/09/12
(주)현대그린푸드,5440,2011/12,1989/08/22,1968/02/27
(주)현대리바트,79430,2011/12,2005/11/22,1999/06/10
(주)현대미포조선,10620,2011/12,1983/12/20,1975/04/28
(주)현대바이오랜드,52260,2011/12,2001/05/17,1995/09/01
(주)현대백화점,69960,2011/12,2002/11/25,2002/11/01
(주)현대에버다임,41440,2011/12,2003/11/14,1994/07/01
(주)현대이지웰,90850,2013/12,2013/12/27,2003/01/14
(주)현대퓨처넷,126560,2011/12,2010/12/23,1992/03/16
(주)현대홈쇼핑,57050,2011/12,2010/09/13,2001/05/29
(주)협진,138360,2013/12,2013/11/08,2004/06/30
(주)형지아이앤씨,11080,2011/12,2004/07/02,1976/02/25
(주)형지엘리트,93240,2011/06,2009/09/28,2002/04/25
(주)혜인,3010,2011/12,1988/09/20,1960/10/17
(주)호텔신라,8770,2011/12,1991/03/12,1973/05/09
(주)홈센타홀딩스,60560,2011/12,2002/07/11,1988/07/25
(주)홈캐스트,64240,2011/12,2003/06/11,2000/04/27
(주)화승엔터프라이즈,241590,2016/12,2016/10/04,2015/11/17
(주)화승인더스트리,6060,2011/12,1991/02/04,1969/05/07
(주)화승코퍼레이션,13520,2011/12,1991/02/22,1978/09/15
(주)화신,10690,2011/12,1994/01/14,1975/07/01
(주)화신정공,126640,2011/12,2010/08/31,2010/04/28
(주)화인베스틸,133820,2014/12,2014/07/22,2007/10/01
(주)황금에스티,32560,2011/12,2009/10/29,1986/08/24
(주)효성,4800,2011/12,1973/06/30,1966/11/03
(주)후성,93370,2011/12,2006/12/22,2006/11/24
(주)휠라홀딩스,81660,2011/12,2010/09/28,1991/07/23
(주)휴네시온,290270,2018/12,2018/08/02,2003/12/15
(주)휴니드테크놀러지스,5870,2011/12,1991/09/03,1968/12/11
(주)휴맥스,115160,2011/12,2009/11/16,2009/10/15
(주)휴맥스홀딩스,28080,2011/12,1997/04/16,1989/01/09
(주)휴먼엔,32860,2011/12,1997/07/04,1986/01/01
(주)휴메딕스,200670,2014/12,2014/12/26,2003/02/07
(주)휴비스,79980,2012/12,2012/02/23,2000/11/01
(주)휴비츠,65510,2011/12,2003/10/31,1999/04/27
(주)휴센텍,215090,2015/12,2015/04/28,2015/02/12
(주)휴스틸,5010,2011/12,1973/06/29,1967/04/18
(주)휴엠앤씨,263920,2017/12,2017/09/28,2002/06/25
(주)휴온스,243070,2016/12,2016/06/03,2016/05/03
(주)휴온스글로벌,84110,2011/12,2006/12/19,1987/07/10
(주)흥국,10240,2011/12,2009/05/12,1974/10/17
(주)흥국에프엔비,189980,2015/12,2015/08/07,2008/03/25
(주)희림종합건축사사무소,37440,2011/12,2000/02/03,1996/07/30
(주)힘스,238490,2017/12,2017/07/20,1999/01/15
AJ네트웍스(주),95570,2015/12,2015/08/21,2000/02/10
CS홀딩스(주),590,2011/12,1975/12/22,1949/01/12
HD현대(주),267250,2017/12,2017/05/10,2017/04/03
KB오토시스(주),24120,2011/12,1994/12/07,1985/10/14
KD(주),44180,2011/12,2000/11/16,1976/08/06
KG스틸(주),16380,2011/12,1986/02/03,1982/10/27
KISCO홀딩스(주),1940,2011/12,1989/11/13,1957/02/19
LG이노텍(주),11070,2011/12,2008/07/24,1976/02/24
LS일렉트릭(주),10120,2011/12,1994/07/11,1974/07/24
OCI(주),10060,2011/12,1985/07/09,1974/07/01
SK이노베이션(주),96770,2011/12,2007/07/25,2007/07/03
SNT모티브(주),64960,2011/12,2002/03/11,2002/02/06
SNT중공업(주),3570,2011/12,1976/07/08,1959/04/01
STX엔진(주),77970,2011/12,2004/05/10,2004/04/01
STX중공업(주),71970,2011/12,2009/05/15,2001/06/15
가온미디어(주),78890,2011/12,2005/07/12,2001/05/11
가온전선(주),500,2011/12,1987/06/08,1947/09/24
감성코퍼레이션(주),36620,2011/12,2000/01/11,1994/07/28
강남제비스코(주),860,2011/12,1975/11/16,1952/07/16
갤럭시아머니트리(주),94480,2011/12,2007/07/20,1994/10/05
경남스틸(주),39240,2011/12,2000/03/07,1990/11/15
경남제약(주),53950,2011/12,2001/11/06,1998/12/29
경동제약(주),11040,2011/12,1992/12/18,1976/02/12
경인전자(주),9140,2011/12,1989/06/20,1973/08/06
경창산업(주),24910,2011/12,1994/12/29,1977/06/22
계룡건설산업(주),13580,2011/12,1996/01/30,1978/10/11
계양전기(주),12200,2011/12,1988/07/06,1977/04/27
고려산업(주),2140,2011/12,1991/01/14,1957/07/24
고려신용정보(주),49720,2011/12,2002/01/31,1991/06/27
고려아연(주),10130,2011/12,1990/07/28,1974/08/01
고려제강(주),2240,2011/12,1976/05/25,1945/09/21
고려제약(주),14570,2011/12,2000/12/07,1980/01/10
광동제약(주),9290,2011/12,1989/11/17,1963/10/16
광전자(주),17900,2011/12,1996/10/16,1984/07/31
광진실업(주),26910,2011/12,1996/01/03,1976/12/06
국도화학(주),7690,2011/12,1989/08/05,1972/02/22
국일신동(주),60480,2014/12,2014/12/29,1993/02/26
국일제지(주),78130,2011/12,2004/10/22,1978/08/21
국제약품(주),2720,2011/03,1975/12/23,1959/07/27
그랜드코리아레저(주),114090,2011/12,2009/11/19,2005/09/06
그레이트리치과기유한공사,900290,2016/06,2016/10/25,2012/09/11
그린케미칼(주),83420,2011/12,2005/10/20,2003/01/01
극동유화(주),14530,2011/12,1991/01/31,1979/12/28
글로벌에스엠테크리미티드,900070,2011/12,2009/12/23,2008/08/28
글로벌텍스프리(주),204620,2014/12,2014/11/19,2014/07/31
글로본(주),19660,2011/03,1992/06/04,1986/12/20
금강공업(주),14280,2011/12,1988/09/10,1979/08/08
금강철강(주),53260,2011/12,2002/01/04,1977/01/12
금호건설(주),2990,2011/12,1976/06/26,1960/09/05
금호석유화학(주),11780,2011/12,1988/01/22,1970/12/28
금호전기(주),1210,2011/12,1973/11/05,1935/05/25
금호타이어(주),73240,2011/12,2005/02/17,2003/06/30
기신정기(주),92440,2011/03,2007/10/30,1988/11/01
기아(주),270,2011/12,1973/07/21,1944/12/11
깨끗한나라(주),4540,2011/12,1974/06/19,1966/03/07
나노캠텍(주),91970,2011/12,2007/01/30,1999/12/23
나라엠앤디(주),51490,2011/12,2001/06/12,1999/02/19
나무기술(주),242040,2016/12,2016/09/07,2016/03/30
나이스정보통신(주),36800,2011/12,2000/05/03,1988/05/12
나이스평가정보(주),30190,2011/12,2000/05/16,1985/02/28
남광토건(주),1260,2011/12,1976/12/28,1954/08/05
남양유업(주),3920,2011/12,1978/06/24,1964/03/13
남해화학(주),25860,2011/12,1995/11/10,1947/05/08
남화산업(주),111710,2018/12,2018/11/29,1990/02/23
남화토건(주),91590,2012/12,2012/01/31,1959/08/22
네이버(주),35420,2011/12,2008/11/28,1999/06/02
넥센타이어(주),2350,2011/12,1976/05/19,1958/04/11
넷마블(주),251270,2017/12,2017/05/12,2011/11/17
농업회사법인(주)농우바이오,54050,2011/10,2002/04/02,1990/06/05
농업회사법인아시아종묘(주),154030,2018/09,2018/02/12,2004/06/24
뉴지랩파마(주),214870,2015/12,2015/10/13,2004/02/24
다믈멀티미디어(주),93640,2011/12,2007/10/19,1998/12/18
다스코(주),58730,2011/12,2004/08/02,1996/01/26
대동금속(주),20400,2011/12,1993/07/30,1987/12/29
대동기어(주),8830,2011/12,1991/05/17,1973/05/29
대동전자(주),8110,2011/03,1990/06/05,1972/10/10
대림비앤코(주),5750,2011/12,1992/12/23,1968/09/20
대림통상(주),6570,2011/12,1975/11/08,1970/04/01
대모엔지니어링(주),317850,2019/12,2019/07/24,1989/07/01
대보마그네틱(주),290670,2018/12,2018/11/06,1995/01/03
대봉엘에스(주),78140,2011/12,2005/12/23,1986/07/08
대상(주),1680,2011/12,1970/04/01,1956/01/31
대상홀딩스(주),84690,2011/12,2005/08/17,2005/08/01
대성산업(주),128820,2011/12,2010/07/30,2010/06/30
대성에너지(주),117580,2011/12,2010/12/24,2009/10/01
대성홀딩스(주),16710,2011/12,1999/12/22,1983/01/31
대신정보통신(주),20180,2011/03,1995/10/06,1987/08/28
대아티아이(주),45390,2011/12,2001/05/17,1995/09/12
대양전기공업(주),108380,2011/12,2011/07/08,1988/07/01
대양제지공업(주),6580,2011/12,1993/12/29,1970/02/01
대영포장(주),14160,2011/12,1990/03/06,1979/06/01
대우전자부품(주),9320,2011/12,1989/08/25,1973/10/13
대우조선해양(주),42660,2011/12,2001/02/02,2000/10/23
대원강업(주),430,2011/12,1977/06/22,1946/09/20
대원미디어(주),48910,2011/12,2001/07/31,1977/12/06
대원산업(주),5710,2011/12,1993/06/21,1968/09/10
대원전선(주),6340,2011/12,1988/05/04,1969/11/29
대원제약(주),3220,2011/12,1999/12/15,1961/08/09
대원화성(주),24890,2011/12,1997/10/28,1974/05/23
대정화금(주),120240,2011/12,2010/12/20,1986/11/13
대주산업(주),3310,2011/12,1992/08/01,1962/01/16
대주전자재료(주),78600,2011/12,2004/12/10,1981/07/06
대창단조(주),15230,2011/12,1989/07/25,1981/01/01
대한광통신(주),10170,2011/12,1994/11/07,1974/09/02
대한그린파워(주),60900,2011/12,2002/09/17,1997/02/28
대한뉴팜(주),54670,2011/12,2002/02/26,1984/10/20
대한방직(주),1070,2011/12,1973/12/28,1953/08/10
대한약품공업(주),23910,2011/12,1994/11/23,1963/05/11
대한유화(주),6650,2011/12,1999/08/11,1970/06/02
대한전선(주),1440,2011/12,1968/12/27,1955/02/21
대한제강(주),84010,2011/12,2005/10/31,1954/06/10
대한제당(주),1790,2011/12,1968/12/17,1956/07/06
대한제분(주),1130,2011/12,1970/11/25,1953/11/28
대한해운(주),5880,2011/12,1992/04/23,1968/12/12
대한화섬(주),3830,2011/12,1985/12/23,1963/10/22
대화제약(주),67080,2011/12,2003/02/14,1989/01/19
더이앤엠(주),89230,2011/12,2006/10/10,2002/07/08
덕산네오룩스(주),213420,2015/12,2015/02/06,2014/12/31
덕산하이메탈(주),77360,2011/12,2005/10/14,1999/05/06
덕양산업(주),24900,2011/12,1997/06/23,1977/07/11
덕우전자(주),263600,2017/12,2017/08/28,1992/08/01
데브시스터즈(주),194480,2014/12,2014/10/06,2007/05/30
도이치모터스(주),67990,2011/12,2004/12/03,2000/08/17
동국산업(주),5160,2011/12,1999/06/25,1967/09/01
동국제강(주),1230,2011/12,1988/05/09,1954/07/07
동국제약(주),86450,2011/12,2007/05/29,1968/10/15
동부건설(주),5960,2011/12,1978/10/30,1969/01/24
동성제약(주),2210,2011/12,1990/01/19,1957/11/25
동신건설(주),25950,2011/12,1995/08/07,1958/10/08
동아쏘시오홀딩스(주),640,2011/12,1970/02/10,1949/08/09
동아에스티(주),170900,2013/12,2013/04/08,2013/03/04
동아타이어공업(주),282690,2017/12,2017/11/29,2017/11/02
동아화성(주),41930,2011/12,2001/12/26,1974/11/18
동양이엔피(주),79960,2011/12,2005/02/01,1987/03/27
동양철관(주),8970,2011/12,1977/03/05,1973/08/01
동양파일(주),228340,2016/12,2016/04/06,2013/06/12
동양피스톤(주),92780,2017/12,2017/12/08,1967/07/01
동원금속(주),18500,2011/03,1995/11/10,1985/12/14
동원산업(주),6040,2011/12,1989/03/07,1969/04/16
동원수산(주),30720,2011/12,1996/11/22,1970/05/05
동원시스템즈(주),14820,2011/12,1994/03/29,1980/05/10
동일고무벨트(주),163560,2012/12,2012/10/19,2012/10/05
동일금속(주),109860,2011/12,2009/07/28,1984/12/20
동일산업(주),4890,2011/12,2005/06/30,1966/12/27
동일제강(주),2690,2015/12,2015/09/24,1959/07/13
동일철강(주),23790,2011/12,1994/11/07,1967/07/12
동화기업(주),25900,2011/12,1995/08/07,1948/04/02
동화약품(주),20,2011/12,1976/03/24,1897/09/25
두산밥캣(주),241560,2016/12,2016/11/18,2014/04/25
두산에너빌리티(주),34020,2011/12,2000/10/25,1962/09/20
두산퓨얼셀(주),336260,2019/12,2019/10/18,2019/10/01
디씨엠(주),24090,2011/12,1999/08/18,1972/03/04
디아이동일(주),1530,2011/12,1964/01/04,1955/08/05
디아이티(주),110990,2018/12,2018/08/07,2005/10/05
디에스알(주),155660,2013/12,2013/05/15,1965/04/01
디에스알제강(주),69730,2011/12,2003/01/28,1971/09/01
디엑스앤브이엑스(주),180400,2015/12,2015/11/20,2001/06/16
디엘(주),210,2011/12,1975/02/02,1939/10/10
디엘건설(주),1880,2011/12,1977/12/22,1974/04/09
디와이(주),13570,2011/12,1989/05/30,1978/10/05
디와이씨(주),310870,2018/12,2018/12/20,2018/10/22
디와이파워(주),210540,2015/12,2015/01/15,2014/12/03
디와이피엔에프(주),104460,2011/12,2009/12/22,1999/07/01
디젠스(주),113810,2012/12,2012/11/22,2006/02/01
디케이락(주),105740,2011/12,2010/11/12,1992/01/20
라온시큐어(주),42510,2011/12,2001/01/03,1998/04/16
라온피플(주),300120,2019/12,2019/10/18,2010/01/18
램테크놀러지(주),171010,2013/12,2013/11/18,2001/10/25
로스웰인터내셔널유한회사,900260,2015/12,2016/06/30,2014/02/05
로체시스템즈(주),71280,2011/12,2003/11/14,1997/11/01
롯데관광개발(주),32350,2011/12,2006/06/08,1971/05/24
롯데쇼핑(주),23530,2011/12,2006/02/09,1970/07/02
롯데정밀화학(주),4000,2011/12,1976/04/15,1964/08/27
롯데정보통신(주),286940,2018/12,2018/07/27,2017/11/02
롯데제과(주),280360,2017/12,2017/10/30,2017/10/12
롯데지주(주),4990,2011/12,1974/02/16,1967/03/24
롯데칠성음료(주),5300,2011/12,1973/06/21,1967/11/29
롯데케미칼(주),11170,2011/12,1991/05/30,1976/03/16
롯데하이마트(주),71840,2011/12,2011/06/29,1987/07/01
리노공업(주),58470,2011/12,2001/12/18,1996/12/20
마이크로로봇(주),182690,2014/12,2014/10/30,2000/06/30
만호제강(주),1080,2011/06,1977/06/18,1953/09/04
매일유업(주),267980,2017/12,2017/06/05,2017/05/01
매일홀딩스(주),5990,2011/12,1999/05/14,1969/02/14
메가스터디(주),72870,2011/12,2004/12/21,2000/07/12
메가스터디교육(주),215200,2015/12,2015/05/04,2015/04/03
메가엠디(주),133750,2015/12,2015/12/18,2004/01/19
메디앙스(주),14100,2011/12,1995/01/03,1979/04/28
메디포스트(주),78160,2011/12,2005/07/29,2000/06/26
명문제약(주),17180,2011/12,2008/07/10,1983/09/01
명성티엔에스(주),257370,2018/12,2018/09/13,2001/10/15
모바일어플라이언스(주),87260,2017/12,2017/02/24,2004/04/16
모트렉스(주),118990,2017/12,2017/08/04,2001/10/01
무림에스피(주),1810,2011/12,2000/01/04,1956/07/26
무림페이퍼(주),9200,2011/12,1990/06/09,1973/08/29
무림피앤피(주),9580,2011/12,1989/06/20,1974/01/14
문배철강(주),8420,2011/12,1994/11/05,1973/01/22
미디어젠(주),279600,2019/12,2019/11/05,2000/06/20
미래나노텍(주),95500,2011/12,2007/10/01,2002/08/01
미래산업(주),25560,2011/12,1996/11/22,1991/01/01
미스터블루(주),207760,2014/12,2014/12/12,2014/10/10
미원상사(주),2840,2011/12,1989/09/25,1959/11/03
미원스페셜티케미칼(주),268280,2017/12,2017/05/22,2017/05/01
미원홀딩스(주),107590,2011/12,2009/03/02,2009/02/02
미원화학(주),134380,2011/12,2011/02/15,2011/01/03
미창석유공업(주),3650,2011/12,1989/09/27,1962/12/27
바디텍메드(주),206640,2014/12,2014/12/29,2014/09/30
바이온(주),32980,2011/06,1997/08/06,1983/11/01
백광산업(주),1340,2011/12,1976/06/10,1954/11/25
범양건영(주),2410,2011/12,1988/05/25,1958/08/21
베뉴지(주),19010,2011/12,1993/11/05,1979/04/27
보성파워텍(주),6910,2011/12,1994/09/07,1970/11/21
보해양조(주),890,2011/12,1988/09/23,1952/11/11
부광약품(주),3000,2011/03,1988/08/05,1960/10/17
부국철강(주),26940,2011/12,2008/10/14,1976/08/23
부산산업(주),11390,2011/12,1990/09/14,1976/05/15
부산주공(주),5030,2011/12,1975/12/26,1967/04/27
브릿지바이오테라퓨틱스(주),288330,2019/12,2019/12/20,2015/09/17
비디아이(주),148140,2017/12,2017/11/09,1992/06/18
비에이치아이(주),83650,2011/12,2005/12/02,1998/06/12
비케이탑스(주),30790,2011/12,2010/11/02,1991/03/30
비플라이소프트(주),148780,2016/12,2022/06/20,1998/08/25
빛샘전자(주),72950,2012/12,2012/03/21,1998/11/03
사조동아원(주),8040,2011/12,1989/06/24,1972/07/26
사조산업(주),7160,2011/12,1989/07/25,1971/03/19
사조씨푸드(주),14710,2012/12,2012/06/29,1980/03/27
삼강엠앤티(주),100090,2011/12,2008/01/01,1996/11/01
삼륭물산(주),14970,2011/12,1992/12/29,1980/08/25
삼목에스폼(주),18310,2011/12,1996/05/03,1985/06/07
삼보모터스(주),53700,2011/12,2001/11/06,1987/09/25
삼보산업(주),9620,2011/12,1993/12/07,1974/02/08
삼부토건(주),1470,2011/12,1976/06/26,1955/05/14
삼성SDI(주),6400,2011/12,1979/02/27,1970/01/20
삼성공조(주),6660,2011/12,1987/11/28,1970/06/11
삼성물산(주),28260,2014/12,2014/12/18,1963/12/23
삼성바이오로직스(주),207940,2016/12,2016/11/10,2011/04/22
삼성에스디에스(주),18260,2014/12,2014/11/14,1985/05/01
삼성엔지니어링(주),28050,2011/12,1996/12/24,1978/10/19
삼성전기(주),9150,2011/12,1979/02/27,1973/08/08
삼성전자(주),5930,2011/12,1975/06/11,1969/01/13
삼성제약(주),1360,2011/12,1975/07/04,1929/08/15
삼성중공업(주),10140,2011/12,1994/01/28,1974/08/05
삼아알미늄(주),6110,2011/12,1980/12/05,1969/06/25
삼아제약(주),9300,2011/12,2000/07/19,1973/10/04
삼양식품(주),3230,2011/12,1975/06/30,1961/09/15
삼양통상(주),2170,2011/12,1989/11/10,1957/10/12
삼영무역(주),2810,2011/12,1988/03/28,1959/10/16
삼영엠텍(주),54540,2011/12,2001/11/15,1997/01/29
삼영이엔씨(주),65570,2011/12,2003/01/21,1995/02/06
삼영전자공업(주),5680,2011/12,1976/12/28,1968/08/20
삼영화학공업(주),3720,2011/12,1976/06/30,1959/04/10
삼익티에이치케이(주),4380,2011/12,1989/09/26,1960/05/10
삼일제약(주),520,2011/12,1985/05/29,1947/10/07
삼정펄프(주),9770,2011/12,2006/10/17,1974/04/09
삼지전자(주),37460,2011/12,1999/12/16,1981/07/24
삼진제약(주),5500,2011/12,1988/06/18,1968/04/18
삼천당제약(주),250,2011/12,2000/10/04,1943/12/29
삼천리자전거(주),24950,2011/12,1995/01/04,1979/03/23
삼현철강(주),17480,2011/12,2001/01/09,1984/01/24
삼호개발(주),10960,2011/12,2005/05/12,1976/01/15
삼화왕관(주),4450,2011/12,1976/05/28,1965/05/02
삼화전기(주),9470,2011/12,1986/11/24,1973/12/10
삼화전자공업(주),11230,2011/12,1987/05/25,1976/04/01
삼화콘덴서공업(주),1820,2011/12,1976/06/29,1956/08/14
삼화페인트공업(주),390,2011/12,1993/09/10,1946/04/09
상신브레이크(주),41650,2011/12,2004/10/27,1975/08/13
상신이디피(주),91580,2011/12,2007/05/23,1992/01/28
상신전자(주),263810,2017/12,2017/10/16,1988/07/01
새론오토모티브(주),75180,2011/12,2005/10/21,1999/03/31
샘표(주),7540,2011/12,1976/06/29,1971/12/09
샘표식품(주),248170,2016/12,2016/08/09,2016/07/04
서암기계공업(주),100660,2011/12,2011/12/19,1978/02/15
서울도시가스(주),17390,2011/12,1995/08/18,1983/11/28
서울반도체(주),46890,2011/12,2002/01/17,1987/03/05
서울식품공업(주),4410,2011/12,1973/12/28,1965/12/11
서울전자통신(주),27040,2011/12,1999/12/03,1983/06/17
서호전기(주),65710,2011/12,2002/07/16,1988/09/23
선도전기(주),7610,2011/12,1989/11/30,1972/01/22
성문전자(주),14910,2011/12,1990/03/24,1980/07/11
성보화학(주),3080,2011/12,1976/12/23,1961/01/06
성신양회(주),4980,2011/12,1976/06/30,1967/03/16
성우전자(주),81580,2011/12,2007/10/12,1987/08/26
성우테크론(주),45300,2011/12,2001/12/18,1997/04/01
성창기업지주(주),180,2011/12,1976/06/02,1916/11/20
성호전자(주),43260,2011/12,2001/11/29,1973/05/15
세기상사(주),2420,2011/12,1968/12/14,1958/08/21
세명전기공업(주),17510,2011/12,1991/12/26,1984/02/03
세방(주),4360,2011/12,1977/05/19,1965/09/13
세방전지(주),4490,2011/12,1987/11/28,1966/02/10
세원이앤씨(주),91090,2011/12,2006/07/31,2006/07/03
세종공업(주),33530,2011/12,2002/09/25,1976/06/10
세종텔레콤(주),36630,2011/12,2000/01/04,1992/06/09
세하(주),27970,2011/12,1996/07/03,1984/07/16
소니드(주),60230,2011/12,2002/06/25,1999/12/22
소프트캠프(주),258790,2017/12,2017/04/27,2016/11/01
솔루스첨단소재(주),336370,2019/12,2019/10/18,2019/10/01
솔브레인홀딩스(주),36830,2011/12,2000/01/18,1986/05/06
송원산업(주),4430,2011/12,1977/06/25,1965/12/15
스튜디오드래곤(주),253450,2017/12,2017/11/24,2016/05/03
시그네틱스(주),33170,2011/12,2010/11/26,1966/09/12
신대양제지(주),16590,2011/12,1995/12/21,1982/12/17
신라교역(주),4970,2011/12,1976/06/21,1967/03/06
신라섬유(주),1000,2011/12,1994/06/28,1976/03/08
신라에스지(주),25870,2011/12,1995/07/07,1977/08/18
신라젠(주),215600,2016/12,2016/12/06,2006/03/28
신성델타테크(주),65350,2011/12,2004/08/06,1987/11/09
신성통상(주),5390,2011/06,1975/12/05,1968/01/11
신세계건설(주),34300,2011/12,2002/06/17,1991/03/20
신송홀딩스(주),6880,2013/12,2013/11/21,1970/11/05
신신제약(주),2800,2017/12,2017/02/28,1959/09/09
신원종합개발(주),17000,2011/12,1994/12/07,1983/05/30
신일전자(주),2700,2011/12,1975/09/30,1959/07/14
신일제약(주),12790,2011/12,1999/08/13,1977/12/21
신풍제약(주),19170,2011/12,1990/01/20,1962/06/05
신풍제지(주),2870,2011/12,1976/06/30,1960/01/06
신화인터텍(주),56700,2011/12,2001/12/13,1988/05/27
신흥에스이씨(주),243840,2017/12,2017/09/27,2009/08/13
쌍용씨앤이(주),3410,2011/12,1975/05/03,1962/05/14
쌍용자동차(주),3620,2011/12,1975/05/21,1962/12/06
쌍용정보통신(주),10280,2011/12,2000/04/14,1981/12/08
써니전자(주),4770,2011/12,1987/04/22,1966/09/15
씨비아이(주),13720,2011/12,1993/12/29,1979/01/01
씨아이에스(주),222080,2015/12,2015/09/02,2015/05/22
씨앤지하이테크(주),264660,2018/12,2018/01/25,2002/07/16
씨앤티85(주),56730,2011/12,2002/01/04,1996/12/02
씨에스베어링(주),297090,2019/12,2019/11/21,2007/11/09
씨에스윈드(주),112610,2014/12,2014/11/27,2006/08/17
씨제이(주),1040,2011/12,1973/06/29,1953/08/01
씨제이대한통운(주),120,2011/12,1956/03/03,1930/11/15
씨제이바이오사이언스(주),311690,2019/12,2019/12/26,2009/11/18
씨제이씨지브이(주),79160,2011/12,2004/12/24,1999/03/31
씨제이씨푸드(주),11150,2011/12,1988/11/26,1976/03/15
씨제이제일제당(주),97950,2011/12,2007/09/28,2007/09/01
씨제이프레시웨이(주),51500,2011/12,2001/07/26,1988/10/27
씨케이에이치푸드앤헬스리미티드,900120,2011/06,2010/03/31,2009/02/24
씨큐브(주),101240,2011/12,2011/11/08,2000/10/20
아남전자(주),8700,2011/12,1984/08/11,1973/04/20
아미코젠(주),92040,2013/12,2013/09/12,2000/05/29
아비코전자(주),36010,2011/12,2002/07/03,1973/10/19
아세아(주),2030,2011/12,1974/06/03,1957/04/27
아세아시멘트(주),183190,2013/12,2013/11/06,2013/10/02
아세아제지(주),2310,2011/12,1988/12/15,1958/03/12
아시아나아이디티(주),267850,2018/12,2018/11/23,1991/09/02
아시아나항공(주),20560,2011/12,2008/03/28,1988/02/17
아이쓰리시스템(주),214430,2015/12,2015/07/30,1998/07/11
아이에스동서(주),10780,2011/12,1986/01/27,1975/09/01
아이진(주),185490,2015/12,2015/11/16,2000/06/23
아이큐어(주),175250,2018/12,2018/07/12,2000/05/29
아이크래프트(주),52460,2011/12,2005/01/03,2000/01/21
아이텍(주),119830,2011/12,2010/10/26,2005/02/01
아진산업(주),13310,2015/12,2015/12/22,1978/05/31
안국약품(주),1540,2011/12,2000/06/15,1959/02/12
알리코제약(주),260660,2018/12,2018/02/12,1992/10/01
알서포트(주),131370,2011/12,2011/01/05,2010/07/22
알에스오토메이션(주),140670,2017/12,2017/08/11,2009/12/10
알에프머트리얼즈(주),327260,2019/12,2019/12/24,2007/12/31
알에프에이치아이씨(주),218410,2015/12,2015/06/30,2015/04/14
압타바이오(주),293780,2019/12,2019/06/12,2009/07/24
애경산업(주),18250,2018/12,2018/03/22,1985/04/25
애경케미칼(주),161000,2012/12,2012/09/17,2012/09/03
애니젠(주),196300,2016/12,2016/12/07,2000/05/03
애머릿지코퍼레이션,900100,2011/12,2010/04/21,1978/05/01
앱클론(주),174900,2017/12,2017/09/18,2010/06/25
어보브반도체(주),102120,2011/12,2009/06/05,2006/01/11
에스넷시스템(주),38680,2011/12,2000/04/27,1999/02/08
에스디엔(주),99220,2011/12,2009/05/19,1994/03/18
에스맥(주),97780,2011/12,2008/01/23,2004/11/18
에스비더블유생명과학(주),151910,2012/12,2012/08/02,2004/12/02
에스비아이핀테크솔루션즈(주),950110,2013/03,2012/12/17,2011/04/04
에스씨아이평가정보(주),36120,2011/12,1999/12/07,1992/04/23
에스엔유프리시젼(주),80000,2011/12,2005/01/25,1998/02/20
에스엔케이폴리텍(주),91340,2011/12,2007/07/30,1999/11/08
에스엘(주),5850,2011/03,1988/11/08,1968/11/07
에스와이(주),109610,2015/12,2015/12/29,2000/09/29
에스지씨에너지(주),5090,2011/12,1993/01/06,1967/07/01
에스지씨이테크건설(주),16250,2011/12,1999/12/28,1982/09/14
에스지에이(주),49470,2011/12,2001/10/11,1997/11/21
에스지에이솔루션즈(주),184230,2014/06,2013/12/20,2013/09/05
에스지이(주),255220,2018/12,2018/01/26,2009/12/11
에스케이(주),34730,2011/12,2009/11/11,1991/04/13
에스케이가스(주),18670,2011/12,1997/08/27,1985/12/20
에스케이네트웍스(주),1740,2011/12,1977/06/30,1956/03/24
에스케이디스커버리(주),6120,2011/12,1976/06/29,1969/07/01
에스케이디앤디(주),210980,2015/12,2015/06/23,2004/04/27
에스케이렌터카(주),68400,2012/12,2012/07/27,1988/06/03
에스케이씨(주),11790,2011/12,1997/07/18,1973/07/16
에스케이케미칼(주),285130,2018/12,2018/01/05,2017/12/01
에스케이텔레콤(주),17670,2011/12,1989/11/07,1984/04/20
에스케이하이닉스(주),660,2011/12,1996/12/26,1949/10/15
에스텍(주),69510,2011/12,2003/11/14,1999/09/16
에스트래픽(주),234300,2017/12,2017/12/05,2013/01/25
에스티팜(주),237690,2016/12,2016/06/23,2008/08/18
에스퓨얼셀(주),288620,2018/12,2018/10/15,2014/02/28
에쓰-오일(주),10950,2011/12,1987/05/27,1976/01/06
에쓰씨엔지니어링(주),23960,2011/12,1997/06/23,1971/01/14
에어부산(주),298690,2018/12,2018/12/27,2007/08/31
에이비엘바이오(주),298380,2018/12,2018/12/19,2016/02/16
에이에프더블류(주),312610,2019/12,2019/07/01,1998/09/16
에이치디씨(주),12630,2011/12,1996/10/16,1977/10/14
에이치디씨랩스(주),39570,2015/12,2015/09/24,1999/09/17
에이치디씨현대산업개발(주),294870,2018/12,2018/06/12,2018/05/02
에이치디씨현대이피(주),89470,2011/12,2006/09/25,2000/01/15
에이치에스디엔진(주),82740,2011/12,2011/01/04,1999/12/30
에이치엘비(주),28300,2011/12,1996/07/27,1985/10/31
에이치엘비글로벌(주),3580,2011/12,1990/03/23,1962/09/24
에이치엘비생명과학(주),67630,2011/12,2008/11/25,1998/07/24
에이치엘비제약(주),47920,2015/12,2015/12/21,1998/04/23
에이치엘비테라퓨틱스(주),115450,2011/12,2010/03/26,2000/06/07
에이치엠엠(주),11200,2011/12,1995/10/05,1976/03/25
에이케이홀딩스(주),6840,2011/12,1999/08/11,1970/10/13
에이테크솔루션(주),71670,2011/12,2009/04/17,2001/08/20
에이프로젠제약(주),3060,2011/12,1984/10/19,1960/12/03
에이피시스템(주),265520,2017/12,2017/04/07,2017/03/02
에이피에스홀딩스(주),54620,2011/12,2001/12/04,1996/08/29
에이피위성(주),211270,2016/12,2016/03/04,2011/02/01
에이피티씨(주),89970,2018/12,2018/08/23,2002/02/25
에코바이오홀딩스(주),38870,2011/12,2001/05/29,1997/08/04
에코캡(주),128540,2018/12,2018/12/05,2007/08/16
에코플라스틱(주),38110,2011/12,2000/03/23,1984/06/01
에프엔에스테크(주),83500,2017/12,2017/02/27,2002/03/18
엑스큐어(주),70300,2011/12,2010/06/09,2000/09/15
엔브이에이치코리아(주),67570,2013/12,2013/12/03,1984/01/17
엔시트론(주),101400,2011/12,2009/03/31,2000/04/04
엔에이치엔(주),181710,2013/12,2013/08/29,2013/08/01
엔에이치엔한국사이버결제(주),60250,2011/12,2002/01/08,1994/12/28
엔피씨(주),4250,2011/12,1969/09/08,1965/05/29
엘브이엠씨홀딩스(주),900140,2011/12,2010/11/30,2009/06/16
엘비세미콘(주),61970,2011/12,2011/01/31,2000/02/10
엘아이지넥스원(주),79550,2015/12,2015/10/02,1998/02/25
엘에스전선아시아(주),229640,2016/12,2016/09/22,2015/05/15
엘지디스플레이(주),34220,2011/12,2004/07/23,1985/02/27
엘지전자(주),66570,2011/12,2002/04/22,2002/04/01
엘컴텍(주),37950,2011/12,2000/08/24,1991/09/13
엘티씨(주),170920,2013/12,2013/10/08,2007/11/23
엠에프엠코리아(주),323230,2019/12,2019/06/19,2019/04/04
엠케이전자(주),33160,2011/12,1997/11/10,1982/12/16
영보화학(주),14440,2011/12,1997/08/27,1979/12/11
영신금속공업(주),7530,2011/12,1994/08/05,1971/12/01
영진약품(주),3520,2011/12,1973/06/25,1962/07/16
영풍정밀(주),36560,2011/12,1999/12/28,1983/01/20
영풍제지(주),6740,2011/12,1996/07/03,1970/07/18
영화금속(주),12280,2011/12,1990/01/25,1977/06/07
영화테크(주),265560,2017/12,2017/10/26,2000/08/08
예스이십사(주),53280,2011/12,2008/05/07,1999/04/01
오가닉티코스메틱스홀딩스컴퍼니리미티드,900300,2015/12,2016/11/04,2012/11/27
오로라월드(주),39830,2011/12,2001/01/03,1985/09/25
오상자이엘(주),53980,2011/12,2002/04/09,1993/03/12
오성첨단소재(주),52420,2011/12,2001/08/07,1994/06/22
오션브릿지(주),241790,2016/12,2016/12/01,2012/03/02
오스템임플란트(주),48260,2011/12,2007/02/07,1997/01/08
올리패스(주),244460,2019/12,2019/09/20,2006/11/16
올릭스(주),226950,2018/12,2018/07/18,2010/02/26
옴니시스템(주),57540,2011/12,2007/09/19,1997/02/17
옵티시스(주),109080,2011/12,2011/07/12,1999/11/29
와이더블유(주),51390,2011/12,2001/11/15,1995/07/26
와이아이케이(주),232140,2015/12,2015/12/24,2015/10/22
와이엠씨(주),155650,2012/12,2012/11/15,2008/02/12
와이엠티(주),251370,2017/12,2017/04/27,1999/02/11
와토스코리아(주),79000,2011/12,2005/11/15,1997/06/13
우리바이오(주),82850,2011/12,2005/07/29,2000/05/25
우리산업(주),215360,2015/12,2015/05/06,2015/04/01
우리산업홀딩스(주),72470,2011/12,2003/10/28,1989/02/27
우리손에프앤지농업회사법인(주),73560,2016/12,2016/07/27,2001/02/22
우리엔터프라이즈(주),37400,2011/12,1999/12/16,1966/01/18
우리이앤엘(주),153490,2013/12,2013/02/05,2008/06/09
우림피티에스(주),101170,2011/12,2009/04/28,2000/03/01
우수AMS(주),66590,2011/12,2003/02/12,1995/06/13
우원개발(주),46940,2011/12,2002/06/18,1998/10/28
우진비앤지(주),18620,2011/12,2008/05/20,1985/12/17
원텍(주),336570,2019/12,2019/12/19,2019/09/16
원풍물산(주),8290,2011/12,1997/07/18,1972/12/20
웰바이오텍(주),10600,2011/12,1997/07/18,1975/04/19
웹케시(주),53580,2019/12,2019/01/25,1999/07/08
위즈코프(주),38620,2011/12,2000/05/04,1995/03/06
윈텍(주),320000,2019/12,2019/09/18,2019/03/05
윙입푸드홀딩스,900340,2018/12,2018/11/30,2015/04/24
유네코(주),64510,2018/12,2018/03/15,1982/08/05
유니셈(주),36200,2011/12,1999/12/10,1988/11/15
유니슨(주),18000,2011/12,1996/01/10,1984/09/24
유니온머티리얼(주),47400,2011/12,2009/09/29,2000/06/30
유니퀘스트(주),77500,2011/12,2004/08/05,1995/11/25
유비벨록스(주),89850,2011/12,2010/06/18,2000/09/01
유성기업(주),2920,2011/12,1988/10/10,1960/03/15
유아이엘(주),49520,2011/12,2001/08/02,1982/06/17
유엔젤(주),72130,2011/12,2003/07/01,1999/07/14
유진기업(주),23410,2011/12,1994/10/07,1984/06/13
율촌화학(주),8730,2011/12,1988/08/30,1973/05/01
이건산업(주),8250,2011/12,1988/10/21,1972/12/07
이구산업(주),25820,2011/12,1995/08/18,1971/01/16
이노시스(주),56090,2015/12,2015/11/12,1997/08/21
이니텍(주),53350,2011/12,2001/11/15,1997/06/13
이스트아시아홀딩스인베스트먼트리미티드,900110,2011/12,2010/04/23,2009/07/22
이엠코리아(주),95190,2011/12,2007/10/29,2003/03/20
이연제약(주),102460,2011/12,2010/06/10,1964/11/25
이원다이애그노믹스(주),245620,2018/12,2018/06/26,2013/05/06
이원컴포텍(주),88290,2011/12,2009/12/01,1994/11/18
이지케어텍(주),99750,2019/03,2019/03/22,2001/02/07
이트론(주),96040,2011/12,2008/01/25,1999/11/08
이화공영(주),1840,2011/12,1994/11/23,1956/08/30
이화산업(주),760,2011/03,1994/04/29,1950/03/29
이화전기공업(주),24810,2011/12,1994/12/29,1965/06/03
인베니아(주),79950,2011/12,2005/02/04,2001/01/26
인선이엔티(주),60150,2011/12,2002/06/14,1997/11/06
인지컨트롤스(주),23800,2011/12,1997/06/23,1978/01/31
인천도시가스(주),34590,2011/12,2006/11/07,1983/03/07
인크로스(주),216050,2016/12,2016/10/31,2007/08/13
인탑스(주),49070,2011/12,2002/02/21,1975/09/02
인터지스(주),129260,2011/12,2011/12/16,1956/02/23
인포뱅크(주),39290,2011/12,2006/07/04,1995/06/14
인화정공(주),101930,2011/12,2010/10/22,1999/01/08
일동제약(주),249420,2016/12,2016/08/31,2016/08/03
일동홀딩스(주),230,2011/12,1975/06/23,1941/03/14
일성건설(주),13360,2011/12,1989/12/02,1978/06/23
일성신약(주),3120,2011/12,1985/01/14,1961/02/15
일신방직(주),3200,2011/12,1973/05/22,1951/11/03
일양약품(주),7570,2011/03,1974/08/28,1946/07/01
일정실업(주),8500,2011/12,1994/08/12,1973/02/26
일진다이아몬드(주),81000,2011/12,2004/12/22,2004/12/02
일진디스플레이(주),20760,2011/12,2002/01/09,1994/04/01
일진머티리얼즈(주),20150,2011/12,2011/03/10,1987/08/11
일진전기(주),103590,2011/12,2008/08/01,2008/07/02
일진홀딩스(주),15860,2011/12,1990/03/22,1982/01/27
잉글우드랩(주),950140,2016/12,2016/10/14,2015/08/20
자이글(주),234920,2016/12,2016/09/06,2008/12/30
자이에스앤디(주),317400,2019/12,2019/11/06,2000/04/08
자화전자(주),33240,2011/12,1999/01/06,1981/04/25
재영솔루텍(주),49630,2011/12,2003/01/24,1984/12/20
전방(주),950,2011/12,1968/10/21,1953/02/23
전진바이오팜(주),110020,2018/12,2018/12/14,2004/09/23
제너셈(주),217190,2015/12,2015/09/25,2000/11/21
제룡산업(주),147830,2012/12,2012/02/13,2011/11/04
제룡전기(주),33100,2011/12,1997/08/18,1986/12/18
제이더블유생명과학(주),234080,2016/12,2016/10/27,1994/05/21
제이더블유신약(주),67290,2011/12,2003/02/11,1981/08/13
제이더블유중외제약(주),1060,2011/12,1976/06/14,1945/08/08
제이더블유홀딩스(주),96760,2011/12,2007/07/31,2007/07/03
제이스코홀딩스(주),23440,2011/12,1994/10/07,1964/07/18
제이씨케미칼(주),137950,2011/12,2011/08/08,2006/03/24
제이씨현시스템(주),33320,2011/12,1997/11/10,1991/05/11
제이엔케이히터(주),126880,2011/12,2011/01/31,1998/09/28
제이엠아이(주),33050,2011/12,1997/08/18,1993/02/20
제이엠티(주),94970,2011/12,2007/10/12,1998/06/01
제이준코스메틱(주),25620,2011/12,1995/07/08,1975/04/20
제일약품(주),271980,2017/12,2017/07/17,2017/06/01
제일연마공업(주),1560,2011/12,2005/12/09,1974/12/27
제일파마홀딩스(주),2620,2011/12,1988/01/20,1959/03/07
조광아이엘아이(주),44060,2011/12,2001/01/18,1994/05/31
조광페인트(주),4910,2011/12,1976/12/27,1967/01/16
조광피혁(주),4700,2011/12,1977/05/27,1966/08/03
조선내화(주),480,2011/12,1978/06/30,1947/05/15
조선선재(주),120030,2011/12,2010/02/19,2010/01/01
조아제약(주),34940,2011/12,1999/08/13,1996/03/15
조일알미늄(주),18470,2011/12,1988/11/22,1985/09/19
주성엔지니어링(주),36930,2011/12,1999/12/24,1995/04/13
줌인터넷(주),239340,2016/12,2016/06/09,2016/02/12
지나인제약(주),78650,2011/12,2010/10/22,1999/11/03
지니언스(주),263860,2017/12,2017/08/02,2005/01/06
지더블유바이텍(주),36180,2011/12,1999/12/21,1994/03/29
지에스건설(주),6360,2011/12,1981/08/03,1969/12/19
지에이치신소재(주),130500,2013/12,2013/08/01,2001/12/07
지엔원에너지(주),270520,2017/12,2017/08/22,2017/04/20
지엘팜텍(주),204840,2014/12,2014/11/20,2014/07/29
지엠비코리아(주),13870,2012/12,2012/11/20,1979/03/20
진양산업(주),3780,2011/12,1973/06/26,1963/07/18
진양제약(주),7370,2011/12,2000/07/27,1978/06/07
진양폴리우레탄(주),10640,2011/12,1989/09/30,1975/06/07
진양화학(주),51630,2011/12,2001/01/29,2001/01/03
진원생명과학(주),11000,2011/12,1987/11/16,1976/01/27
진흥기업(주),2780,2011/12,1977/06/25,1959/09/03
차이나크리스탈신소재홀딩스,900250,2014/12,2016/01/28,2012/02/23
참엔지니어링(주),9310,2011/12,1987/11/12,1973/10/04
참존글로벌(주),158310,2013/12,2013/04/03,1996/07/26
참좋은여행(주),94850,2011/12,2007/04/30,2007/02/20
카페24(주),42000,2018/12,2018/02/08,1999/05/17
커머스마이너 (주),223310,2015/12,2015/12/24,2011/01/19
컨버즈(주),109070,2011/12,2009/03/17,2009/02/25
컬러레이홀딩스,900310,2016/12,2017/08/10,2013/10/14
케이디켐(주),221980,2015/12,2015/11/19,1986/07/18
케이만금세기차륜집단유한공사,900280,2015/12,2016/10/19,2014/09/03
케이비아이동국실업(주),1620,2011/12,1990/09/15,1955/12/29
케이비아이메탈(주),24840,2011/12,1994/12/29,1987/02/25
케이씨그린홀딩스(주),9440,2011/12,1994/11/05,1973/11/27
케이씨코트렐(주),119650,2011/12,2010/01/29,2010/01/06
케이알모터스(주),40,2011/12,1976/05/25,1917/09/17
케이에이치건설(주),226360,2015/12,2015/10/22,2015/07/28
케이에이치전자(주),111870,2011/12,2010/11/05,1988/02/22
케이엠제약(주),225430,2015/12,2015/10/08,2015/07/10
케이지이티에스(주),151860,2013/12,2013/07/24,1999/10/29
케이지케미칼(주),1390,2011/12,1989/08/25,1954/12/31
케이피엑스라이프사이언스(주),114450,2011/12,2009/12/22,2005/04/01
케이피엑스케미칼(주),25000,2011/12,1994/12/27,1974/07/01
케이피엑스홀딩스(주),92230,2011/12,2006/10/12,2006/09/01
코나아이(주),52400,2011/12,2001/10/18,1998/03/11
코드네이처(주),78940,2011/12,2004/08/27,2004/07/02
코리아에프티(주),123410,2011/12,2010/08/27,2010/02/24
코스맥스(주),192820,2014/12,2014/04/07,1992/11/12
코스맥스비티아이(주),44820,2011/12,2006/11/13,1992/11/12
코스맥스엔비티(주),222040,2015/12,2015/12/16,2002/01/02
코스모신소재(주),5070,2011/12,1987/09/28,1967/05/16
코스모화학(주),5420,2011/12,1987/07/23,1968/02/12
코아스템(주),166480,2015/12,2015/06/26,2003/12/29
코오롱글로벌(주),3070,2011/12,1978/09/15,1960/12/28
코오롱생명과학(주),102940,2011/12,2009/04/07,2000/04/21
코오롱인더스트리(주),120110,2011/12,2010/02/01,2010/01/05
코오롱티슈진(주),950160,2017/12,2017/11/06,1999/06/09
코오롱플라스틱(주),138490,2011/12,2011/06/15,1996/03/15
코웨이(주),21240,2011/12,2001/08/07,1989/05/02
코웰패션(주),33290,2011/12,1997/10/13,1974/06/11
코위버(주),56360,2011/12,2001/12/04,2000/02/18
콜마비앤에이치(주),200130,2014/12,2014/07/23,2014/04/22
쿠쿠홀딩스(주),192400,2014/12,2014/08/06,1978/11/15
쿠쿠홈시스(주),284740,2018/12,2018/01/11,2017/12/01
큐렉소(주),60280,2011/12,2002/07/03,1992/02/29
크로바하이텍(주),43590,2011/12,2001/12/20,1974/10/23
크루셜텍(주),114120,2011/12,2010/07/21,2001/04/20
크리스탈지노믹스(주),83790,2011/12,2006/01/06,2000/07/07
키네마스터(주),139670,2011/12,2011/12/02,2002/09/09
태경산업(주),15890,2011/12,1996/01/30,1982/02/15
태경케미컬(주),6890,2011/12,2003/01/28,1970/11/11
태광산업(주),3240,2011/12,1975/12/27,1961/09/15
태림포장(주),11280,2011/12,1988/12/20,1976/04/12
태양금속공업(주),4100,2011/12,1976/05/25,1964/12/24
태원물산(주),1420,2011/12,1975/06/24,1955/01/11
태평양물산(주),7980,2011/12,1994/12/27,1972/06/30
테고사이언스(주),191420,2014/12,2014/11/06,2001/03/20
테라사이언스(주),73640,2011/12,2004/01/06,1993/10/19
텔코웨어(주),78000,2011/12,2004/07/20,2000/01/11
티와이엠(주),2900,2011/12,1973/06/26,1960/02/01
티제이미디어(주),32540,2011/12,1997/04/16,1991/04/18
티케이지애강(주),22220,2011/12,2006/04/11,1990/01/22
티케이지휴켐스(주),69260,2011/12,2002/10/07,2002/09/17
팅크웨어(주),84730,2011/12,2006/05/19,1997/03/26
파나케이아(주),58530,2011/12,2002/02/05,1994/01/25
파미셀(주),5690,2011/12,1988/05/20,1968/08/20
팜젠사이언스(주),4720,2011/12,1990/06/15,1966/08/22
패션플랫폼(주),225590,2015/12,2015/10/05,2015/07/15
팬오션(주),28670,2011/12,2007/09/21,1966/05/28
퍼스텍(주),10820,2011/12,1989/05/10,1975/09/25
펌텍코리아(주),251970,2019/12,2019/07/04,2001/08/10
페이퍼코리아(주),1020,2011/12,1976/05/24,1953/06/06
평화산업(주),90080,2011/12,2006/06/02,2006/05/02
평화홀딩스(주),10770,2011/12,1986/03/31,1950/10/30
포스코스틸리온(주),58430,2011/12,2002/08/16,1988/02/15
포스코홀딩스(주),5490,2011/12,1988/06/10,1968/03/25
풍국주정공업(주),23900,2011/12,1994/11/23,1954/02/27
피씨엘(주),241820,2017/12,2017/02/23,2008/02/12
피앤씨테크(주),237750,2016/12,2016/07/04,1999/03/04
피에스케이(주),319660,2019/12,2019/05/10,2019/04/01
피에스케이홀딩스(주),31980,2011/12,1997/01/07,1990/06/11
피에스텍(주),2230,2011/12,1991/01/04,1957/12/12
피에이치에이(주),43370,2011/12,2001/12/13,1985/04/11
하나마이크론(주),67310,2011/12,2005/10/11,2001/08/23
하나머티리얼즈(주),166090,2017/12,2017/04/28,2007/01/23
하나제약(주),293480,2018/12,2018/10/02,1978/01/19
하이록코리아(주),13030,2011/12,1989/12/15,1978/03/18
하이즈항공(주),221840,2015/12,2015/11/25,2001/11/16
하이트진로(주),80,2011/12,2009/10/19,1954/06/15
하이트진로홀딩스(주),140,2011/12,1973/09/28,1933/08/09
한국가스공사(주),36460,2011/12,1999/12/15,1983/08/18
한국공항(주),5430,2011/12,1976/12/28,1968/02/20
한국기업평가(주),34950,2011/09,2002/02/07,1983/12/29
한국내화(주),10040,2011/12,2000/10/16,1976/03/13
한국단자공업(주),25540,2011/12,1996/10/16,1973/04/20
한국맥널티(주),222980,2015/12,2015/12/23,1997/12/19
한국석유공업(주),4090,2011/12,1977/06/25,1964/12/11
한국선재(주),25550,2011/12,1995/06/19,1990/07/01
한국수출포장공업(주),2200,2011/12,1974/06/08,1957/11/21
한국쉘석유(주),2960,2011/12,1988/08/10,1960/07/05
한국알콜산업(주),17890,2011/12,1992/08/04,1984/07/27
한국앤컴퍼니(주),240,2011/12,1968/12/27,1941/05/10
한국유나이티드제약(주),33270,2011/12,2007/10/23,1987/12/03
한국유니온제약(주),80720,2018/12,2018/07/26,1985/08/10
한국전력공사(주),15760,2011/12,1989/08/10,1961/07/01
한국전력기술(주),52690,2011/12,2009/12/14,1975/10/01
한국전자금융(주),63570,2011/12,2006/07/14,2000/01/11
한국전자인증(주),41460,2011/12,2010/11/19,1999/03/26
한국정밀기계(주),101680,2011/12,2009/05/19,1988/04/21
한국정보공학(주),39740,2011/12,2000/07/06,1990/12/10
한국정보인증(주),53300,2014/12,2014/02/04,1999/07/02
한국정보통신(주),25770,2011/12,1998/01/20,1986/05/09
한국조선해양(주),9540,2011/12,1999/08/24,1973/12/28
한국주강(주),25890,2011/12,1997/07/18,1987/08/26
한국주철관공업(주),970,2011/03,1969/12/12,1953/04/27
한국지역난방공사,71320,2011/12,2010/01/29,1985/11/01
한국철강(주),104700,2011/12,2008/09/29,2008/09/03
한국컴퓨터(주),54040,2011/12,2002/01/15,1994/09/12
한국콜마(주),161890,2013/03,2012/10/19,2012/10/02
한국콜마홀딩스(주),24720,2011/03,2002/04/09,1990/05/15
한국타이어앤테크놀로지(주),161390,2012/12,2012/10/04,2012/09/01
한국프랜지공업(주),10100,2011/12,1987/10/02,1974/07/15
한국항공우주산업(주),47810,2011/12,2011/06/30,1999/12/14
한국화장품(주),123690,2011/12,2010/06/01,2010/05/03
한라아이엠에스(주),92460,2011/12,2007/05/22,1995/07/13
한미반도체(주),42700,2011/12,2005/07/22,1980/12/24
한미사이언스(주),8930,2011/12,1988/06/20,1973/06/15
한미약품(주),128940,2011/12,2010/07/30,2010/07/05
한성기업(주),3680,2011/12,1989/01/26,1963/03/14
한세실업(주),105630,2011/12,2009/03/20,2009/01/06
한세엠케이(주),69640,2011/12,2011/06/21,1995/03/31
한세예스24홀딩스(주),16450,2011/12,2000/01/06,1982/11/18
한솔로지스틱스(주),9180,2011/12,1989/11/13,1973/08/14
한솔아이원스(주),114810,2013/12,2013/02/07,2005/07/01
한솔인티큐브(주),70590,2011/12,2004/01/08,2003/12/16
한솔제지(주),213500,2015/12,2015/01/26,2015/01/02
한솔테크닉스(주),4710,2011/12,1988/07/06,1966/08/30
한솔피엔에스(주),10420,2011/12,1989/05/31,1975/02/04
한솔홀딩스(주),4150,2011/12,1972/05/17,1965/01/19
한스바이오메드(주),42520,2011/09,2009/10/09,1999/09/15
한신공영(주),4960,2011/12,1976/07/07,1967/02/24
한신기계공업(주),11700,2011/12,1987/07/24,1969/09/08
한양디지텍(주),78350,2011/12,2004/05/14,2004/04/19
한양이엔지(주),45100,2011/12,2000/08/31,1988/07/11
한온시스템(주),18880,2011/12,1996/07/31,1986/03/11
한올바이오파마(주),9420,2011/12,1989/12/18,1973/11/20
한일네트웍스(주),46110,2011/12,2006/01/20,1998/08/26
한일단조공업(주),24740,2011/12,1996/11/29,1966/05/16
한일사료(주),5860,2011/12,1994/11/07,1968/11/26
한일시멘트(주),300720,2018/12,2018/08/06,2018/07/02
한일철강(주),2220,2011/12,1988/10/07,1957/12/05
한일현대시멘트(주),6390,2011/12,1975/12/26,1969/12/30
한일홀딩스(주),3300,2011/12,1969/11/20,1961/12/28
한일화학공업(주),7770,2011/12,1992/09/07,1972/02/28
한전산업개발(주),130660,2011/12,2010/12/16,1990/04/11
한전케이피에스(주),51600,2011/12,2007/12/14,1984/03/27
한창산업(주),79170,2011/12,2005/02/01,1985/09/03
한화솔루션(주),9830,2011/12,1974/06/19,1974/04/27
한화시스템(주),272210,2019/12,2019/11/13,2000/01/11
한화에어로스페이스(주),12450,2011/12,1987/05/27,1977/08/01
해성디에스(주),195870,2016/12,2016/06/24,2014/04/17
해성산업(주),34810,2011/12,1999/04/16,1954/02/05
해성옵틱스(주),76610,2013/12,2013/11/06,2002/03/25
해태제과식품(주),101530,2016/12,2016/05/11,2001/07/11
핸즈코퍼레이션(주),143210,2016/12,2016/12/02,1972/03/03
헝셩그룹유한회사,900270,2015/12,2016/08/18,1995/11/14
현대건설(주),720,2011/12,1984/12/22,1950/01/10
현대건설기계(주),267270,2017/12,2017/05/10,2017/04/01
현대글로비스(주),86280,2011/12,2005/12/26,2001/02/22
현대두산인프라코어(주),42670,2011/12,2001/02/02,2000/10/23
현대로템(주),64350,2013/12,2013/10/30,1999/07/01
현대모비스(주),12330,2011/12,1989/09/05,1977/07/01
현대무벡스(주),319400,2019/12,2019/05/08,2019/02/18
현대바이오사이언스(주),48410,2011/12,2002/08/08,2000/05/25
현대비앤지스틸(주),4560,2011/12,1987/03/24,1966/04/07
현대약품(주),4310,2011/11,1978/05/30,1965/07/16
현대에너지솔루션(주),322000,2019/12,2019/11/19,2016/12/21
현대에이치티(주),39010,2011/12,2000/07/20,1998/04/25
현대엘리베이터(주),17800,2011/12,1996/07/03,1984/05/23
현대오토에버(주),307950,2019/12,2019/03/28,2000/04/10
현대위아(주),11210,2011/12,2011/02/21,1976/03/29
현대일렉트릭앤에너지시스템(주),267260,2017/12,2017/05/10,2017/04/01
현대자동차(주),5380,2011/12,1974/06/28,1967/12/29
현대제철(주),4020,2011/12,1987/05/23,1964/09/01
현대코퍼레이션(주),11760,2011/12,1977/12/01,1976/12/08
현대코퍼레이션홀딩스(주),227840,2015/12,2015/10/23,2015/10/02
현우산업(주),92300,2011/12,2007/10/24,1996/10/08
호전실업(주),111110,2017/12,2017/02/02,1985/03/18
화성밸브(주),39610,2011/03,2000/03/16,1987/04/27
화성산업(주),2460,2011/12,1988/09/29,1958/09/01
화일약품(주),61250,2011/12,2002/04/18,1980/11/18
화천기계(주),10660,2011/12,1988/12/12,1975/06/14
화천기공(주),850,2011/12,1999/11/18,1977/10/12
환인제약(주),16580,2011/12,1996/07/03,1982/12/16
효성아이티엑스(주),94280,2011/12,2007/10/25,1997/05/09
효성오앤비(주),97870,2011/06,2008/04/08,1984/08/23
효성중공업(주),298040,2018/12,2018/07/13,2018/06/04
효성첨단소재(주),298050,2018/12,2018/07/13,2018/06/04
효성티앤씨(주),298020,2018/12,2018/07/13,2018/06/04
효성화학(주),298000,2018/12,2018/07/13,2018/06/04
휴림네트웍스(주),192410,2014/12,2014/08/14,1997/10/15
휴림로봇(주),90710,2011/12,2006/12/05,1998/11/29
휴마시스(주),205470,2014/12,2014/12/01,2014/08/29
휴젤(주),145020,2015/12,2015/12/24,2001/11/22
흥구석유(주),24060,2011/12,1994/12/07,1966/12/16
흥아해운(주),3280,2011/12,1976/06/29,1961/12/08
