회사명,거래소코드,회계년도
(주)케이이씨,92220,201112
(주)케이이씨,92220,201212
(주)케이이씨,92220,201312
(주)케이이씨,92220,201412
(주)케이이씨,92220,201512
(주)케이이씨,92220,201612
(주)케이이씨,92220,201712
(주)케이이씨,92220,201812
(주)케이이씨,92220,201912
(주)루멘스,38060,201112
(주)루멘스,38060,201212
(주)루멘스,38060,201312
(주)루멘스,38060,201412
(주)루멘스,38060,201512
(주)루멘스,38060,201612
(주)루멘스,38060,201712
(주)루멘스,38060,201812
(주)루멘스,38060,201912
(주)바른전자,64520,201112
(주)바른전자,64520,201212
(주)바른전자,64520,201312
(주)바른전자,64520,201412
(주)바른전자,64520,201512
(주)바른전자,64520,201612
(주)바른전자,64520,201712
(주)바른전자,64520,201812
(주)바른전자,64520,201912
(주)비보존헬스케어,82800,201112
(주)비보존헬스케어,82800,201212
(주)비보존헬스케어,82800,201312
(주)비보존헬스케어,82800,201412
(주)비보존헬스케어,82800,201512
(주)비보존헬스케어,82800,201612
(주)비보존헬스케어,82800,201712
(주)비보존헬스케어,82800,201812
(주)비보존헬스케어,82800,201912
(주)신성이엔지,11930,201112
(주)신성이엔지,11930,201212
(주)신성이엔지,11930,201312
(주)신성이엔지,11930,201412
(주)신성이엔지,11930,201512
(주)신성이엔지,11930,201612
(주)신성이엔지,11930,201712
(주)신성이엔지,11930,201812
(주)신성이엔지,11930,201912
(주)알에프세미,96610,201112
(주)알에프세미,96610,201212
(주)알에프세미,96610,201312
(주)알에프세미,96610,201412
(주)알에프세미,96610,201512
(주)알에프세미,96610,201612
(주)알에프세미,96610,201712
(주)알에프세미,96610,201812
(주)알에프세미,96610,201912
(주)에스엘바이오닉스,214310,201512
(주)에스엘바이오닉스,214310,201612
(주)에스엘바이오닉스,214310,201712
(주)에스엘바이오닉스,214310,201812
(주)에스엘바이오닉스,214310,201912
(주)윈팩,97800,201312
(주)윈팩,97800,201412
(주)윈팩,97800,201512
(주)윈팩,97800,201612
(주)윈팩,97800,201712
(주)윈팩,97800,201812
(주)윈팩,97800,201912
(주)클라우드에어,36170,201112
(주)클라우드에어,36170,201212
(주)클라우드에어,36170,201312
(주)클라우드에어,36170,201412
(주)클라우드에어,36170,201512
(주)클라우드에어,36170,201612
(주)클라우드에어,36170,201712
(주)클라우드에어,36170,201812
(주)클라우드에어,36170,201912
광전자(주),17900,201112
광전자(주),17900,201212
광전자(주),17900,201312
광전자(주),17900,201412
광전자(주),17900,201512
광전자(주),17900,201612
광전자(주),17900,201712
광전자(주),17900,201812
광전자(주),17900,201912
서울반도체(주),46890,201112
서울반도체(주),46890,201212
서울반도체(주),46890,201312
서울반도체(주),46890,201412
서울반도체(주),46890,201512
서울반도체(주),46890,201612
서울반도체(주),46890,201712
서울반도체(주),46890,201812
서울반도체(주),46890,201912
시그네틱스(주),33170,201112
시그네틱스(주),33170,201212
시그네틱스(주),33170,201312
시그네틱스(주),33170,201412
시그네틱스(주),33170,201512
시그네틱스(주),33170,201612
시그네틱스(주),33170,201712
시그네틱스(주),33170,201812
시그네틱스(주),33170,201912
에스케이하이닉스(주),660,201112
에스케이하이닉스(주),660,201212
에스케이하이닉스(주),660,201312
에스케이하이닉스(주),660,201412
에스케이하이닉스(주),660,201512
에스케이하이닉스(주),660,201612
에스케이하이닉스(주),660,201712
에스케이하이닉스(주),660,201812
에스케이하이닉스(주),660,201912
엘비세미콘(주),61970,201112
엘비세미콘(주),61970,201212
엘비세미콘(주),61970,201312
엘비세미콘(주),61970,201412
엘비세미콘(주),61970,201512
엘비세미콘(주),61970,201612
엘비세미콘(주),61970,201712
엘비세미콘(주),61970,201812
엘비세미콘(주),61970,201912
우리이앤엘(주),153490,201312
우리이앤엘(주),153490,201412
우리이앤엘(주),153490,201512
우리이앤엘(주),153490,201612
우리이앤엘(주),153490,201712
우리이앤엘(주),153490,201812
우리이앤엘(주),153490,201912
(주)동일기연,32960,201112
(주)동일기연,32960,201212
(주)동일기연,32960,201312
(주)동일기연,32960,201412
(주)동일기연,32960,201512
(주)동일기연,32960,201612
(주)동일기연,32960,201712
(주)동일기연,32960,201812
(주)동일기연,32960,201912
(주)마이크로컨텍솔루션,98120,201112
(주)마이크로컨텍솔루션,98120,201212
(주)마이크로컨텍솔루션,98120,201312
(주)마이크로컨텍솔루션,98120,201412
(주)마이크로컨텍솔루션,98120,201512
(주)마이크로컨텍솔루션,98120,201612
(주)마이크로컨텍솔루션,98120,201712
(주)마이크로컨텍솔루션,98120,201812
(주)마이크로컨텍솔루션,98120,201912
(주)멜파스,96640,201112
(주)멜파스,96640,201212
(주)멜파스,96640,201312
(주)멜파스,96640,201412
(주)멜파스,96640,201512
(주)멜파스,96640,201612
(주)멜파스,96640,201712
(주)멜파스,96640,201812
(주)멜파스,96640,201912
(주)모아텍,33200,201112
(주)모아텍,33200,201212
(주)모아텍,33200,201312
(주)모아텍,33200,201412
(주)모아텍,33200,201512
(주)모아텍,33200,201612
(주)새로닉스,42600,201112
(주)새로닉스,42600,201212
(주)새로닉스,42600,201312
(주)새로닉스,42600,201412
(주)새로닉스,42600,201512
(주)새로닉스,42600,201612
(주)새로닉스,42600,201712
(주)새로닉스,42600,201812
(주)새로닉스,42600,201912
(주)솔루에타,154040,201312
(주)솔루에타,154040,201412
(주)솔루에타,154040,201512
(주)솔루에타,154040,201612
(주)솔루에타,154040,201712
(주)솔루에타,154040,201812
(주)솔루에타,154040,201912
(주)시노펙스,25320,201112
(주)시노펙스,25320,201212
(주)시노펙스,25320,201312
(주)시노펙스,25320,201412
(주)시노펙스,25320,201512
(주)시노펙스,25320,201612
(주)시노펙스,25320,201712
(주)시노펙스,25320,201812
(주)시노펙스,25320,201912
(주)아모텍,52710,201112
(주)아모텍,52710,201212
(주)아모텍,52710,201312
(주)아모텍,52710,201412
(주)아모텍,52710,201512
(주)아모텍,52710,201612
(주)아모텍,52710,201712
(주)아모텍,52710,201812
(주)아모텍,52710,201912
(주)에스디시스템,121890,201112
(주)에스디시스템,121890,201212
(주)에스디시스템,121890,201312
(주)에스디시스템,121890,201412
(주)에스디시스템,121890,201512
(주)에스디시스템,121890,201612
(주)에스디시스템,121890,201712
(주)에스디시스템,121890,201812
(주)에스디시스템,121890,201912
(주)에스앤에스텍,101490,201112
(주)에스앤에스텍,101490,201212
(주)에스앤에스텍,101490,201312
(주)에스앤에스텍,101490,201412
(주)에스앤에스텍,101490,201512
(주)에스앤에스텍,101490,201612
(주)에스앤에스텍,101490,201712
(주)에스앤에스텍,101490,201812
(주)에스앤에스텍,101490,201912
(주)와이제이엠게임즈,193250,201412
(주)와이제이엠게임즈,193250,201512
(주)와이제이엠게임즈,193250,201612
(주)와이제이엠게임즈,193250,201712
(주)와이제이엠게임즈,193250,201812
(주)와이제이엠게임즈,193250,201912
(주)우주일렉트로닉스,65680,201112
(주)우주일렉트로닉스,65680,201212
(주)우주일렉트로닉스,65680,201312
(주)우주일렉트로닉스,65680,201412
(주)우주일렉트로닉스,65680,201512
(주)우주일렉트로닉스,65680,201612
(주)우주일렉트로닉스,65680,201712
(주)우주일렉트로닉스,65680,201812
(주)우주일렉트로닉스,65680,201912
(주)캠시스,50110,201112
(주)캠시스,50110,201212
(주)캠시스,50110,201312
(주)캠시스,50110,201412
(주)캠시스,50110,201512
(주)캠시스,50110,201612
(주)캠시스,50110,201712
(주)캠시스,50110,201812
(주)캠시스,50110,201912
(주)케이에이치바텍,60720,201112
(주)케이에이치바텍,60720,201212
(주)케이에이치바텍,60720,201312
(주)케이에이치바텍,60720,201412
(주)케이에이치바텍,60720,201512
(주)케이에이치바텍,60720,201612
(주)케이에이치바텍,60720,201712
(주)케이에이치바텍,60720,201812
(주)케이에이치바텍,60720,201912
(주)케이에이치필룩스,33180,201112
(주)케이에이치필룩스,33180,201212
(주)케이에이치필룩스,33180,201312
(주)케이에이치필룩스,33180,201412
(주)케이에이치필룩스,33180,201512
(주)케이에이치필룩스,33180,201612
(주)케이에이치필룩스,33180,201712
(주)케이에이치필룩스,33180,201812
(주)케이에이치필룩스,33180,201912
(주)트루윈,105550,201412
(주)트루윈,105550,201512
(주)트루윈,105550,201612
(주)트루윈,105550,201712
(주)트루윈,105550,201812
(주)트루윈,105550,201912
(주)파버나인,177830,201412
(주)파버나인,177830,201512
(주)파버나인,177830,201612
(주)파버나인,177830,201712
(주)파버나인,177830,201812
(주)파버나인,177830,201912
(주)피에스엠씨,24850,201112
(주)피에스엠씨,24850,201212
(주)피에스엠씨,24850,201312
(주)피에스엠씨,24850,201412
(주)피에스엠씨,24850,201512
(주)피에스엠씨,24850,201612
(주)픽셀플러스,87600,201512
(주)픽셀플러스,87600,201612
(주)픽셀플러스,87600,201712
(주)픽셀플러스,87600,201812
(주)픽셀플러스,87600,201912
(주)하이소닉,106080,201112
(주)하이소닉,106080,201212
(주)하이소닉,106080,201312
(주)하이소닉,106080,201412
(주)하이소닉,106080,201512
(주)하이소닉,106080,201612
(주)하이소닉,106080,201712
(주)하이소닉,106080,201812
(주)하이소닉,106080,201912
대주전자재료(주),78600,201112
대주전자재료(주),78600,201212
대주전자재료(주),78600,201312
대주전자재료(주),78600,201412
대주전자재료(주),78600,201512
대주전자재료(주),78600,201612
대주전자재료(주),78600,201712
대주전자재료(주),78600,201812
대주전자재료(주),78600,201912
아이쓰리시스템(주),214430,201512
아이쓰리시스템(주),214430,201612
아이쓰리시스템(주),214430,201712
아이쓰리시스템(주),214430,201812
아이쓰리시스템(주),214430,201912
에스엔케이폴리텍(주),91340,201112
에스엔케이폴리텍(주),91340,201212
에스엔케이폴리텍(주),91340,201312
에스엔케이폴리텍(주),91340,201412
에스엔케이폴리텍(주),91340,201512
에스엔케이폴리텍(주),91340,201612
에스엔케이폴리텍(주),91340,201712
에스엔케이폴리텍(주),91340,201812
에스엔케이폴리텍(주),91340,201912
일진머티리얼즈(주),20150,201112
일진머티리얼즈(주),20150,201212
일진머티리얼즈(주),20150,201312
일진머티리얼즈(주),20150,201412
일진머티리얼즈(주),20150,201512
일진머티리얼즈(주),20150,201612
일진머티리얼즈(주),20150,201712
일진머티리얼즈(주),20150,201812
일진머티리얼즈(주),20150,201912
제이엠티(주),94970,201112
제이엠티(주),94970,201212
제이엠티(주),94970,201312
제이엠티(주),94970,201412
제이엠티(주),94970,201512
제이엠티(주),94970,201612
제이엠티(주),94970,201712
제이엠티(주),94970,201812
제이엠티(주),94970,201912
한국컴퓨터(주),54040,201112
한국컴퓨터(주),54040,201212
한국컴퓨터(주),54040,201312
한국컴퓨터(주),54040,201412
한국컴퓨터(주),54040,201512
한국컴퓨터(주),54040,201612
한국컴퓨터(주),54040,201712
한국컴퓨터(주),54040,201812
한국컴퓨터(주),54040,201912
(주)나무가,190510,201512
(주)나무가,190510,201612
(주)나무가,190510,201712
(주)나무가,190510,201812
(주)나무가,190510,201912
(주)매직마이크로,127160,201512
(주)매직마이크로,127160,201612
(주)매직마이크로,127160,201712
(주)매직마이크로,127160,201812
(주)매직마이크로,127160,201912
(주)씨엔플러스,115530,201112
(주)씨엔플러스,115530,201212
(주)씨엔플러스,115530,201312
(주)씨엔플러스,115530,201412
(주)씨엔플러스,115530,201512
(주)씨엔플러스,115530,201612
(주)씨엔플러스,115530,201712
(주)씨엔플러스,115530,201812
(주)씨엔플러스,115530,201912
(주)아이에이,38880,201112
(주)아이에이,38880,201212
(주)아이에이,38880,201312
(주)아이에이,38880,201412
(주)아이에이,38880,201512
(주)아이에이,38880,201612
(주)아이에이,38880,201712
(주)아이에이,38880,201812
(주)아이에이,38880,201912
(주)아이엠,101390,201112
(주)아이엠,101390,201212
(주)아이엠,101390,201312
(주)아이엠,101390,201412
(주)아이엠,101390,201512
(주)아이엠,101390,201612
(주)아이엠,101390,201712
(주)아이엠,101390,201812
(주)아이엠,101390,201912
(주)아이윈플러스,123010,201612
(주)아이윈플러스,123010,201712
(주)아이윈플러스,123010,201812
(주)아이윈플러스,123010,201912
(주)오킨스전자,80580,201412
(주)오킨스전자,80580,201512
(주)오킨스전자,80580,201612
(주)오킨스전자,80580,201712
(주)오킨스전자,80580,201812
(주)오킨스전자,80580,201912
(주)월덱스,101160,201112
(주)월덱스,101160,201212
(주)월덱스,101160,201312
(주)월덱스,101160,201412
(주)월덱스,101160,201512
(주)월덱스,101160,201612
(주)월덱스,101160,201712
(주)월덱스,101160,201812
(주)월덱스,101160,201912
(주)유씨아이,38340,201112
(주)유씨아이,38340,201212
(주)유씨아이,38340,201312
(주)유씨아이,38340,201412
(주)유씨아이,38340,201512
(주)유씨아이,38340,201612
(주)유씨아이,38340,201712
(주)유씨아이,38340,201812
(주)유씨아이,38340,201912
(주)육일씨엔에쓰,191410,201512
(주)육일씨엔에쓰,191410,201612
(주)육일씨엔에쓰,191410,201712
(주)육일씨엔에쓰,191410,201812
(주)육일씨엔에쓰,191410,201912
(주)이랜텍,54210,201112
(주)이랜텍,54210,201212
(주)이랜텍,54210,201312
(주)이랜텍,54210,201412
(주)이랜텍,54210,201512
(주)이랜텍,54210,201612
(주)이랜텍,54210,201712
(주)이랜텍,54210,201812
(주)이랜텍,54210,201912
(주)이엠텍,91120,201112
(주)이엠텍,91120,201212
(주)이엠텍,91120,201312
(주)이엠텍,91120,201412
(주)이엠텍,91120,201512
(주)이엠텍,91120,201612
(주)이엠텍,91120,201712
(주)이엠텍,91120,201812
(주)이엠텍,91120,201912
(주)케이엔더블유,105330,201112
(주)케이엔더블유,105330,201212
(주)케이엔더블유,105330,201312
(주)케이엔더블유,105330,201412
(주)케이엔더블유,105330,201512
(주)케이엔더블유,105330,201612
(주)케이엔더블유,105330,201712
(주)케이엔더블유,105330,201812
(주)케이엔더블유,105330,201912
LG이노텍(주),11070,201112
LG이노텍(주),11070,201212
LG이노텍(주),11070,201312
LG이노텍(주),11070,201412
LG이노텍(주),11070,201512
LG이노텍(주),11070,201612
LG이노텍(주),11070,201712
LG이노텍(주),11070,201812
LG이노텍(주),11070,201912
써니전자(주),4770,201112
써니전자(주),4770,201212
써니전자(주),4770,201312
써니전자(주),4770,201412
써니전자(주),4770,201512
써니전자(주),4770,201612
써니전자(주),4770,201712
써니전자(주),4770,201812
써니전자(주),4770,201912
아비코전자(주),36010,201112
아비코전자(주),36010,201212
아비코전자(주),36010,201312
아비코전자(주),36010,201412
아비코전자(주),36010,201512
아비코전자(주),36010,201612
아비코전자(주),36010,201712
아비코전자(주),36010,201812
아비코전자(주),36010,201912
알에스오토메이션(주),140670,201712
알에스오토메이션(주),140670,201812
알에스오토메이션(주),140670,201912
에스비더블유생명과학(주),151910,201212
에스비더블유생명과학(주),151910,201312
에스비더블유생명과학(주),151910,201412
에스비더블유생명과학(주),151910,201512
에스비더블유생명과학(주),151910,201612
에스비더블유생명과학(주),151910,201712
에스비더블유생명과학(주),151910,201812
에스비더블유생명과학(주),151910,201912
와이엠씨(주),155650,201212
와이엠씨(주),155650,201312
와이엠씨(주),155650,201412
와이엠씨(주),155650,201512
와이엠씨(주),155650,201612
와이엠씨(주),155650,201712
와이엠씨(주),155650,201812
와이엠씨(주),155650,201912
크루셜텍(주),114120,201112
크루셜텍(주),114120,201212
크루셜텍(주),114120,201312
크루셜텍(주),114120,201412
크루셜텍(주),114120,201512
크루셜텍(주),114120,201612
크루셜텍(주),114120,201712
크루셜텍(주),114120,201812
크루셜텍(주),114120,201912
(주)아이디스,143160,201112
(주)아이디스,143160,201212
(주)아이디스,143160,201312
(주)아이디스,143160,201412
(주)아이디스,143160,201512
(주)아이디스,143160,201612
(주)아이디스,143160,201712
(주)아이디스,143160,201812
(주)아이디스,143160,201912
(주)인포마크,175140,201512
(주)인포마크,175140,201612
(주)인포마크,175140,201712
(주)인포마크,175140,201812
(주)인포마크,175140,201912
(주)텔콘알에프제약,200230,201412
(주)텔콘알에프제약,200230,201512
(주)텔콘알에프제약,200230,201612
(주)텔콘알에프제약,200230,201712
(주)텔콘알에프제약,200230,201812
(주)텔콘알에프제약,200230,201912
(주)더 미동,161570,201312
(주)더 미동,161570,201412
(주)더 미동,161570,201512
(주)더 미동,161570,201612
(주)더 미동,161570,201712
(주)더 미동,161570,201812
(주)더 미동,161570,201912
(주)아이티엑스에이아이,99520,201112
(주)아이티엑스에이아이,99520,201212
(주)아이티엑스에이아이,99520,201312
(주)아이티엑스에이아이,99520,201412
(주)아이티엑스에이아이,99520,201512
(주)아이티엑스에이아이,99520,201612
(주)아이티엑스에이아이,99520,201712
(주)아이티엑스에이아이,99520,201812
(주)아이티엑스에이아이,99520,201912
(주)엠씨넥스,97520,201212
(주)엠씨넥스,97520,201312
(주)엠씨넥스,97520,201412
(주)엠씨넥스,97520,201512
(주)엠씨넥스,97520,201612
(주)엠씨넥스,97520,201712
(주)엠씨넥스,97520,201812
(주)엠씨넥스,97520,201912
(주)홈캐스트,64240,201112
(주)홈캐스트,64240,201212
(주)홈캐스트,64240,201312
(주)홈캐스트,64240,201412
(주)홈캐스트,64240,201512
(주)홈캐스트,64240,201612
(주)홈캐스트,64240,201712
(주)홈캐스트,64240,201812
(주)홈캐스트,64240,201912
(주)휴맥스,115160,201112
(주)휴맥스,115160,201212
(주)휴맥스,115160,201312
(주)휴맥스,115160,201412
(주)휴맥스,115160,201512
(주)휴맥스,115160,201612
(주)휴맥스,115160,201712
(주)휴맥스,115160,201812
(주)휴맥스,115160,201912
(주)빅텍,65450,201112
(주)빅텍,65450,201212
(주)빅텍,65450,201312
(주)빅텍,65450,201412
(주)빅텍,65450,201512
(주)빅텍,65450,201612
(주)빅텍,65450,201712
(주)빅텍,65450,201812
(주)빅텍,65450,201912
지나인제약(주),78650,201112
지나인제약(주),78650,201212
지나인제약(주),78650,201312
지나인제약(주),78650,201412
지나인제약(주),78650,201512
지나인제약(주),78650,201612
지나인제약(주),78650,201712
지나인제약(주),78650,201812
지나인제약(주),78650,201912
(주)파워로직스,47310,201112
(주)파워로직스,47310,201212
(주)파워로직스,47310,201312
(주)파워로직스,47310,201412
(주)파워로직스,47310,201512
(주)파워로직스,47310,201612
(주)파워로직스,47310,201712
(주)파워로직스,47310,201812
(주)파워로직스,47310,201912
(주)광림,14200,201112
(주)광림,14200,201212
(주)광림,14200,201312
(주)광림,14200,201412
(주)광림,14200,201512
(주)광림,14200,201612
(주)광림,14200,201712
(주)광림,14200,201812
(주)광림,14200,201912
쌍용자동차(주),3620,201112
쌍용자동차(주),3620,201212
쌍용자동차(주),3620,201312
쌍용자동차(주),3620,201412
쌍용자동차(주),3620,201512
쌍용자동차(주),3620,201612
쌍용자동차(주),3620,201712
쌍용자동차(주),3620,201812
쌍용자동차(주),3620,201912
(주)에스엠벡셀,10580,201112
(주)에스엠벡셀,10580,201212
(주)에스엠벡셀,10580,201312
(주)에스엠벡셀,10580,201412
(주)에스엠벡셀,10580,201512
(주)에스엠벡셀,10580,201612
(주)에스엠벡셀,10580,201712
(주)에스엠벡셀,10580,201812
(주)에스엠벡셀,10580,201912
(주)오리엔트정공,65500,201112
(주)오리엔트정공,65500,201212
(주)오리엔트정공,65500,201312
(주)오리엔트정공,65500,201412
(주)오리엔트정공,65500,201512
(주)오리엔트정공,65500,201612
(주)오리엔트정공,65500,201712
(주)오리엔트정공,65500,201812
(주)오리엔트정공,65500,201912
(주)코다코,46070,201112
(주)코다코,46070,201212
(주)코다코,46070,201312
(주)코다코,46070,201412
(주)코다코,46070,201512
(주)코다코,46070,201612
(주)코다코,46070,201712
(주)코다코,46070,201812
(주)코다코,46070,201912
SNT중공업(주),3570,201112
SNT중공업(주),3570,201212
SNT중공업(주),3570,201312
SNT중공업(주),3570,201412
SNT중공업(주),3570,201512
SNT중공업(주),3570,201612
SNT중공업(주),3570,201712
SNT중공업(주),3570,201812
SNT중공업(주),3570,201912
씨비아이(주),13720,201112
씨비아이(주),13720,201212
씨비아이(주),13720,201312
씨비아이(주),13720,201412
씨비아이(주),13720,201512
씨비아이(주),13720,201612
씨비아이(주),13720,201712
씨비아이(주),13720,201812
씨비아이(주),13720,201912
에스엘(주),5850,201212
에스엘(주),5850,201312
에스엘(주),5850,201412
에스엘(주),5850,201512
에스엘(주),5850,201612
에스엘(주),5850,201712
에스엘(주),5850,201812
에스엘(주),5850,201912
영화금속(주),12280,201112
영화금속(주),12280,201212
영화금속(주),12280,201312
영화금속(주),12280,201412
영화금속(주),12280,201512
영화금속(주),12280,201612
영화금속(주),12280,201712
영화금속(주),12280,201812
영화금속(주),12280,201912
우수AMS(주),66590,201112
우수AMS(주),66590,201212
우수AMS(주),66590,201312
우수AMS(주),66590,201412
우수AMS(주),66590,201512
우수AMS(주),66590,201612
우수AMS(주),66590,201712
우수AMS(주),66590,201812
우수AMS(주),66590,201912
인지컨트롤스(주),23800,201112
인지컨트롤스(주),23800,201212
인지컨트롤스(주),23800,201312
인지컨트롤스(주),23800,201412
인지컨트롤스(주),23800,201512
인지컨트롤스(주),23800,201612
인지컨트롤스(주),23800,201712
인지컨트롤스(주),23800,201812
인지컨트롤스(주),23800,201912
태양금속공업(주),4100,201112
태양금속공업(주),4100,201212
태양금속공업(주),4100,201312
태양금속공업(주),4100,201412
태양금속공업(주),4100,201512
태양금속공업(주),4100,201612
태양금속공업(주),4100,201712
태양금속공업(주),4100,201812
태양금속공업(주),4100,201912
한국프랜지공업(주),10100,201112
한국프랜지공업(주),10100,201212
한국프랜지공업(주),10100,201312
한국프랜지공업(주),10100,201412
한국프랜지공업(주),10100,201512
한국프랜지공업(주),10100,201612
한국프랜지공업(주),10100,201712
한국프랜지공업(주),10100,201812
한국프랜지공업(주),10100,201912
(주)구영테크,53270,201112
(주)구영테크,53270,201212
(주)구영테크,53270,201312
(주)구영테크,53270,201412
(주)구영테크,53270,201512
(주)구영테크,53270,201612
(주)구영테크,53270,201712
(주)구영테크,53270,201812
(주)구영테크,53270,201912
(주)서연이화,200880,201412
(주)서연이화,200880,201512
(주)서연이화,200880,201612
(주)서연이화,200880,201712
(주)서연이화,200880,201812
(주)서연이화,200880,201912
(주)세원물산,24830,201112
(주)세원물산,24830,201212
(주)세원물산,24830,201312
(주)세원물산,24830,201412
(주)세원물산,24830,201512
(주)세원물산,24830,201612
(주)세원물산,24830,201712
(주)세원물산,24830,201812
(주)세원물산,24830,201912
(주)엠에스오토텍,123040,201112
(주)엠에스오토텍,123040,201212
(주)엠에스오토텍,123040,201312
(주)엠에스오토텍,123040,201412
(주)엠에스오토텍,123040,201512
(주)엠에스오토텍,123040,201612
(주)엠에스오토텍,123040,201712
(주)엠에스오토텍,123040,201812
(주)엠에스오토텍,123040,201912
(주)오스템,31510,201112
(주)오스템,31510,201212
(주)오스템,31510,201312
(주)오스템,31510,201412
(주)오스템,31510,201512
(주)오스템,31510,201612
(주)오스템,31510,201712
(주)오스템,31510,201812
(주)오스템,31510,201912
(주)인팩,23810,201112
(주)인팩,23810,201212
(주)인팩,23810,201312
(주)인팩,23810,201412
(주)인팩,23810,201512
(주)인팩,23810,201612
(주)인팩,23810,201712
(주)인팩,23810,201812
(주)인팩,23810,201912
(주)일지테크,19540,201112
(주)일지테크,19540,201212
(주)일지테크,19540,201312
(주)일지테크,19540,201412
(주)일지테크,19540,201512
(주)일지테크,19540,201612
(주)일지테크,19540,201712
(주)일지테크,19540,201812
(주)일지테크,19540,201912
아진산업(주),13310,201512
아진산업(주),13310,201612
아진산업(주),13310,201712
아진산업(주),13310,201812
아진산업(주),13310,201912
에코플라스틱(주),38110,201112
에코플라스틱(주),38110,201212
에코플라스틱(주),38110,201312
에코플라스틱(주),38110,201412
에코플라스틱(주),38110,201512
에코플라스틱(주),38110,201612
에코플라스틱(주),38110,201712
에코플라스틱(주),38110,201812
에코플라스틱(주),38110,201912
(주)금호에이치티,214330,201512
(주)금호에이치티,214330,201612
(주)금호에이치티,214330,201712
(주)금호에이치티,214330,201812
(주)금호에이치티,214330,201912
(주)대성파인텍,104040,201112
(주)대성파인텍,104040,201212
(주)대성파인텍,104040,201312
(주)대성파인텍,104040,201412
(주)대성파인텍,104040,201512
(주)대성파인텍,104040,201612
(주)대성파인텍,104040,201712
(주)대성파인텍,104040,201812
(주)대성파인텍,104040,201912
(주)대유에이텍,2880,201112
(주)대유에이텍,2880,201212
(주)대유에이텍,2880,201312
(주)대유에이텍,2880,201412
(주)대유에이텍,2880,201512
(주)대유에이텍,2880,201612
(주)대유에이텍,2880,201712
(주)대유에이텍,2880,201812
(주)대유에이텍,2880,201912
(주)디아이씨,92200,201112
(주)디아이씨,92200,201212
(주)디아이씨,92200,201312
(주)디아이씨,92200,201412
(주)디아이씨,92200,201512
(주)디아이씨,92200,201612
(주)디아이씨,92200,201712
(주)디아이씨,92200,201812
(주)디아이씨,92200,201912
(주)디아크,78590,201112
(주)디아크,78590,201212
(주)디아크,78590,201312
(주)디아크,78590,201412
(주)디아크,78590,201512
(주)디아크,78590,201612
(주)디아크,78590,201712
(주)디아크,78590,201812
(주)디아크,78590,201912
(주)성창오토텍,80470,201112
(주)성창오토텍,80470,201212
(주)성창오토텍,80470,201312
(주)성창오토텍,80470,201412
(주)성창오토텍,80470,201512
(주)성창오토텍,80470,201612
(주)성창오토텍,80470,201712
(주)성창오토텍,80470,201812
(주)성창오토텍,80470,201912
(주)세동,53060,201112
(주)세동,53060,201212
(주)세동,53060,201312
(주)세동,53060,201412
(주)세동,53060,201512
(주)세동,53060,201612
(주)세동,53060,201712
(주)세동,53060,201812
(주)세동,53060,201912
(주)아이윈,90150,201112
(주)아이윈,90150,201212
(주)아이윈,90150,201312
(주)아이윈,90150,201412
(주)아이윈,90150,201512
(주)아이윈,90150,201612
(주)아이윈,90150,201712
(주)아이윈,90150,201812
(주)아이윈,90150,201912
(주)에스지글로벌,1380,201112
(주)에스지글로벌,1380,201212
(주)에스지글로벌,1380,201312
(주)에스지글로벌,1380,201412
(주)에스지글로벌,1380,201512
(주)에스지글로벌,1380,201612
(주)에스지글로벌,1380,201712
(주)에스지글로벌,1380,201812
(주)에스지글로벌,1380,201912
(주)유니크,11320,201112
(주)유니크,11320,201212
(주)유니크,11320,201312
(주)유니크,11320,201412
(주)유니크,11320,201512
(주)유니크,11320,201612
(주)유니크,11320,201712
(주)유니크,11320,201812
(주)유니크,11320,201912
(주)캐스텍코리아,71850,201412
(주)캐스텍코리아,71850,201512
(주)캐스텍코리아,71850,201612
(주)캐스텍코리아,71850,201712
(주)캐스텍코리아,71850,201812
(주)캐스텍코리아,71850,201912
(주)티피씨,130740,201112
(주)티피씨,130740,201212
(주)티피씨,130740,201312
(주)티피씨,130740,201412
(주)티피씨,130740,201512
(주)티피씨,130740,201612
(주)티피씨,130740,201712
(주)티피씨,130740,201812
(주)티피씨,130740,201912
디젠스(주),113810,201212
디젠스(주),113810,201312
디젠스(주),113810,201412
디젠스(주),113810,201512
디젠스(주),113810,201612
디젠스(주),113810,201712
디젠스(주),113810,201812
디젠스(주),113810,201912
삼보모터스(주),53700,201112
삼보모터스(주),53700,201212
삼보모터스(주),53700,201312
삼보모터스(주),53700,201412
삼보모터스(주),53700,201512
삼보모터스(주),53700,201612
삼보모터스(주),53700,201712
삼보모터스(주),53700,201812
삼보모터스(주),53700,201912
삼성공조(주),6660,201112
삼성공조(주),6660,201212
삼성공조(주),6660,201312
삼성공조(주),6660,201412
삼성공조(주),6660,201512
삼성공조(주),6660,201612
삼성공조(주),6660,201712
삼성공조(주),6660,201812
삼성공조(주),6660,201912
새론오토모티브(주),75180,201112
새론오토모티브(주),75180,201212
새론오토모티브(주),75180,201312
새론오토모티브(주),75180,201412
새론오토모티브(주),75180,201512
새론오토모티브(주),75180,201612
새론오토모티브(주),75180,201712
새론오토모티브(주),75180,201812
새론오토모티브(주),75180,201912
세종공업(주),33530,201112
세종공업(주),33530,201212
세종공업(주),33530,201312
세종공업(주),33530,201412
세종공업(주),33530,201512
세종공업(주),33530,201612
세종공업(주),33530,201712
세종공업(주),33530,201812
세종공업(주),33530,201912
엔브이에이치코리아(주),67570,201312
엔브이에이치코리아(주),67570,201412
엔브이에이치코리아(주),67570,201512
엔브이에이치코리아(주),67570,201612
엔브이에이치코리아(주),67570,201712
엔브이에이치코리아(주),67570,201812
엔브이에이치코리아(주),67570,201912
이원컴포텍(주),88290,201112
이원컴포텍(주),88290,201212
이원컴포텍(주),88290,201312
이원컴포텍(주),88290,201412
이원컴포텍(주),88290,201512
이원컴포텍(주),88290,201612
이원컴포텍(주),88290,201712
이원컴포텍(주),88290,201812
이원컴포텍(주),88290,201912
케이비아이동국실업(주),1620,201112
케이비아이동국실업(주),1620,201212
케이비아이동국실업(주),1620,201312
케이비아이동국실업(주),1620,201412
케이비아이동국실업(주),1620,201512
케이비아이동국실업(주),1620,201612
케이비아이동국실업(주),1620,201712
케이비아이동국실업(주),1620,201812
케이비아이동국실업(주),1620,201912
평화산업(주),90080,201112
평화산업(주),90080,201212
평화산업(주),90080,201312
평화산업(주),90080,201412
평화산업(주),90080,201512
평화산업(주),90080,201612
평화산업(주),90080,201712
평화산업(주),90080,201812
평화산업(주),90080,201912
한일단조공업(주),24740,201112
한일단조공업(주),24740,201212
한일단조공업(주),24740,201312
한일단조공업(주),24740,201412
한일단조공업(주),24740,201512
한일단조공업(주),24740,201612
한일단조공업(주),24740,201712
한일단조공업(주),24740,201812
한일단조공업(주),24740,201912
현대위아(주),11210,201112
현대위아(주),11210,201212
현대위아(주),11210,201312
현대위아(주),11210,201412
현대위아(주),11210,201512
현대위아(주),11210,201612
현대위아(주),11210,201712
현대위아(주),11210,201812
현대위아(주),11210,201912
(주)네오리진,94860,201112
(주)네오리진,94860,201212
(주)네오리진,94860,201312
(주)네오리진,94860,201412
(주)네오리진,94860,201512
(주)네오리진,94860,201612
(주)네오리진,94860,201712
(주)네오리진,94860,201812
(주)네오리진,94860,201912
(주)누리플렉스,40160,201112
(주)누리플렉스,40160,201212
(주)누리플렉스,40160,201312
(주)누리플렉스,40160,201412
(주)누리플렉스,40160,201512
(주)누리플렉스,40160,201612
(주)누리플렉스,40160,201712
(주)누리플렉스,40160,201812
(주)누리플렉스,40160,201912
(주)브리지텍,64480,201112
(주)브리지텍,64480,201212
(주)브리지텍,64480,201312
(주)브리지텍,64480,201412
(주)브리지텍,64480,201512
(주)브리지텍,64480,201612
(주)브리지텍,64480,201712
(주)브리지텍,64480,201812
(주)브리지텍,64480,201912
(주)비트컴퓨터,32850,201112
(주)비트컴퓨터,32850,201212
(주)비트컴퓨터,32850,201312
(주)비트컴퓨터,32850,201412
(주)비트컴퓨터,32850,201512
(주)비트컴퓨터,32850,201612
(주)비트컴퓨터,32850,201712
(주)비트컴퓨터,32850,201812
(주)비트컴퓨터,32850,201912
(주)시큐브,131090,201112
(주)시큐브,131090,201212
(주)시큐브,131090,201312
(주)시큐브,131090,201412
(주)시큐브,131090,201512
(주)시큐브,131090,201612
(주)시큐브,131090,201712
(주)시큐브,131090,201812
(주)시큐브,131090,201912
(주)이루온,65440,201112
(주)이루온,65440,201212
(주)이루온,65440,201312
(주)이루온,65440,201412
(주)이루온,65440,201512
(주)이루온,65440,201612
(주)이루온,65440,201712
(주)이루온,65440,201812
(주)이루온,65440,201912
(주)이스트소프트,47560,201112
(주)이스트소프트,47560,201212
(주)이스트소프트,47560,201312
(주)이스트소프트,47560,201412
(주)이스트소프트,47560,201512
(주)이스트소프트,47560,201612
(주)이스트소프트,47560,201712
(주)이스트소프트,47560,201812
(주)이스트소프트,47560,201912
(주)지어소프트,51160,201112
(주)지어소프트,51160,201212
(주)지어소프트,51160,201312
(주)지어소프트,51160,201412
(주)지어소프트,51160,201512
(주)지어소프트,51160,201612
(주)지어소프트,51160,201712
(주)지어소프트,51160,201812
(주)지어소프트,51160,201912
(주)케이사인,192250,201412
(주)케이사인,192250,201512
(주)케이사인,192250,201612
(주)케이사인,192250,201712
(주)케이사인,192250,201812
(주)케이사인,192250,201912
(주)토탈소프트뱅크,45340,201112
(주)토탈소프트뱅크,45340,201212
(주)토탈소프트뱅크,45340,201312
(주)토탈소프트뱅크,45340,201412
(주)토탈소프트뱅크,45340,201512
(주)토탈소프트뱅크,45340,201612
(주)토탈소프트뱅크,45340,201712
(주)토탈소프트뱅크,45340,201812
(주)토탈소프트뱅크,45340,201912
(주)투비소프트,79970,201112
(주)투비소프트,79970,201212
(주)투비소프트,79970,201312
(주)투비소프트,79970,201412
(주)투비소프트,79970,201512
(주)투비소프트,79970,201612
(주)투비소프트,79970,201712
(주)투비소프트,79970,201812
(주)투비소프트,79970,201912
(주)파수,150900,201312
(주)파수,150900,201412
(주)파수,150900,201512
(주)파수,150900,201612
(주)파수,150900,201712
(주)파수,150900,201812
(주)파수,150900,201912
(주)폴라리스오피스,41020,201112
(주)폴라리스오피스,41020,201212
(주)폴라리스오피스,41020,201312
(주)폴라리스오피스,41020,201412
(주)폴라리스오피스,41020,201512
(주)폴라리스오피스,41020,201612
(주)폴라리스오피스,41020,201712
(주)폴라리스오피스,41020,201812
(주)폴라리스오피스,41020,201912
(주)한컴위드,54920,201112
(주)한컴위드,54920,201212
(주)한컴위드,54920,201312
(주)한컴위드,54920,201412
(주)한컴위드,54920,201512
(주)한컴위드,54920,201612
(주)한컴위드,54920,201712
(주)한컴위드,54920,201812
(주)한컴위드,54920,201912
유비벨록스(주),89850,201112
유비벨록스(주),89850,201212
유비벨록스(주),89850,201312
유비벨록스(주),89850,201412
유비벨록스(주),89850,201512
유비벨록스(주),89850,201612
유비벨록스(주),89850,201712
유비벨록스(주),89850,201812
유비벨록스(주),89850,201912
커머스마이너 (주),223310,201512
커머스마이너 (주),223310,201612
커머스마이너 (주),223310,201712
커머스마이너 (주),223310,201812
커머스마이너 (주),223310,201912
코나아이(주),52400,201112
코나아이(주),52400,201212
코나아이(주),52400,201312
코나아이(주),52400,201412
코나아이(주),52400,201512
코나아이(주),52400,201612
코나아이(주),52400,201712
코나아이(주),52400,201812
코나아이(주),52400,201912
(주)네이블커뮤니케이션즈,153460,201212
(주)네이블커뮤니케이션즈,153460,201312
(주)네이블커뮤니케이션즈,153460,201412
(주)네이블커뮤니케이션즈,153460,201512
(주)네이블커뮤니케이션즈,153460,201612
(주)네이블커뮤니케이션즈,153460,201712
(주)네이블커뮤니케이션즈,153460,201812
(주)네이블커뮤니케이션즈,153460,201912
(주)모바일리더,100030,201112
(주)모바일리더,100030,201212
(주)모바일리더,100030,201312
(주)모바일리더,100030,201412
(주)모바일리더,100030,201512
(주)모바일리더,100030,201612
(주)모바일리더,100030,201712
(주)모바일리더,100030,201812
(주)모바일리더,100030,201912
(주)알티캐스트,85810,201312
(주)알티캐스트,85810,201412
(주)알티캐스트,85810,201512
(주)알티캐스트,85810,201612
(주)알티캐스트,85810,201712
(주)알티캐스트,85810,201812
(주)알티캐스트,85810,201912
(주)엔지스테크널러지,208860,201612
(주)엔지스테크널러지,208860,201712
(주)엔지스테크널러지,208860,201812
(주)엔지스테크널러지,208860,201912
(주)티사이언티픽,57680,201112
(주)티사이언티픽,57680,201212
(주)티사이언티픽,57680,201312
(주)티사이언티픽,57680,201412
(주)티사이언티픽,57680,201512
(주)티사이언티픽,57680,201612
(주)티사이언티픽,57680,201712
(주)티사이언티픽,57680,201812
(주)티사이언티픽,57680,201912
(주)핸디소프트,220180,201612
(주)핸디소프트,220180,201712
(주)핸디소프트,220180,201812
(주)핸디소프트,220180,201912
엑스큐어(주),70300,201112
엑스큐어(주),70300,201212
엑스큐어(주),70300,201312
엑스큐어(주),70300,201412
엑스큐어(주),70300,201512
엑스큐어(주),70300,201612
엑스큐어(주),70300,201712
엑스큐어(주),70300,201812
엑스큐어(주),70300,201912
(주)디에스케이,109740,201112
(주)디에스케이,109740,201212
(주)디에스케이,109740,201312
(주)디에스케이,109740,201412
(주)디에스케이,109740,201512
(주)디에스케이,109740,201612
(주)디에스케이,109740,201712
(주)디에스케이,109740,201812
(주)디에스케이,109740,201912
(주)리드,197210,201512
(주)리드,197210,201612
(주)리드,197210,201712
(주)리드,197210,201812
(주)리드,197210,201912
(주)베셀,177350,201512
(주)베셀,177350,201612
(주)베셀,177350,201712
(주)베셀,177350,201812
(주)베셀,177350,201912
(주)비아트론,141000,201212
(주)비아트론,141000,201312
(주)비아트론,141000,201412
(주)비아트론,141000,201512
(주)비아트론,141000,201612
(주)비아트론,141000,201712
(주)비아트론,141000,201812
(주)비아트론,141000,201912
(주)스마트솔루션즈,136510,201112
(주)스마트솔루션즈,136510,201212
(주)스마트솔루션즈,136510,201312
(주)스마트솔루션즈,136510,201412
(주)스마트솔루션즈,136510,201512
(주)스마트솔루션즈,136510,201612
(주)스마트솔루션즈,136510,201712
(주)스마트솔루션즈,136510,201812
(주)스마트솔루션즈,136510,201912
(주)아바코,83930,201112
(주)아바코,83930,201212
(주)아바코,83930,201312
(주)아바코,83930,201412
(주)아바코,83930,201512
(주)아바코,83930,201612
(주)아바코,83930,201712
(주)아바코,83930,201812
(주)아바코,83930,201912
(주)영우디에스피,143540,201412
(주)영우디에스피,143540,201512
(주)영우디에스피,143540,201612
(주)영우디에스피,143540,201712
(주)영우디에스피,143540,201812
(주)영우디에스피,143540,201912
(주)위지트,36090,201112
(주)위지트,36090,201212
(주)위지트,36090,201312
(주)위지트,36090,201412
(주)위지트,36090,201512
(주)위지트,36090,201612
(주)위지트,36090,201712
(주)위지트,36090,201812
(주)위지트,36090,201912
(주)이큐셀,160600,201512
(주)이큐셀,160600,201612
(주)이큐셀,160600,201712
(주)이큐셀,160600,201812
(주)이큐셀,160600,201912
(주)케이피에스,256940,201712
(주)케이피에스,256940,201812
(주)케이피에스,256940,201912
(주)필옵틱스,161580,201712
(주)필옵틱스,161580,201812
(주)필옵틱스,161580,201912
(주)힘스,238490,201712
(주)힘스,238490,201812
(주)힘스,238490,201912
에프엔에스테크(주),83500,201712
에프엔에스테크(주),83500,201812
에프엔에스테크(주),83500,201912
인베니아(주),79950,201112
인베니아(주),79950,201212
인베니아(주),79950,201312
인베니아(주),79950,201412
인베니아(주),79950,201512
인베니아(주),79950,201612
인베니아(주),79950,201712
인베니아(주),79950,201812
인베니아(주),79950,201912
한솔아이원스(주),114810,201312
한솔아이원스(주),114810,201412
한솔아이원스(주),114810,201512
한솔아이원스(주),114810,201612
한솔아이원스(주),114810,201712
한솔아이원스(주),114810,201812
한솔아이원스(주),114810,201912
(주)에스코넥,96630,201112
(주)에스코넥,96630,201212
(주)에스코넥,96630,201312
(주)에스코넥,96630,201412
(주)에스코넥,96630,201512
(주)에스코넥,96630,201612
(주)에스코넥,96630,201712
(주)에스코넥,96630,201812
(주)에스코넥,96630,201912
(주)장원테크,174880,201612
(주)장원테크,174880,201712
(주)장원테크,174880,201812
(주)장원테크,174880,201912
(주)케스피온,79190,201112
(주)케스피온,79190,201212
(주)케스피온,79190,201312
(주)케스피온,79190,201412
(주)케스피온,79190,201512
(주)케스피온,79190,201612
(주)케스피온,79190,201712
(주)케스피온,79190,201812
(주)케스피온,79190,201912
(주)버킷스튜디오,66410,201112
(주)버킷스튜디오,66410,201212
(주)버킷스튜디오,66410,201312
(주)버킷스튜디오,66410,201412
(주)버킷스튜디오,66410,201512
(주)버킷스튜디오,66410,201612
(주)버킷스튜디오,66410,201712
(주)버킷스튜디오,66410,201812
(주)버킷스튜디오,66410,201912
(주)아이즈비전,31310,201112
(주)아이즈비전,31310,201212
(주)아이즈비전,31310,201312
(주)아이즈비전,31310,201412
(주)아이즈비전,31310,201512
(주)아이즈비전,31310,201612
(주)아이즈비전,31310,201712
(주)아이즈비전,31310,201812
(주)아이즈비전,31310,201912
(주)엘지유플러스,32640,201112
(주)엘지유플러스,32640,201212
(주)엘지유플러스,32640,201312
(주)엘지유플러스,32640,201412
(주)엘지유플러스,32640,201512
(주)엘지유플러스,32640,201612
(주)엘지유플러스,32640,201712
(주)엘지유플러스,32640,201812
(주)엘지유플러스,32640,201912
(주)케이티,30200,201112
(주)케이티,30200,201212
(주)케이티,30200,201312
(주)케이티,30200,201412
(주)케이티,30200,201512
(주)케이티,30200,201612
(주)케이티,30200,201712
(주)케이티,30200,201812
(주)케이티,30200,201912
(주)코센,9730,201112
(주)코센,9730,201212
(주)코센,9730,201312
(주)코센,9730,201412
(주)코센,9730,201512
(주)코센,9730,201612
(주)코센,9730,201712
(주)코센,9730,201812
(주)코센,9730,201912
(주)하이스틸,71090,201112
(주)하이스틸,71090,201212
(주)하이스틸,71090,201312
(주)하이스틸,71090,201412
(주)하이스틸,71090,201512
(주)하이스틸,71090,201612
(주)하이스틸,71090,201712
(주)하이스틸,71090,201812
(주)하이스틸,71090,201912
(주)휴스틸,5010,201112
(주)휴스틸,5010,201212
(주)휴스틸,5010,201312
(주)휴스틸,5010,201412
(주)휴스틸,5010,201512
(주)휴스틸,5010,201612
(주)휴스틸,5010,201712
(주)휴스틸,5010,201812
(주)휴스틸,5010,201912
금강공업(주),14280,201112
금강공업(주),14280,201212
금강공업(주),14280,201312
금강공업(주),14280,201412
금강공업(주),14280,201512
금강공업(주),14280,201612
금강공업(주),14280,201712
금강공업(주),14280,201812
금강공업(주),14280,201912
동양철관(주),8970,201112
동양철관(주),8970,201212
동양철관(주),8970,201312
동양철관(주),8970,201412
동양철관(주),8970,201512
동양철관(주),8970,201612
동양철관(주),8970,201712
동양철관(주),8970,201812
동양철관(주),8970,201912
삼강엠앤티(주),100090,201112
삼강엠앤티(주),100090,201212
삼강엠앤티(주),100090,201312
삼강엠앤티(주),100090,201412
삼강엠앤티(주),100090,201512
삼강엠앤티(주),100090,201612
삼강엠앤티(주),100090,201712
삼강엠앤티(주),100090,201812
삼강엠앤티(주),100090,201912
흥구석유(주),24060,201112
흥구석유(주),24060,201212
흥구석유(주),24060,201312
흥구석유(주),24060,201412
흥구석유(주),24060,201512
흥구석유(주),24060,201612
흥구석유(주),24060,201712
흥구석유(주),24060,201812
흥구석유(주),24060,201912
(주)비엠티,86670,201112
(주)비엠티,86670,201212
(주)비엠티,86670,201312
(주)비엠티,86670,201412
(주)비엠티,86670,201512
(주)비엠티,86670,201612
(주)비엠티,86670,201712
(주)비엠티,86670,201812
(주)비엠티,86670,201912
(주)에쎈테크,43340,201112
(주)에쎈테크,43340,201212
(주)에쎈테크,43340,201312
(주)에쎈테크,43340,201412
(주)에쎈테크,43340,201512
(주)에쎈테크,43340,201612
(주)에쎈테크,43340,201712
(주)에쎈테크,43340,201812
(주)에쎈테크,43340,201912
한국조선해양(주),9540,201112
한국조선해양(주),9540,201212
한국조선해양(주),9540,201312
한국조선해양(주),9540,201412
한국조선해양(주),9540,201512
한국조선해양(주),9540,201612
한국조선해양(주),9540,201712
한국조선해양(주),9540,201812
한국조선해양(주),9540,201912
인선이엔티(주),60150,201112
인선이엔티(주),60150,201212
인선이엔티(주),60150,201312
인선이엔티(주),60150,201412
인선이엔티(주),60150,201512
인선이엔티(주),60150,201612
인선이엔티(주),60150,201712
인선이엔티(주),60150,201812
인선이엔티(주),60150,201912
삼성엔지니어링(주),28050,201112
삼성엔지니어링(주),28050,201212
삼성엔지니어링(주),28050,201312
삼성엔지니어링(주),28050,201412
삼성엔지니어링(주),28050,201512
삼성엔지니어링(주),28050,201612
삼성엔지니어링(주),28050,201712
삼성엔지니어링(주),28050,201812
삼성엔지니어링(주),28050,201912
에이치엘비생명과학(주),67630,201112
에이치엘비생명과학(주),67630,201212
에이치엘비생명과학(주),67630,201312
에이치엘비생명과학(주),67630,201412
에이치엘비생명과학(주),67630,201512
에이치엘비생명과학(주),67630,201612
에이치엘비생명과학(주),67630,201712
에이치엘비생명과학(주),67630,201812
에이치엘비생명과학(주),67630,201912
(주)에스에이티,60540,201112
(주)에스에이티,60540,201212
(주)에스에이티,60540,201312
(주)에스에이티,60540,201412
(주)에스에이티,60540,201512
(주)에스에이티,60540,201612
(주)에스에이티,60540,201712
(주)에스에이티,60540,201812
(주)에스에이티,60540,201912
(주)아스트,67390,201412
(주)아스트,67390,201512
(주)아스트,67390,201612
(주)아스트,67390,201712
(주)아스트,67390,201812
(주)아스트,67390,201912
(주)어스앤에어로스페이스,263540,201712
(주)어스앤에어로스페이스,263540,201812
(주)어스앤에어로스페이스,263540,201912
하이즈항공(주),221840,201512
하이즈항공(주),221840,201612
하이즈항공(주),221840,201712
하이즈항공(주),221840,201812
하이즈항공(주),221840,201912
한국항공우주산업(주),47810,201112
한국항공우주산업(주),47810,201212
한국항공우주산업(주),47810,201312
한국항공우주산업(주),47810,201412
한국항공우주산업(주),47810,201512
한국항공우주산업(주),47810,201612
한국항공우주산업(주),47810,201712
한국항공우주산업(주),47810,201812
한국항공우주산업(주),47810,201912
한화에어로스페이스(주),12450,201112
한화에어로스페이스(주),12450,201212
한화에어로스페이스(주),12450,201312
한화에어로스페이스(주),12450,201412
한화에어로스페이스(주),12450,201512
한화에어로스페이스(주),12450,201612
한화에어로스페이스(주),12450,201712
한화에어로스페이스(주),12450,201812
한화에어로스페이스(주),12450,201912
(주)광무,29480,201112
(주)광무,29480,201212
(주)광무,29480,201312
(주)광무,29480,201412
(주)광무,29480,201512
(주)광무,29480,201612
(주)광무,29480,201712
(주)광무,29480,201812
(주)광무,29480,201912
(주)다산네트웍스,39560,201112
(주)다산네트웍스,39560,201212
(주)다산네트웍스,39560,201312
(주)다산네트웍스,39560,201412
(주)다산네트웍스,39560,201512
(주)다산네트웍스,39560,201612
(주)다산네트웍스,39560,201712
(주)다산네트웍스,39560,201812
(주)다산네트웍스,39560,201912
(주)대유플러스,300,201112
(주)대유플러스,300,201212
(주)대유플러스,300,201312
(주)대유플러스,300,201412
(주)대유플러스,300,201512
(주)대유플러스,300,201612
(주)대유플러스,300,201712
(주)대유플러스,300,201812
(주)대유플러스,300,201912
(주)오이솔루션,138080,201412
(주)오이솔루션,138080,201512
(주)오이솔루션,138080,201612
(주)오이솔루션,138080,201712
(주)오이솔루션,138080,201812
(주)오이솔루션,138080,201912
(주)우리넷,115440,201112
(주)우리넷,115440,201212
(주)우리넷,115440,201312
(주)우리넷,115440,201412
(주)우리넷,115440,201512
(주)우리넷,115440,201612
(주)우리넷,115440,201712
(주)우리넷,115440,201812
(주)우리넷,115440,201912
(주)텔레필드,91440,201112
(주)텔레필드,91440,201212
(주)텔레필드,91440,201312
(주)텔레필드,91440,201412
(주)텔레필드,91440,201512
(주)텔레필드,91440,201612
(주)텔레필드,91440,201712
(주)텔레필드,91440,201812
(주)텔레필드,91440,201912
(주)파이오링크,170790,201312
(주)파이오링크,170790,201412
(주)파이오링크,170790,201512
(주)파이오링크,170790,201612
(주)파이오링크,170790,201712
(주)파이오링크,170790,201812
(주)파이오링크,170790,201912
코위버(주),56360,201112
코위버(주),56360,201212
코위버(주),56360,201312
코위버(주),56360,201412
코위버(주),56360,201512
코위버(주),56360,201612
코위버(주),56360,201712
코위버(주),56360,201812
코위버(주),56360,201912
현대에이치티(주),39010,201112
현대에이치티(주),39010,201212
현대에이치티(주),39010,201312
현대에이치티(주),39010,201412
현대에이치티(주),39010,201512
현대에이치티(주),39010,201612
현대에이치티(주),39010,201712
현대에이치티(주),39010,201812
현대에이치티(주),39010,201912
(주)넥스트아이,137940,201112
(주)넥스트아이,137940,201212
(주)넥스트아이,137940,201312
(주)넥스트아이,137940,201412
(주)넥스트아이,137940,201512
(주)넥스트아이,137940,201612
(주)넥스트아이,137940,201712
(주)넥스트아이,137940,201812
(주)넥스트아이,137940,201912
(주)우진,105840,201112
(주)우진,105840,201212
(주)우진,105840,201312
(주)우진,105840,201412
(주)우진,105840,201512
(주)우진,105840,201612
(주)우진,105840,201712
(주)우진,105840,201812
(주)우진,105840,201912
(주)원익피앤이,131390,201112
(주)원익피앤이,131390,201212
(주)원익피앤이,131390,201312
(주)원익피앤이,131390,201412
(주)원익피앤이,131390,201512
(주)원익피앤이,131390,201612
(주)원익피앤이,131390,201712
(주)원익피앤이,131390,201812
(주)원익피앤이,131390,201912
(주)파루,43200,201112
(주)파루,43200,201212
(주)파루,43200,201312
(주)파루,43200,201412
(주)파루,43200,201512
(주)파루,43200,201612
(주)파루,43200,201712
(주)파루,43200,201812
(주)파루,43200,201912
제룡전기(주),33100,201112
제룡전기(주),33100,201212
제룡전기(주),33100,201312
제룡전기(주),33100,201412
제룡전기(주),33100,201512
제룡전기(주),33100,201612
제룡전기(주),33100,201712
제룡전기(주),33100,201812
제룡전기(주),33100,201912
현대일렉트릭앤에너지시스템(주),267260,201712
현대일렉트릭앤에너지시스템(주),267260,201812
현대일렉트릭앤에너지시스템(주),267260,201912
(주)엘앤에프,66970,201112
(주)엘앤에프,66970,201212
(주)엘앤에프,66970,201312
(주)엘앤에프,66970,201412
(주)엘앤에프,66970,201512
(주)엘앤에프,66970,201612
(주)엘앤에프,66970,201712
(주)엘앤에프,66970,201812
(주)엘앤에프,66970,201912
삼성SDI(주),6400,201112
삼성SDI(주),6400,201212
삼성SDI(주),6400,201312
삼성SDI(주),6400,201412
삼성SDI(주),6400,201512
삼성SDI(주),6400,201612
삼성SDI(주),6400,201712
삼성SDI(주),6400,201812
삼성SDI(주),6400,201912
상신이디피(주),91580,201112
상신이디피(주),91580,201212
상신이디피(주),91580,201312
상신이디피(주),91580,201412
상신이디피(주),91580,201512
상신이디피(주),91580,201612
상신이디피(주),91580,201712
상신이디피(주),91580,201812
상신이디피(주),91580,201912
대원전선(주),6340,201112
대원전선(주),6340,201212
대원전선(주),6340,201312
대원전선(주),6340,201412
대원전선(주),6340,201512
대원전선(주),6340,201612
대원전선(주),6340,201712
대원전선(주),6340,201812
대원전선(주),6340,201912
대한전선(주),1440,201112
대한전선(주),1440,201212
대한전선(주),1440,201312
대한전선(주),1440,201412
대한전선(주),1440,201512
대한전선(주),1440,201612
대한전선(주),1440,201712
대한전선(주),1440,201812
대한전선(주),1440,201912
(주)티피씨메카트로닉스,48770,201412
(주)티피씨메카트로닉스,48770,201512
(주)티피씨메카트로닉스,48770,201612
(주)티피씨메카트로닉스,48770,201712
(주)티피씨메카트로닉스,48770,201812
(주)티피씨메카트로닉스,48770,201912
우림피티에스(주),101170,201112
우림피티에스(주),101170,201212
우림피티에스(주),101170,201312
우림피티에스(주),101170,201412
우림피티에스(주),101170,201512
우림피티에스(주),101170,201612
우림피티에스(주),101170,201712
우림피티에스(주),101170,201812
우림피티에스(주),101170,201912
(주)로보스타,90360,201112
(주)로보스타,90360,201212
(주)로보스타,90360,201312
(주)로보스타,90360,201412
(주)로보스타,90360,201512
(주)로보스타,90360,201612
(주)로보스타,90360,201712
(주)로보스타,90360,201812
(주)로보스타,90360,201912
참존글로벌(주),158310,201312
참존글로벌(주),158310,201412
참존글로벌(주),158310,201512
참존글로벌(주),158310,201612
참존글로벌(주),158310,201712
참존글로벌(주),158310,201812
참존글로벌(주),158310,201912
휴림로봇(주),90710,201112
휴림로봇(주),90710,201212
휴림로봇(주),90710,201312
휴림로봇(주),90710,201412
휴림로봇(주),90710,201512
휴림로봇(주),90710,201612
휴림로봇(주),90710,201712
휴림로봇(주),90710,201812
휴림로봇(주),90710,201912
(주)디비아이엔씨,12030,201112
(주)디비아이엔씨,12030,201212
(주)디비아이엔씨,12030,201312
(주)디비아이엔씨,12030,201412
(주)디비아이엔씨,12030,201512
(주)디비아이엔씨,12030,201612
(주)디비아이엔씨,12030,201712
(주)디비아이엔씨,12030,201812
(주)디비아이엔씨,12030,201912
(주)리노스,39980,201112
(주)리노스,39980,201212
(주)리노스,39980,201312
(주)리노스,39980,201412
(주)리노스,39980,201512
(주)리노스,39980,201612
(주)리노스,39980,201712
(주)리노스,39980,201812
(주)리노스,39980,201912
(주)미래아이앤지,7120,201112
(주)미래아이앤지,7120,201212
(주)미래아이앤지,7120,201312
(주)미래아이앤지,7120,201412
(주)미래아이앤지,7120,201512
(주)미래아이앤지,7120,201612
(주)미래아이앤지,7120,201712
(주)미래아이앤지,7120,201812
(주)미래아이앤지,7120,201912
(주)시티랩스,139050,201112
(주)시티랩스,139050,201212
(주)시티랩스,139050,201312
(주)시티랩스,139050,201412
(주)시티랩스,139050,201512
(주)시티랩스,139050,201612
(주)시티랩스,139050,201712
(주)시티랩스,139050,201812
(주)시티랩스,139050,201912
(주)아이티센,124500,201612
(주)아이티센,124500,201712
(주)아이티센,124500,201812
(주)아이티센,124500,201912
(주)오픈베이스,49480,201112
(주)오픈베이스,49480,201212
(주)오픈베이스,49480,201312
(주)오픈베이스,49480,201412
(주)오픈베이스,49480,201512
(주)오픈베이스,49480,201612
(주)오픈베이스,49480,201712
(주)오픈베이스,49480,201812
(주)오픈베이스,49480,201912
(주)율호,72770,201112
(주)율호,72770,201212
(주)율호,72770,201312
(주)율호,72770,201412
(주)율호,72770,201512
(주)율호,72770,201612
(주)율호,72770,201712
(주)율호,72770,201812
(주)율호,72770,201912
(주)인성정보,33230,201112
(주)인성정보,33230,201212
(주)인성정보,33230,201312
(주)인성정보,33230,201412
(주)인성정보,33230,201512
(주)인성정보,33230,201612
(주)인성정보,33230,201712
(주)인성정보,33230,201812
(주)인성정보,33230,201912
(주)정원엔시스,45510,201112
(주)정원엔시스,45510,201212
(주)정원엔시스,45510,201312
(주)정원엔시스,45510,201412
(주)정원엔시스,45510,201512
(주)정원엔시스,45510,201612
(주)정원엔시스,45510,201712
(주)정원엔시스,45510,201812
(주)정원엔시스,45510,201912
(주)주연테크,44380,201112
(주)주연테크,44380,201212
(주)주연테크,44380,201312
(주)주연테크,44380,201412
(주)주연테크,44380,201512
(주)주연테크,44380,201612
(주)주연테크,44380,201712
(주)주연테크,44380,201812
(주)주연테크,44380,201912
(주)콤텍시스템,31820,201112
(주)콤텍시스템,31820,201212
(주)콤텍시스템,31820,201312
(주)콤텍시스템,31820,201412
(주)콤텍시스템,31820,201512
(주)콤텍시스템,31820,201612
(주)콤텍시스템,31820,201712
(주)콤텍시스템,31820,201812
(주)콤텍시스템,31820,201912
(주)큐로컴,40350,201112
(주)큐로컴,40350,201212
(주)큐로컴,40350,201312
(주)큐로컴,40350,201412
(주)큐로컴,40350,201512
(주)큐로컴,40350,201612
(주)큐로컴,40350,201712
(주)큐로컴,40350,201812
(주)큐로컴,40350,201912
(주)휴맥스홀딩스,28080,201112
(주)휴맥스홀딩스,28080,201212
(주)휴맥스홀딩스,28080,201312
(주)휴맥스홀딩스,28080,201412
(주)휴맥스홀딩스,28080,201512
(주)휴맥스홀딩스,28080,201612
(주)휴맥스홀딩스,28080,201712
(주)휴맥스홀딩스,28080,201812
(주)휴맥스홀딩스,28080,201912
비케이탑스(주),30790,201112
비케이탑스(주),30790,201212
비케이탑스(주),30790,201312
비케이탑스(주),30790,201412
비케이탑스(주),30790,201512
비케이탑스(주),30790,201612
비케이탑스(주),30790,201712
비케이탑스(주),30790,201812
비케이탑스(주),30790,201912
쌍용정보통신(주),10280,201112
쌍용정보통신(주),10280,201212
쌍용정보통신(주),10280,201312
쌍용정보통신(주),10280,201412
쌍용정보통신(주),10280,201512
쌍용정보통신(주),10280,201612
쌍용정보통신(주),10280,201712
쌍용정보통신(주),10280,201812
쌍용정보통신(주),10280,201912
아이크래프트(주),52460,201112
아이크래프트(주),52460,201212
아이크래프트(주),52460,201312
아이크래프트(주),52460,201412
아이크래프트(주),52460,201512
아이크래프트(주),52460,201612
아이크래프트(주),52460,201712
아이크래프트(주),52460,201812
아이크래프트(주),52460,201912
에스넷시스템(주),38680,201112
에스넷시스템(주),38680,201212
에스넷시스템(주),38680,201312
에스넷시스템(주),38680,201412
에스넷시스템(주),38680,201512
에스넷시스템(주),38680,201612
에스넷시스템(주),38680,201712
에스넷시스템(주),38680,201812
에스넷시스템(주),38680,201912
에스트래픽(주),234300,201712
에스트래픽(주),234300,201812
에스트래픽(주),234300,201912
오상자이엘(주),53980,201112
오상자이엘(주),53980,201212
오상자이엘(주),53980,201312
오상자이엘(주),53980,201412
오상자이엘(주),53980,201512
오상자이엘(주),53980,201612
오상자이엘(주),53980,201712
오상자이엘(주),53980,201812
오상자이엘(주),53980,201912
한솔인티큐브(주),70590,201112
한솔인티큐브(주),70590,201212
한솔인티큐브(주),70590,201312
한솔인티큐브(주),70590,201412
한솔인티큐브(주),70590,201512
한솔인티큐브(주),70590,201612
한솔인티큐브(주),70590,201712
한솔인티큐브(주),70590,201812
한솔인티큐브(주),70590,201912
(주)벽산,7210,201112
(주)벽산,7210,201212
(주)벽산,7210,201312
(주)벽산,7210,201412
(주)벽산,7210,201512
(주)벽산,7210,201612
(주)벽산,7210,201712
(주)벽산,7210,201812
(주)벽산,7210,201912
(주)멕아이씨에스,58110,201512
(주)멕아이씨에스,58110,201612
(주)멕아이씨에스,58110,201712
(주)멕아이씨에스,58110,201812
(주)멕아이씨에스,58110,201912
(주)씨유메디칼시스템,115480,201112
(주)씨유메디칼시스템,115480,201212
(주)씨유메디칼시스템,115480,201312
(주)씨유메디칼시스템,115480,201412
(주)씨유메디칼시스템,115480,201512
(주)씨유메디칼시스템,115480,201612
(주)씨유메디칼시스템,115480,201712
(주)씨유메디칼시스템,115480,201812
(주)씨유메디칼시스템,115480,201912
한일네트웍스(주),46110,201112
한일네트웍스(주),46110,201212
한일네트웍스(주),46110,201312
한일네트웍스(주),46110,201412
한일네트웍스(주),46110,201512
한일네트웍스(주),46110,201612
한일네트웍스(주),46110,201712
한일네트웍스(주),46110,201812
한일네트웍스(주),46110,201912
(주)비덴트,121800,201312
(주)비덴트,121800,201412
(주)비덴트,121800,201512
(주)비덴트,121800,201612
(주)비덴트,121800,201712
(주)비덴트,121800,201812
(주)비덴트,121800,201912
(주)탑코미디어,134580,201312
(주)탑코미디어,134580,201412
(주)탑코미디어,134580,201512
(주)탑코미디어,134580,201612
(주)탑코미디어,134580,201712
(주)탑코미디어,134580,201812
(주)탑코미디어,134580,201912
(주)더 미동,161570,201312
(주)더 미동,161570,201412
(주)더 미동,161570,201512
(주)더 미동,161570,201612
(주)더 미동,161570,201712
(주)더 미동,161570,201812
(주)더 미동,161570,201912
(주)레드로버,60300,201112
(주)레드로버,60300,201212
(주)레드로버,60300,201312
(주)레드로버,60300,201412
(주)레드로버,60300,201512
(주)레드로버,60300,201612
(주)레드로버,60300,201712
(주)레드로버,60300,201812
(주)레드로버,60300,201912
(주)아이티엑스에이아이,99520,201112
(주)아이티엑스에이아이,99520,201212
(주)아이티엑스에이아이,99520,201312
(주)아이티엑스에이아이,99520,201412
(주)아이티엑스에이아이,99520,201512
(주)아이티엑스에이아이,99520,201612
(주)아이티엑스에이아이,99520,201712
(주)아이티엑스에이아이,99520,201812
(주)아이티엑스에이아이,99520,201912
(주)엠씨넥스,97520,201212
(주)엠씨넥스,97520,201312
(주)엠씨넥스,97520,201412
(주)엠씨넥스,97520,201512
(주)엠씨넥스,97520,201612
(주)엠씨넥스,97520,201712
(주)엠씨넥스,97520,201812
(주)엠씨넥스,97520,201912
(주)홈캐스트,64240,201112
(주)홈캐스트,64240,201212
(주)홈캐스트,64240,201312
(주)홈캐스트,64240,201412
(주)홈캐스트,64240,201512
(주)홈캐스트,64240,201612
(주)홈캐스트,64240,201712
(주)홈캐스트,64240,201812
(주)홈캐스트,64240,201912
(주)휴맥스,115160,201112
(주)휴맥스,115160,201212
(주)휴맥스,115160,201312
(주)휴맥스,115160,201412
(주)휴맥스,115160,201512
(주)휴맥스,115160,201612
(주)휴맥스,115160,201712
(주)휴맥스,115160,201812
(주)휴맥스,115160,201912
(주)초록뱀미디어,47820,201112
(주)초록뱀미디어,47820,201212
(주)초록뱀미디어,47820,201312
(주)초록뱀미디어,47820,201412
(주)초록뱀미디어,47820,201512
(주)초록뱀미디어,47820,201612
(주)초록뱀미디어,47820,201712
(주)초록뱀미디어,47820,201812
(주)초록뱀미디어,47820,201912
(주)팬엔터테인먼트,68050,201112
(주)팬엔터테인먼트,68050,201212
(주)팬엔터테인먼트,68050,201312
(주)팬엔터테인먼트,68050,201412
(주)팬엔터테인먼트,68050,201512
(주)팬엔터테인먼트,68050,201612
(주)팬엔터테인먼트,68050,201712
(주)팬엔터테인먼트,68050,201812
(주)팬엔터테인먼트,68050,201912
(주)드림어스컴퍼니,60570,201112
(주)드림어스컴퍼니,60570,201212
(주)드림어스컴퍼니,60570,201312
(주)드림어스컴퍼니,60570,201412
(주)드림어스컴퍼니,60570,201512
(주)드림어스컴퍼니,60570,201612
(주)드림어스컴퍼니,60570,201712
(주)드림어스컴퍼니,60570,201812
(주)드림어스컴퍼니,60570,201912
(주)와이지플러스,37270,201112
(주)와이지플러스,37270,201212
(주)와이지플러스,37270,201312
(주)와이지플러스,37270,201412
(주)와이지플러스,37270,201512
(주)와이지플러스,37270,201612
(주)와이지플러스,37270,201712
(주)와이지플러스,37270,201812
(주)와이지플러스,37270,201912
(주)지니뮤직,43610,201112
(주)지니뮤직,43610,201212
(주)지니뮤직,43610,201312
(주)지니뮤직,43610,201412
(주)지니뮤직,43610,201512
(주)지니뮤직,43610,201612
(주)지니뮤직,43610,201712
(주)지니뮤직,43610,201812
(주)지니뮤직,43610,201912
(주)키다리스튜디오,20120,201112
(주)키다리스튜디오,20120,201212
(주)키다리스튜디오,20120,201312
(주)키다리스튜디오,20120,201412
(주)키다리스튜디오,20120,201512
(주)키다리스튜디오,20120,201612
(주)키다리스튜디오,20120,201712
(주)키다리스튜디오,20120,201812
(주)키다리스튜디오,20120,201912
유엔젤(주),72130,201112
유엔젤(주),72130,201212
유엔젤(주),72130,201312
유엔젤(주),72130,201412
유엔젤(주),72130,201512
유엔젤(주),72130,201612
유엔젤(주),72130,201712
유엔젤(주),72130,201812
유엔젤(주),72130,201912
(주)셀루메드,49180,201112
(주)셀루메드,49180,201212
(주)셀루메드,49180,201312
(주)셀루메드,49180,201412
(주)셀루메드,49180,201512
(주)셀루메드,49180,201612
(주)셀루메드,49180,201712
(주)셀루메드,49180,201812
(주)셀루메드,49180,201912
(주)펩트론,87010,201512
(주)펩트론,87010,201612
(주)펩트론,87010,201712
(주)펩트론,87010,201812
(주)펩트론,87010,201912
케이피엑스라이프사이언스(주),114450,201112
케이피엑스라이프사이언스(주),114450,201212
케이피엑스라이프사이언스(주),114450,201312
케이피엑스라이프사이언스(주),114450,201412
케이피엑스라이프사이언스(주),114450,201512
케이피엑스라이프사이언스(주),114450,201612
케이피엑스라이프사이언스(주),114450,201712
케이피엑스라이프사이언스(주),114450,201812
케이피엑스라이프사이언스(주),114450,201912
(주)바이넥스,53030,201112
(주)바이넥스,53030,201212
(주)바이넥스,53030,201312
(주)바이넥스,53030,201412
(주)바이넥스,53030,201512
(주)바이넥스,53030,201612
(주)바이넥스,53030,201712
(주)바이넥스,53030,201812
(주)바이넥스,53030,201912
(주)비씨월드제약,200780,201412
(주)비씨월드제약,200780,201512
(주)비씨월드제약,200780,201612
(주)비씨월드제약,200780,201712
(주)비씨월드제약,200780,201812
(주)비씨월드제약,200780,201912
(주)서울제약,18680,201112
(주)서울제약,18680,201212
(주)서울제약,18680,201312
(주)서울제약,18680,201412
(주)서울제약,18680,201512
(주)서울제약,18680,201612
(주)서울제약,18680,201712
(주)서울제약,18680,201812
(주)서울제약,18680,201912
(주)셀트리온제약,68760,201112
(주)셀트리온제약,68760,201212
(주)셀트리온제약,68760,201312
(주)셀트리온제약,68760,201412
(주)셀트리온제약,68760,201512
(주)셀트리온제약,68760,201612
(주)셀트리온제약,68760,201712
(주)셀트리온제약,68760,201812
(주)셀트리온제약,68760,201912
(주)오스코텍,39200,201112
(주)오스코텍,39200,201212
(주)오스코텍,39200,201312
(주)오스코텍,39200,201412
(주)오스코텍,39200,201512
(주)오스코텍,39200,201612
(주)오스코텍,39200,201712
(주)오스코텍,39200,201812
(주)오스코텍,39200,201912
(주)테라젠이텍스,66700,201112
(주)테라젠이텍스,66700,201212
(주)테라젠이텍스,66700,201312
(주)테라젠이텍스,66700,201412
(주)테라젠이텍스,66700,201512
(주)테라젠이텍스,66700,201612
(주)테라젠이텍스,66700,201712
(주)테라젠이텍스,66700,201812
(주)테라젠이텍스,66700,201912
(주)한독,2390,201112
(주)한독,2390,201212
(주)한독,2390,201312
(주)한독,2390,201412
(주)한독,2390,201512
(주)한독,2390,201612
(주)한독,2390,201712
(주)한독,2390,201812
(주)한독,2390,201912
국제약품(주),2720,201212
국제약품(주),2720,201312
국제약품(주),2720,201412
국제약품(주),2720,201512
국제약품(주),2720,201612
국제약품(주),2720,201712
국제약품(주),2720,201812
국제약품(주),2720,201912
동성제약(주),2210,201112
동성제약(주),2210,201212
동성제약(주),2210,201312
동성제약(주),2210,201412
동성제약(주),2210,201512
동성제약(주),2210,201612
동성제약(주),2210,201712
동성제약(주),2210,201812
동성제약(주),2210,201912
명문제약(주),17180,201112
명문제약(주),17180,201212
명문제약(주),17180,201312
명문제약(주),17180,201412
명문제약(주),17180,201512
명문제약(주),17180,201612
명문제약(주),17180,201712
명문제약(주),17180,201812
명문제약(주),17180,201912
삼성제약(주),1360,201112
삼성제약(주),1360,201212
삼성제약(주),1360,201312
삼성제약(주),1360,201412
삼성제약(주),1360,201512
삼성제약(주),1360,201612
삼성제약(주),1360,201712
삼성제약(주),1360,201812
삼성제약(주),1360,201912
삼일제약(주),520,201112
삼일제약(주),520,201212
삼일제약(주),520,201312
삼일제약(주),520,201412
삼일제약(주),520,201512
삼일제약(주),520,201612
삼일제약(주),520,201712
삼일제약(주),520,201812
삼일제약(주),520,201912
신풍제약(주),19170,201112
신풍제약(주),19170,201212
신풍제약(주),19170,201312
신풍제약(주),19170,201412
신풍제약(주),19170,201512
신풍제약(주),19170,201612
신풍제약(주),19170,201712
신풍제약(주),19170,201812
신풍제약(주),19170,201912
에이프로젠제약(주),3060,201112
에이프로젠제약(주),3060,201212
에이프로젠제약(주),3060,201312
에이프로젠제약(주),3060,201412
에이프로젠제약(주),3060,201512
에이프로젠제약(주),3060,201612
에이프로젠제약(주),3060,201712
에이프로젠제약(주),3060,201812
에이프로젠제약(주),3060,201912
영진약품(주),3520,201112
영진약품(주),3520,201212
영진약품(주),3520,201312
영진약품(주),3520,201412
영진약품(주),3520,201512
영진약품(주),3520,201612
영진약품(주),3520,201712
영진약품(주),3520,201812
영진약품(주),3520,201912
일동제약(주),249420,201612
일동제약(주),249420,201712
일동제약(주),249420,201812
일동제약(주),249420,201912
일동홀딩스(주),230,201112
일동홀딩스(주),230,201212
일동홀딩스(주),230,201312
일동홀딩스(주),230,201412
일동홀딩스(주),230,201512
일동홀딩스(주),230,201612
일동홀딩스(주),230,201712
일동홀딩스(주),230,201812
일동홀딩스(주),230,201912
일성신약(주),3120,201112
일성신약(주),3120,201212
일성신약(주),3120,201312
일성신약(주),3120,201412
일성신약(주),3120,201512
일성신약(주),3120,201612
일성신약(주),3120,201712
일성신약(주),3120,201812
일성신약(주),3120,201912
일양약품(주),7570,201612
일양약품(주),7570,201712
일양약품(주),7570,201812
일양약품(주),7570,201912
제이더블유중외제약(주),1060,201112
제이더블유중외제약(주),1060,201212
제이더블유중외제약(주),1060,201312
제이더블유중외제약(주),1060,201412
제이더블유중외제약(주),1060,201512
제이더블유중외제약(주),1060,201612
제이더블유중외제약(주),1060,201712
제이더블유중외제약(주),1060,201812
제이더블유중외제약(주),1060,201912
제일약품(주),271980,201712
제일약품(주),271980,201812
제일약품(주),271980,201912
조아제약(주),34940,201112
조아제약(주),34940,201212
조아제약(주),34940,201312
조아제약(주),34940,201412
조아제약(주),34940,201512
조아제약(주),34940,201612
조아제약(주),34940,201712
조아제약(주),34940,201812
조아제약(주),34940,201912
진양제약(주),7370,201112
진양제약(주),7370,201212
진양제약(주),7370,201312
진양제약(주),7370,201412
진양제약(주),7370,201512
진양제약(주),7370,201612
진양제약(주),7370,201712
진양제약(주),7370,201812
진양제약(주),7370,201912
코아스템(주),166480,201512
코아스템(주),166480,201612
코아스템(주),166480,201712
코아스템(주),166480,201812
코아스템(주),166480,201912
팜젠사이언스(주),4720,201112
팜젠사이언스(주),4720,201212
팜젠사이언스(주),4720,201312
팜젠사이언스(주),4720,201412
팜젠사이언스(주),4720,201512
팜젠사이언스(주),4720,201612
팜젠사이언스(주),4720,201712
팜젠사이언스(주),4720,201812
팜젠사이언스(주),4720,201912
한올바이오파마(주),9420,201112
한올바이오파마(주),9420,201212
한올바이오파마(주),9420,201312
한올바이오파마(주),9420,201412
한올바이오파마(주),9420,201512
한올바이오파마(주),9420,201612
한올바이오파마(주),9420,201712
한올바이오파마(주),9420,201812
한올바이오파마(주),9420,201912
피에스텍(주),2230,201112
피에스텍(주),2230,201212
피에스텍(주),2230,201312
피에스텍(주),2230,201412
피에스텍(주),2230,201512
피에스텍(주),2230,201612
피에스텍(주),2230,201712
피에스텍(주),2230,201812
피에스텍(주),2230,201912
(주)에스에이티,60540,201112
(주)에스에이티,60540,201212
(주)에스에이티,60540,201312
(주)에스에이티,60540,201412
(주)에스에이티,60540,201512
(주)에스에이티,60540,201612
(주)에스에이티,60540,201712
(주)에스에이티,60540,201812
(주)에스에이티,60540,201912
(주)넥스트아이,137940,201112
(주)넥스트아이,137940,201212
(주)넥스트아이,137940,201312
(주)넥스트아이,137940,201412
(주)넥스트아이,137940,201512
(주)넥스트아이,137940,201612
(주)넥스트아이,137940,201712
(주)넥스트아이,137940,201812
(주)넥스트아이,137940,201912
(주)우진,105840,201112
(주)우진,105840,201212
(주)우진,105840,201312
(주)우진,105840,201412
(주)우진,105840,201512
(주)우진,105840,201612
(주)우진,105840,201712
(주)우진,105840,201812
(주)우진,105840,201912
미래산업(주),25560,201112
미래산업(주),25560,201212
미래산업(주),25560,201312
미래산업(주),25560,201412
미래산업(주),25560,201512
미래산업(주),25560,201612
미래산업(주),25560,201712
미래산업(주),25560,201812
미래산업(주),25560,201912
(주)CMG제약,58820,201112
(주)CMG제약,58820,201212
(주)CMG제약,58820,201312
(주)CMG제약,58820,201412
(주)CMG제약,58820,201512
(주)CMG제약,58820,201612
(주)CMG제약,58820,201712
(주)CMG제약,58820,201812
(주)CMG제약,58820,201912
(주)씨티씨바이오,60590,201112
(주)씨티씨바이오,60590,201212
(주)씨티씨바이오,60590,201312
(주)씨티씨바이오,60590,201412
(주)씨티씨바이오,60590,201512
(주)씨티씨바이오,60590,201612
(주)씨티씨바이오,60590,201712
(주)씨티씨바이오,60590,201812
(주)씨티씨바이오,60590,201912
(주)에스텍파마,41910,201112
(주)에스텍파마,41910,201212
(주)에스텍파마,41910,201312
(주)에스텍파마,41910,201412
(주)에스텍파마,41910,201512
(주)에스텍파마,41910,201612
(주)에스텍파마,41910,201712
(주)에스텍파마,41910,201812
(주)에스텍파마,41910,201912
(주)유바이오로직스,206650,201712
(주)유바이오로직스,206650,201812
(주)유바이오로직스,206650,201912
(주)종근당바이오,63160,201112
(주)종근당바이오,63160,201212
(주)종근당바이오,63160,201312
(주)종근당바이오,63160,201412
(주)종근당바이오,63160,201512
(주)종근당바이오,63160,201612
(주)종근당바이오,63160,201712
(주)종근당바이오,63160,201812
(주)종근당바이오,63160,201912
(주)팬젠,222110,201612
(주)팬젠,222110,201712
(주)팬젠,222110,201812
(주)팬젠,222110,201912
(주)퓨쳐켐,220100,201612
(주)퓨쳐켐,220100,201712
(주)퓨쳐켐,220100,201812
(주)퓨쳐켐,220100,201912
경남제약(주),53950,201112
경남제약(주),53950,201212
경남제약(주),53950,201312
경남제약(주),53950,201412
경남제약(주),53950,201512
경남제약(주),53950,201612
경남제약(주),53950,201712
경남제약(주),53950,201812
경남제약(주),53950,201912
에스티팜(주),237690,201612
에스티팜(주),237690,201712
에스티팜(주),237690,201812
에스티팜(주),237690,201912
제이더블유신약(주),67290,201112
제이더블유신약(주),67290,201212
제이더블유신약(주),67290,201312
제이더블유신약(주),67290,201412
제이더블유신약(주),67290,201512
제이더블유신약(주),67290,201612
제이더블유신약(주),67290,201712
제이더블유신약(주),67290,201812
제이더블유신약(주),67290,201912
진원생명과학(주),11000,201112
진원생명과학(주),11000,201212
진원생명과학(주),11000,201312
진원생명과학(주),11000,201412
진원생명과학(주),11000,201512
진원생명과학(주),11000,201612
진원생명과학(주),11000,201712
진원생명과학(주),11000,201812
진원생명과학(주),11000,201912
(주)동방선기,99410,201112
(주)동방선기,99410,201212
(주)동방선기,99410,201312
(주)동방선기,99410,201412
(주)동방선기,99410,201512
(주)동방선기,99410,201612
(주)동방선기,99410,201712
(주)동방선기,99410,201812
(주)동방선기,99410,201912
(주)케이프,64820,201112
(주)케이프,64820,201212
(주)케이프,64820,201312
(주)케이프,64820,201412
(주)케이프,64820,201512
(주)케이프,64820,201612
(주)케이프,64820,201712
(주)케이프,64820,201812
(주)케이프,64820,201912
인화정공(주),101930,201112
인화정공(주),101930,201212
인화정공(주),101930,201312
인화정공(주),101930,201412
인화정공(주),101930,201512
인화정공(주),101930,201612
인화정공(주),101930,201712
인화정공(주),101930,201812
인화정공(주),101930,201912
한라아이엠에스(주),92460,201112
한라아이엠에스(주),92460,201212
한라아이엠에스(주),92460,201312
한라아이엠에스(주),92460,201412
한라아이엠에스(주),92460,201512
한라아이엠에스(주),92460,201612
한라아이엠에스(주),92460,201712
한라아이엠에스(주),92460,201812
한라아이엠에스(주),92460,201912
에이치엘비(주),28300,201112
에이치엘비(주),28300,201212
에이치엘비(주),28300,201312
에이치엘비(주),28300,201412
에이치엘비(주),28300,201512
에이치엘비(주),28300,201612
에이치엘비(주),28300,201712
에이치엘비(주),28300,201812
에이치엘비(주),28300,201912
에이치엘비(주),28300,201112
에이치엘비(주),28300,201212
에이치엘비(주),28300,201312
에이치엘비(주),28300,201412
에이치엘비(주),28300,201512
에이치엘비(주),28300,201612
에이치엘비(주),28300,201712
에이치엘비(주),28300,201812
에이치엘비(주),28300,201912
(주)후성,93370,201112
(주)후성,93370,201212
(주)후성,93370,201312
(주)후성,93370,201412
(주)후성,93370,201512
(주)후성,93370,201612
(주)후성,93370,201712
(주)후성,93370,201812
(주)후성,93370,201912
OCI(주),10060,201112
OCI(주),10060,201212
OCI(주),10060,201312
OCI(주),10060,201412
OCI(주),10060,201512
OCI(주),10060,201612
OCI(주),10060,201712
OCI(주),10060,201812
OCI(주),10060,201912
태경산업(주),15890,201112
태경산업(주),15890,201212
태경산업(주),15890,201312
태경산업(주),15890,201412
태경산업(주),15890,201512
태경산업(주),15890,201612
태경산업(주),15890,201712
태경산업(주),15890,201812
태경산업(주),15890,201912
백광산업(주),1340,201112
백광산업(주),1340,201212
백광산업(주),1340,201312
백광산업(주),1340,201412
백광산업(주),1340,201512
백광산업(주),1340,201612
백광산업(주),1340,201712
백광산업(주),1340,201812
백광산업(주),1340,201912
