회사명,거래소코드,회계년도,경상개발비율
(주)케이이씨,92220,201112,0
(주)케이이씨,92220,201212,0
(주)케이이씨,92220,201312,0
(주)케이이씨,92220,201412,0
(주)케이이씨,92220,201512,0
(주)케이이씨,92220,201612,0
(주)케이이씨,92220,201712,0
(주)케이이씨,92220,201812,0
(주)케이이씨,92220,201912,0
(주)루멘스,38060,201112,0
(주)루멘스,38060,201212,0
(주)루멘스,38060,201312,0
(주)루멘스,38060,201412,0
(주)루멘스,38060,201512,0
(주)루멘스,38060,201612,0
(주)루멘스,38060,201712,0
(주)루멘스,38060,201812,0
(주)루멘스,38060,201912,0
(주)바른전자,64520,201112,0
(주)바른전자,64520,201212,0
(주)바른전자,64520,201312,0
(주)바른전자,64520,201412,0
(주)바른전자,64520,201512,0
(주)바른전자,64520,201612,0
(주)바른전자,64520,201712,0
(주)바른전자,64520,201812,0
(주)바른전자,64520,201912,0
(주)비보존헬스케어,82800,201112,0
(주)비보존헬스케어,82800,201212,0
(주)비보존헬스케어,82800,201312,0
(주)비보존헬스케어,82800,201412,0
(주)비보존헬스케어,82800,201512,0
(주)비보존헬스케어,82800,201612,0
(주)비보존헬스케어,82800,201712,0
(주)비보존헬스케어,82800,201812,0
(주)비보존헬스케어,82800,201912,0
(주)신성이엔지,11930,201112,0
(주)신성이엔지,11930,201212,0
(주)신성이엔지,11930,201312,0
(주)신성이엔지,11930,201412,0
(주)신성이엔지,11930,201512,0
(주)신성이엔지,11930,201612,0
(주)신성이엔지,11930,201712,0
(주)신성이엔지,11930,201812,0
(주)신성이엔지,11930,201912,0
(주)알에프세미,96610,201112,0
(주)알에프세미,96610,201212,0
(주)알에프세미,96610,201312,0
(주)알에프세미,96610,201412,0
(주)알에프세미,96610,201512,0
(주)알에프세미,96610,201612,0
(주)알에프세미,96610,201712,0
(주)알에프세미,96610,201812,0
(주)알에프세미,96610,201912,0
(주)에스엘바이오닉스,214310,201512,0.025875255
(주)에스엘바이오닉스,214310,201612,0.041708469
(주)에스엘바이오닉스,214310,201712,0.048464262
(주)에스엘바이오닉스,214310,201812,0.061858853
(주)에스엘바이오닉스,214310,201912,0.089473585
(주)윈팩,97800,201312,0
(주)윈팩,97800,201412,0
(주)윈팩,97800,201512,0
(주)윈팩,97800,201612,0
(주)윈팩,97800,201712,0
(주)윈팩,97800,201812,0
(주)윈팩,97800,201912,0
(주)클라우드에어,36170,201112,0
(주)클라우드에어,36170,201212,0
(주)클라우드에어,36170,201312,0
(주)클라우드에어,36170,201412,0
(주)클라우드에어,36170,201512,0
(주)클라우드에어,36170,201612,0
(주)클라우드에어,36170,201712,0
(주)클라우드에어,36170,201812,0
(주)클라우드에어,36170,201912,0
광전자(주),17900,201112,0.028113693
광전자(주),17900,201212,0.034738443
광전자(주),17900,201312,0.012059448
광전자(주),17900,201412,0.00153711
광전자(주),17900,201512,0.031801902
광전자(주),17900,201612,0.030676082
광전자(주),17900,201712,0.032797271
광전자(주),17900,201812,0.035973685
광전자(주),17900,201912,0.03901245
서울반도체(주),46890,201112,0
서울반도체(주),46890,201212,0
서울반도체(주),46890,201312,0.013091181
서울반도체(주),46890,201412,0
서울반도체(주),46890,201512,0
서울반도체(주),46890,201612,0
서울반도체(주),46890,201712,0
서울반도체(주),46890,201812,0
서울반도체(주),46890,201912,0
시그네틱스(주),33170,201112,0.00239797
시그네틱스(주),33170,201212,0.003314765
시그네틱스(주),33170,201312,0.004671699
시그네틱스(주),33170,201412,0.002978593
시그네틱스(주),33170,201512,0.00455749
시그네틱스(주),33170,201612,0.005058295
시그네틱스(주),33170,201712,0
시그네틱스(주),33170,201812,0
시그네틱스(주),33170,201912,0
에스케이하이닉스(주),660,201112,0
에스케이하이닉스(주),660,201212,0
에스케이하이닉스(주),660,201312,0
에스케이하이닉스(주),660,201412,0
에스케이하이닉스(주),660,201512,0
에스케이하이닉스(주),660,201612,0
에스케이하이닉스(주),660,201712,0
에스케이하이닉스(주),660,201812,0
에스케이하이닉스(주),660,201912,0
엘비세미콘(주),61970,201112,0
엘비세미콘(주),61970,201212,0
엘비세미콘(주),61970,201312,0
엘비세미콘(주),61970,201412,0
엘비세미콘(주),61970,201512,0
엘비세미콘(주),61970,201612,0
엘비세미콘(주),61970,201712,0.032609457
엘비세미콘(주),61970,201812,0
엘비세미콘(주),61970,201912,0
우리이앤엘(주),153490,201312,0
우리이앤엘(주),153490,201412,0
우리이앤엘(주),153490,201512,0
우리이앤엘(주),153490,201612,0
우리이앤엘(주),153490,201712,0
우리이앤엘(주),153490,201812,0
우리이앤엘(주),153490,201912,0
(주)동일기연,32960,201112,0
(주)동일기연,32960,201212,0
(주)동일기연,32960,201312,0
(주)동일기연,32960,201412,0
(주)동일기연,32960,201512,0
(주)동일기연,32960,201612,0
(주)동일기연,32960,201712,0
(주)동일기연,32960,201812,0
(주)동일기연,32960,201912,0
(주)마이크로컨텍솔루션,98120,201112,0
(주)마이크로컨텍솔루션,98120,201212,0
(주)마이크로컨텍솔루션,98120,201312,0
(주)마이크로컨텍솔루션,98120,201412,0
(주)마이크로컨텍솔루션,98120,201512,0
(주)마이크로컨텍솔루션,98120,201612,0
(주)마이크로컨텍솔루션,98120,201712,0
(주)마이크로컨텍솔루션,98120,201812,0
(주)마이크로컨텍솔루션,98120,201912,0
(주)멜파스,96640,201112,0
(주)멜파스,96640,201212,0
(주)멜파스,96640,201312,0
(주)멜파스,96640,201412,0
(주)멜파스,96640,201512,0
(주)멜파스,96640,201612,0
(주)멜파스,96640,201712,0.040252428
(주)멜파스,96640,201812,0.030532508
(주)멜파스,96640,201912,0.00513042
(주)새로닉스,42600,201112,0
(주)새로닉스,42600,201212,0
(주)새로닉스,42600,201312,0
(주)새로닉스,42600,201412,0
(주)새로닉스,42600,201512,0
(주)새로닉스,42600,201612,0
(주)새로닉스,42600,201712,0
(주)새로닉스,42600,201812,0
(주)새로닉스,42600,201912,0
(주)솔루에타,154040,201312,0.03019846
(주)솔루에타,154040,201412,0.035657845
(주)솔루에타,154040,201512,0.031587657
(주)솔루에타,154040,201612,0.034149947
(주)솔루에타,154040,201712,0.026475417
(주)솔루에타,154040,201812,0
(주)솔루에타,154040,201912,0
(주)시노펙스,25320,201112,0.020076845
(주)시노펙스,25320,201212,0.009187261
(주)시노펙스,25320,201312,0.00999983
(주)시노펙스,25320,201412,0.010954196
(주)시노펙스,25320,201512,0.015561057
(주)시노펙스,25320,201612,0.01715045
(주)시노펙스,25320,201712,0.027134986
(주)시노펙스,25320,201812,0.034771974
(주)시노펙스,25320,201912,0.039105171
(주)아모텍,52710,201112,0
(주)아모텍,52710,201212,0
(주)아모텍,52710,201312,0
(주)아모텍,52710,201412,0
(주)아모텍,52710,201512,0
(주)아모텍,52710,201612,0
(주)아모텍,52710,201712,0
(주)아모텍,52710,201812,0
(주)아모텍,52710,201912,0
(주)에스디시스템,121890,201112,0
(주)에스디시스템,121890,201212,0
(주)에스디시스템,121890,201312,0
(주)에스디시스템,121890,201412,0
(주)에스디시스템,121890,201512,0
(주)에스디시스템,121890,201612,0
(주)에스디시스템,121890,201712,0
(주)에스디시스템,121890,201812,0
(주)에스디시스템,121890,201912,0
(주)에스앤에스텍,101490,201112,0
(주)에스앤에스텍,101490,201212,0
(주)에스앤에스텍,101490,201312,0
(주)에스앤에스텍,101490,201412,0
(주)에스앤에스텍,101490,201512,0
(주)에스앤에스텍,101490,201612,0
(주)에스앤에스텍,101490,201712,0
(주)에스앤에스텍,101490,201812,0
(주)에스앤에스텍,101490,201912,0
(주)와이제이엠게임즈,193250,201412,0
(주)와이제이엠게임즈,193250,201512,0
(주)와이제이엠게임즈,193250,201612,0
(주)와이제이엠게임즈,193250,201712,0
(주)와이제이엠게임즈,193250,201812,0
(주)와이제이엠게임즈,193250,201912,0
(주)우주일렉트로닉스,65680,201112,0.047013866
(주)우주일렉트로닉스,65680,201212,0.057708376
(주)우주일렉트로닉스,65680,201312,0
(주)우주일렉트로닉스,65680,201412,0
(주)우주일렉트로닉스,65680,201512,0
(주)우주일렉트로닉스,65680,201612,0
(주)우주일렉트로닉스,65680,201712,0
(주)우주일렉트로닉스,65680,201812,0
(주)우주일렉트로닉스,65680,201912,0
(주)캠시스,50110,201112,0
(주)캠시스,50110,201212,0
(주)캠시스,50110,201312,0
(주)캠시스,50110,201412,0
(주)캠시스,50110,201512,0
(주)캠시스,50110,201612,0
(주)캠시스,50110,201712,0
(주)캠시스,50110,201812,0
(주)캠시스,50110,201912,0
(주)케이에이치바텍,60720,201112,0
(주)케이에이치바텍,60720,201212,0
(주)케이에이치바텍,60720,201312,0
(주)케이에이치바텍,60720,201412,0
(주)케이에이치바텍,60720,201512,0
(주)케이에이치바텍,60720,201612,0
(주)케이에이치바텍,60720,201712,0
(주)케이에이치바텍,60720,201812,0
(주)케이에이치바텍,60720,201912,0
(주)케이에이치필룩스,33180,201112,0
(주)케이에이치필룩스,33180,201212,0
(주)케이에이치필룩스,33180,201312,0
(주)케이에이치필룩스,33180,201412,0
(주)케이에이치필룩스,33180,201512,0
(주)케이에이치필룩스,33180,201612,0
(주)케이에이치필룩스,33180,201712,0
(주)케이에이치필룩스,33180,201812,0
(주)케이에이치필룩스,33180,201912,0
(주)트루윈,105550,201412,0.06283062
(주)트루윈,105550,201512,0.068654086
(주)트루윈,105550,201612,0.01942341
(주)트루윈,105550,201712,0.016497533
(주)트루윈,105550,201812,0.022873616
(주)트루윈,105550,201912,0.007860686
(주)파버나인,177830,201412,0
(주)파버나인,177830,201512,0
(주)파버나인,177830,201612,0
(주)파버나인,177830,201712,0
(주)파버나인,177830,201812,0
(주)파버나인,177830,201912,0
(주)픽셀플러스,87600,201512,0
(주)픽셀플러스,87600,201612,0
(주)픽셀플러스,87600,201712,0
(주)픽셀플러스,87600,201812,0
(주)픽셀플러스,87600,201912,0
(주)하이소닉,106080,201112,0.023070549
(주)하이소닉,106080,201212,0
(주)하이소닉,106080,201312,0
(주)하이소닉,106080,201412,0
(주)하이소닉,106080,201512,0
(주)하이소닉,106080,201612,0
(주)하이소닉,106080,201712,0
(주)하이소닉,106080,201812,0
(주)하이소닉,106080,201912,0
대주전자재료(주),78600,201112,0
대주전자재료(주),78600,201212,0
대주전자재료(주),78600,201312,0
대주전자재료(주),78600,201412,0
대주전자재료(주),78600,201512,0
대주전자재료(주),78600,201612,0
대주전자재료(주),78600,201712,0
대주전자재료(주),78600,201812,0
대주전자재료(주),78600,201912,0
아이쓰리시스템(주),214430,201512,0.0318913
아이쓰리시스템(주),214430,201612,0
아이쓰리시스템(주),214430,201712,0
아이쓰리시스템(주),214430,201812,0
아이쓰리시스템(주),214430,201912,0
에스엔케이폴리텍(주),91340,201112,0.057197541
에스엔케이폴리텍(주),91340,201212,0.056532542
에스엔케이폴리텍(주),91340,201312,0.073690556
에스엔케이폴리텍(주),91340,201412,0.020498592
에스엔케이폴리텍(주),91340,201512,0.014542504
에스엔케이폴리텍(주),91340,201612,0.016073548
에스엔케이폴리텍(주),91340,201712,0.030314651
에스엔케이폴리텍(주),91340,201812,0.039058238
에스엔케이폴리텍(주),91340,201912,0.022073496
일진머티리얼즈(주),20150,201112,0.01306664
일진머티리얼즈(주),20150,201212,0.010362484
일진머티리얼즈(주),20150,201312,0.00692226
일진머티리얼즈(주),20150,201412,0.007465847
일진머티리얼즈(주),20150,201512,0.008490552
일진머티리얼즈(주),20150,201612,0.007184167
일진머티리얼즈(주),20150,201712,0.008967585
일진머티리얼즈(주),20150,201812,0.009703561
일진머티리얼즈(주),20150,201912,0.014807615
제이엠티(주),94970,201112,0
제이엠티(주),94970,201212,0
제이엠티(주),94970,201312,0
제이엠티(주),94970,201412,0
제이엠티(주),94970,201512,0
제이엠티(주),94970,201612,0
제이엠티(주),94970,201712,0
제이엠티(주),94970,201812,0
제이엠티(주),94970,201912,0
한국컴퓨터(주),54040,201112,0
한국컴퓨터(주),54040,201212,0
한국컴퓨터(주),54040,201312,0
한국컴퓨터(주),54040,201412,0
한국컴퓨터(주),54040,201512,0
한국컴퓨터(주),54040,201612,0
한국컴퓨터(주),54040,201712,0
한국컴퓨터(주),54040,201812,0
한국컴퓨터(주),54040,201912,0
(주)나무가,190510,201512,0
(주)나무가,190510,201612,0.032678725
(주)나무가,190510,201712,0.037172039
(주)나무가,190510,201812,0.023748099
(주)나무가,190510,201912,0
(주)매직마이크로,127160,201512,0
(주)매직마이크로,127160,201612,0
(주)매직마이크로,127160,201712,0
(주)매직마이크로,127160,201812,0
(주)매직마이크로,127160,201912,0
(주)씨엔플러스,115530,201112,0
(주)씨엔플러스,115530,201212,0.029720517
(주)씨엔플러스,115530,201312,0.037630542
(주)씨엔플러스,115530,201412,0.109978691
(주)씨엔플러스,115530,201512,0.088183591
(주)씨엔플러스,115530,201612,0.055108356
(주)씨엔플러스,115530,201712,0.032733732
(주)씨엔플러스,115530,201812,0.028750186
(주)씨엔플러스,115530,201912,0.014438096
(주)아이에이,38880,201112,0.197787373
(주)아이에이,38880,201212,0.118156981
(주)아이에이,38880,201312,0
(주)아이에이,38880,201412,0
(주)아이에이,38880,201512,0
(주)아이에이,38880,201612,0
(주)아이에이,38880,201712,0
(주)아이에이,38880,201812,0
(주)아이에이,38880,201912,0
(주)아이엠,101390,201112,0
(주)아이엠,101390,201212,0
(주)아이엠,101390,201312,0
(주)아이엠,101390,201412,0
(주)아이엠,101390,201512,0
(주)아이엠,101390,201612,0
(주)아이엠,101390,201712,0
(주)아이엠,101390,201812,0
(주)아이엠,101390,201912,0
(주)아이윈플러스,123010,201612,0
(주)아이윈플러스,123010,201712,0
(주)아이윈플러스,123010,201812,0
(주)아이윈플러스,123010,201912,0
(주)오킨스전자,80580,201412,0
(주)오킨스전자,80580,201512,0
(주)오킨스전자,80580,201612,0
(주)오킨스전자,80580,201712,0
(주)오킨스전자,80580,201812,0
(주)오킨스전자,80580,201912,0
(주)월덱스,101160,201112,0
(주)월덱스,101160,201212,0
(주)월덱스,101160,201312,0
(주)월덱스,101160,201412,0
(주)월덱스,101160,201512,0
(주)월덱스,101160,201612,0
(주)월덱스,101160,201712,0
(주)월덱스,101160,201812,0
(주)월덱스,101160,201912,0
(주)유씨아이,38340,201112,0
(주)유씨아이,38340,201212,0
(주)유씨아이,38340,201312,0
(주)유씨아이,38340,201412,0
(주)유씨아이,38340,201512,0
(주)유씨아이,38340,201612,0
(주)유씨아이,38340,201712,0
(주)유씨아이,38340,201812,0
(주)유씨아이,38340,201912,0
(주)육일씨엔에쓰,191410,201512,0
(주)육일씨엔에쓰,191410,201612,0
(주)육일씨엔에쓰,191410,201712,0
(주)육일씨엔에쓰,191410,201812,0
(주)육일씨엔에쓰,191410,201912,0
(주)이랜텍,54210,201112,0
(주)이랜텍,54210,201212,0
(주)이랜텍,54210,201312,0
(주)이랜텍,54210,201412,0
(주)이랜텍,54210,201512,0
(주)이랜텍,54210,201612,0
(주)이랜텍,54210,201712,0
(주)이랜텍,54210,201812,0
(주)이랜텍,54210,201912,0
(주)이엠텍,91120,201112,0
(주)이엠텍,91120,201212,0
(주)이엠텍,91120,201312,0
(주)이엠텍,91120,201412,0
(주)이엠텍,91120,201512,0
(주)이엠텍,91120,201612,0
(주)이엠텍,91120,201712,0
(주)이엠텍,91120,201812,0
(주)이엠텍,91120,201912,0
(주)케이엔더블유,105330,201112,0
(주)케이엔더블유,105330,201212,0
(주)케이엔더블유,105330,201312,0
(주)케이엔더블유,105330,201412,0
(주)케이엔더블유,105330,201512,0
(주)케이엔더블유,105330,201612,0
(주)케이엔더블유,105330,201712,0
(주)케이엔더블유,105330,201812,0
(주)케이엔더블유,105330,201912,0
LG이노텍(주),11070,201112,0
LG이노텍(주),11070,201212,0
LG이노텍(주),11070,201312,0
LG이노텍(주),11070,201412,0
LG이노텍(주),11070,201512,0
LG이노텍(주),11070,201612,0
LG이노텍(주),11070,201712,0
LG이노텍(주),11070,201812,0
LG이노텍(주),11070,201912,0
써니전자(주),4770,201112,0
써니전자(주),4770,201212,0
써니전자(주),4770,201312,0
써니전자(주),4770,201412,0
써니전자(주),4770,201512,0
써니전자(주),4770,201612,0
써니전자(주),4770,201712,0
써니전자(주),4770,201812,0
써니전자(주),4770,201912,0
아비코전자(주),36010,201112,0.023328178
아비코전자(주),36010,201212,0
아비코전자(주),36010,201312,0.022229488
아비코전자(주),36010,201412,0.024825592
아비코전자(주),36010,201512,0
아비코전자(주),36010,201612,0
아비코전자(주),36010,201712,0
아비코전자(주),36010,201812,0
아비코전자(주),36010,201912,0
알에스오토메이션(주),140670,201712,0
알에스오토메이션(주),140670,201812,0
알에스오토메이션(주),140670,201912,0
에스비더블유생명과학(주),151910,201212,0
에스비더블유생명과학(주),151910,201312,0.004781212
에스비더블유생명과학(주),151910,201412,0.009440481
에스비더블유생명과학(주),151910,201512,0.01328297
에스비더블유생명과학(주),151910,201612,0
에스비더블유생명과학(주),151910,201712,0
에스비더블유생명과학(주),151910,201812,0
에스비더블유생명과학(주),151910,201912,0
와이엠씨(주),155650,201212,0.01511643
와이엠씨(주),155650,201312,0.024345104
와이엠씨(주),155650,201412,0.018096036
와이엠씨(주),155650,201512,0.011379041
와이엠씨(주),155650,201612,0.007048252
와이엠씨(주),155650,201712,0.008190654
와이엠씨(주),155650,201812,0.004899561
와이엠씨(주),155650,201912,0.007511982
크루셜텍(주),114120,201112,0.022467353
크루셜텍(주),114120,201212,0.044239905
크루셜텍(주),114120,201312,0.109021921
크루셜텍(주),114120,201412,0.117749218
크루셜텍(주),114120,201512,0.052266515
크루셜텍(주),114120,201612,0.04893959
크루셜텍(주),114120,201712,0.059737164
크루셜텍(주),114120,201812,0.060229487
크루셜텍(주),114120,201912,0.063595684
(주)아이디스,143160,201112,0
(주)아이디스,143160,201212,0
(주)아이디스,143160,201312,0
(주)아이디스,143160,201412,0
(주)아이디스,143160,201512,0
(주)아이디스,143160,201612,0
(주)아이디스,143160,201712,0
(주)아이디스,143160,201812,0
(주)아이디스,143160,201912,0
(주)인포마크,175140,201512,0
(주)인포마크,175140,201612,0
(주)인포마크,175140,201712,0
(주)인포마크,175140,201812,0
(주)인포마크,175140,201912,0
(주)텔콘알에프제약,200230,201412,0
(주)텔콘알에프제약,200230,201512,0
(주)텔콘알에프제약,200230,201612,0
(주)텔콘알에프제약,200230,201712,0
(주)텔콘알에프제약,200230,201812,0
(주)텔콘알에프제약,200230,201912,0
(주)더 미동,161570,201312,0
(주)더 미동,161570,201312,0
(주)더 미동,161570,201412,0
(주)더 미동,161570,201412,0
(주)더 미동,161570,201512,0
(주)더 미동,161570,201512,0
(주)더 미동,161570,201612,0
(주)더 미동,161570,201612,0
(주)더 미동,161570,201712,0
(주)더 미동,161570,201712,0
(주)더 미동,161570,201812,0
(주)더 미동,161570,201812,0
(주)더 미동,161570,201912,0
(주)더 미동,161570,201912,0
(주)아이티엑스에이아이,99520,201112,0
(주)아이티엑스에이아이,99520,201112,0
(주)아이티엑스에이아이,99520,201212,0
(주)아이티엑스에이아이,99520,201212,0
(주)아이티엑스에이아이,99520,201312,0
(주)아이티엑스에이아이,99520,201312,0
(주)아이티엑스에이아이,99520,201412,0
(주)아이티엑스에이아이,99520,201412,0
(주)아이티엑스에이아이,99520,201512,0
(주)아이티엑스에이아이,99520,201512,0
(주)아이티엑스에이아이,99520,201612,0
(주)아이티엑스에이아이,99520,201612,0
(주)아이티엑스에이아이,99520,201712,0
(주)아이티엑스에이아이,99520,201712,0
(주)아이티엑스에이아이,99520,201812,0
(주)아이티엑스에이아이,99520,201812,0
(주)아이티엑스에이아이,99520,201912,0
(주)아이티엑스에이아이,99520,201912,0
(주)엠씨넥스,97520,201212,0
(주)엠씨넥스,97520,201212,0
(주)엠씨넥스,97520,201312,0
(주)엠씨넥스,97520,201312,0
(주)엠씨넥스,97520,201412,0
(주)엠씨넥스,97520,201412,0
(주)엠씨넥스,97520,201512,0
(주)엠씨넥스,97520,201512,0
(주)엠씨넥스,97520,201612,0
(주)엠씨넥스,97520,201612,0
(주)엠씨넥스,97520,201712,0.021303603
(주)엠씨넥스,97520,201712,0.021303603
(주)엠씨넥스,97520,201812,0.026548642
(주)엠씨넥스,97520,201812,0.026548642
(주)엠씨넥스,97520,201912,0.02905459
(주)엠씨넥스,97520,201912,0.02905459
(주)홈캐스트,64240,201112,0.027058495
(주)홈캐스트,64240,201112,0.027058495
(주)홈캐스트,64240,201212,0.056252384
(주)홈캐스트,64240,201212,0.056252384
(주)홈캐스트,64240,201312,0.03944589
(주)홈캐스트,64240,201312,0.03944589
(주)홈캐스트,64240,201412,0.044710122
(주)홈캐스트,64240,201412,0.044710122
(주)홈캐스트,64240,201512,0.036884905
(주)홈캐스트,64240,201512,0.036884905
(주)홈캐스트,64240,201612,0.022340899
(주)홈캐스트,64240,201612,0.022340899
(주)홈캐스트,64240,201712,0.063140006
(주)홈캐스트,64240,201712,0.063140006
(주)홈캐스트,64240,201812,0.07358467
(주)홈캐스트,64240,201812,0.07358467
(주)홈캐스트,64240,201912,0.095804097
(주)홈캐스트,64240,201912,0.095804097
(주)휴맥스,115160,201112,0
(주)휴맥스,115160,201112,0
(주)휴맥스,115160,201212,0
(주)휴맥스,115160,201212,0
(주)휴맥스,115160,201312,0
(주)휴맥스,115160,201312,0
(주)휴맥스,115160,201412,0
(주)휴맥스,115160,201412,0
(주)휴맥스,115160,201512,0
(주)휴맥스,115160,201512,0
(주)휴맥스,115160,201612,0
(주)휴맥스,115160,201612,0
(주)휴맥스,115160,201712,0
(주)휴맥스,115160,201712,0
(주)휴맥스,115160,201812,0
(주)휴맥스,115160,201812,0
(주)휴맥스,115160,201912,0
(주)휴맥스,115160,201912,0
(주)빅텍,65450,201112,0
(주)빅텍,65450,201212,0
(주)빅텍,65450,201312,0
(주)빅텍,65450,201412,0
(주)빅텍,65450,201512,0
(주)빅텍,65450,201612,0
(주)빅텍,65450,201712,0
(주)빅텍,65450,201812,0
(주)빅텍,65450,201912,0
지나인제약(주),78650,201112,0
지나인제약(주),78650,201212,0
지나인제약(주),78650,201312,0
지나인제약(주),78650,201412,0
지나인제약(주),78650,201512,0
지나인제약(주),78650,201612,0
지나인제약(주),78650,201712,0
지나인제약(주),78650,201812,0
지나인제약(주),78650,201912,0
(주)파워로직스,47310,201112,0
(주)파워로직스,47310,201212,0
(주)파워로직스,47310,201312,0
(주)파워로직스,47310,201412,0
(주)파워로직스,47310,201512,0
(주)파워로직스,47310,201612,0
(주)파워로직스,47310,201712,0
(주)파워로직스,47310,201812,0
(주)파워로직스,47310,201912,0
(주)광림,14200,201112,0
(주)광림,14200,201212,0
(주)광림,14200,201312,0
(주)광림,14200,201412,0
(주)광림,14200,201512,0
(주)광림,14200,201612,0
(주)광림,14200,201712,0
(주)광림,14200,201812,0
(주)광림,14200,201912,0
쌍용자동차(주),3620,201112,0.042472617
쌍용자동차(주),3620,201212,0.038014532
쌍용자동차(주),3620,201312,0
쌍용자동차(주),3620,201412,0
쌍용자동차(주),3620,201512,0
쌍용자동차(주),3620,201612,0
쌍용자동차(주),3620,201712,0
쌍용자동차(주),3620,201812,0
쌍용자동차(주),3620,201912,0
(주)에스엠벡셀,10580,201112,0
(주)에스엠벡셀,10580,201212,0
(주)에스엠벡셀,10580,201312,0
(주)에스엠벡셀,10580,201412,0
(주)에스엠벡셀,10580,201512,0
(주)에스엠벡셀,10580,201612,0
(주)에스엠벡셀,10580,201712,0
(주)에스엠벡셀,10580,201812,0
(주)에스엠벡셀,10580,201912,0
(주)오리엔트정공,65500,201112,0
(주)오리엔트정공,65500,201212,0
(주)오리엔트정공,65500,201312,0
(주)오리엔트정공,65500,201412,0
(주)오리엔트정공,65500,201512,0
(주)오리엔트정공,65500,201612,0
(주)오리엔트정공,65500,201712,0
(주)오리엔트정공,65500,201812,0
(주)오리엔트정공,65500,201912,0
(주)코다코,46070,201112,0.008742021
(주)코다코,46070,201212,0.009343293
(주)코다코,46070,201312,0.010426292
(주)코다코,46070,201412,0.013785594
(주)코다코,46070,201512,0.02498945
(주)코다코,46070,201612,0.01869905
(주)코다코,46070,201712,0.014298992
(주)코다코,46070,201812,0.012195213
(주)코다코,46070,201912,0.003531903
SNT중공업(주),3570,201112,0
SNT중공업(주),3570,201212,0
SNT중공업(주),3570,201312,0
SNT중공업(주),3570,201412,0
SNT중공업(주),3570,201512,0
SNT중공업(주),3570,201612,0
SNT중공업(주),3570,201712,0
SNT중공업(주),3570,201812,0
SNT중공업(주),3570,201912,0
씨비아이(주),13720,201112,0
씨비아이(주),13720,201212,0
씨비아이(주),13720,201312,0
씨비아이(주),13720,201412,0
씨비아이(주),13720,201512,0
씨비아이(주),13720,201612,0
씨비아이(주),13720,201712,0
씨비아이(주),13720,201812,0
씨비아이(주),13720,201912,0
에스엘(주),5850,201212,0
에스엘(주),5850,201312,0
에스엘(주),5850,201412,0
에스엘(주),5850,201512,0
에스엘(주),5850,201612,0
에스엘(주),5850,201712,0
에스엘(주),5850,201812,0
에스엘(주),5850,201912,0
영화금속(주),12280,201112,0
영화금속(주),12280,201212,0
영화금속(주),12280,201312,0
영화금속(주),12280,201412,0
영화금속(주),12280,201512,0
영화금속(주),12280,201612,0
영화금속(주),12280,201712,0
영화금속(주),12280,201812,0
영화금속(주),12280,201912,0
우수AMS(주),66590,201112,0
우수AMS(주),66590,201212,0
우수AMS(주),66590,201312,0
우수AMS(주),66590,201412,0
우수AMS(주),66590,201512,0
우수AMS(주),66590,201612,0
우수AMS(주),66590,201712,0
우수AMS(주),66590,201812,0
우수AMS(주),66590,201912,0
인지컨트롤스(주),23800,201112,0
인지컨트롤스(주),23800,201212,0
인지컨트롤스(주),23800,201312,0
인지컨트롤스(주),23800,201412,0
인지컨트롤스(주),23800,201512,0
인지컨트롤스(주),23800,201612,0
인지컨트롤스(주),23800,201712,0
인지컨트롤스(주),23800,201812,0
인지컨트롤스(주),23800,201912,0
태양금속공업(주),4100,201112,0
태양금속공업(주),4100,201212,0
태양금속공업(주),4100,201312,0
태양금속공업(주),4100,201412,0
태양금속공업(주),4100,201512,0
태양금속공업(주),4100,201612,0.016113293
태양금속공업(주),4100,201712,0.01718441
태양금속공업(주),4100,201812,0.017902324
태양금속공업(주),4100,201912,0.019671633
한국프랜지공업(주),10100,201112,0
한국프랜지공업(주),10100,201212,0
한국프랜지공업(주),10100,201312,0
한국프랜지공업(주),10100,201412,0
한국프랜지공업(주),10100,201512,0
한국프랜지공업(주),10100,201612,0
한국프랜지공업(주),10100,201712,0
한국프랜지공업(주),10100,201812,0
한국프랜지공업(주),10100,201912,0
(주)구영테크,53270,201112,0
(주)구영테크,53270,201212,0
(주)구영테크,53270,201312,0
(주)구영테크,53270,201412,0
(주)구영테크,53270,201512,0
(주)구영테크,53270,201612,0
(주)구영테크,53270,201712,0
(주)구영테크,53270,201812,0
(주)구영테크,53270,201912,0
(주)서연이화,200880,201412,0
(주)서연이화,200880,201512,0
(주)서연이화,200880,201612,0
(주)서연이화,200880,201712,0
(주)서연이화,200880,201812,0
(주)서연이화,200880,201912,0
(주)세원물산,24830,201112,0.07906429
(주)세원물산,24830,201212,0.040132593
(주)세원물산,24830,201312,0.055637845
(주)세원물산,24830,201412,0.060184342
(주)세원물산,24830,201512,0.06262188
(주)세원물산,24830,201612,0.050712035
(주)세원물산,24830,201712,0.091790816
(주)세원물산,24830,201812,0.104759273
(주)세원물산,24830,201912,0.074109493
(주)엠에스오토텍,123040,201112,0.035660988
(주)엠에스오토텍,123040,201212,0.006409315
(주)엠에스오토텍,123040,201312,0.002303292
(주)엠에스오토텍,123040,201412,0.002849573
(주)엠에스오토텍,123040,201512,0.002641803
(주)엠에스오토텍,123040,201612,0.006660055
(주)엠에스오토텍,123040,201712,0.00249822
(주)엠에스오토텍,123040,201812,0.004505208
(주)엠에스오토텍,123040,201912,0.002854879
(주)오스템,31510,201112,0.010690036
(주)오스템,31510,201212,0.00988747
(주)오스템,31510,201312,0.005071622
(주)오스템,31510,201412,0.005461217
(주)오스템,31510,201512,0.017768953
(주)오스템,31510,201612,0.033822361
(주)오스템,31510,201712,0.038301681
(주)오스템,31510,201812,0.037003377
(주)오스템,31510,201912,0.033259919
(주)인팩,23810,201112,0
(주)인팩,23810,201212,0
(주)인팩,23810,201312,0
(주)인팩,23810,201412,0
(주)인팩,23810,201512,0
(주)인팩,23810,201612,0
(주)인팩,23810,201712,0
(주)인팩,23810,201812,0
(주)인팩,23810,201912,0
(주)일지테크,19540,201112,0
(주)일지테크,19540,201212,0
(주)일지테크,19540,201312,0
(주)일지테크,19540,201412,0
(주)일지테크,19540,201512,0
(주)일지테크,19540,201612,0
(주)일지테크,19540,201712,0
(주)일지테크,19540,201812,0
(주)일지테크,19540,201912,0
아진산업(주),13310,201512,0.041249347
아진산업(주),13310,201612,0.053029439
아진산업(주),13310,201712,0.076624976
아진산업(주),13310,201812,0.036653093
아진산업(주),13310,201912,0.031388607
에코플라스틱(주),38110,201112,0
에코플라스틱(주),38110,201212,0
에코플라스틱(주),38110,201312,0
에코플라스틱(주),38110,201412,0
에코플라스틱(주),38110,201512,0
에코플라스틱(주),38110,201612,0
에코플라스틱(주),38110,201712,0
에코플라스틱(주),38110,201812,0
에코플라스틱(주),38110,201912,0
(주)금호에이치티,214330,201512,0
(주)금호에이치티,214330,201612,0
(주)금호에이치티,214330,201712,0
(주)금호에이치티,214330,201812,0
(주)금호에이치티,214330,201912,0
(주)대성파인텍,104040,201112,0
(주)대성파인텍,104040,201212,0
(주)대성파인텍,104040,201312,0
(주)대성파인텍,104040,201412,0
(주)대성파인텍,104040,201512,0
(주)대성파인텍,104040,201612,0
(주)대성파인텍,104040,201712,0
(주)대성파인텍,104040,201812,0
(주)대성파인텍,104040,201912,0
(주)대유에이텍,2880,201112,0
(주)대유에이텍,2880,201212,0
(주)대유에이텍,2880,201312,0
(주)대유에이텍,2880,201412,0
(주)대유에이텍,2880,201512,0
(주)대유에이텍,2880,201612,0
(주)대유에이텍,2880,201712,0
(주)대유에이텍,2880,201812,0
(주)대유에이텍,2880,201912,0
(주)디아이씨,92200,201112,0
(주)디아이씨,92200,201212,0
(주)디아이씨,92200,201312,0
(주)디아이씨,92200,201412,0
(주)디아이씨,92200,201512,0
(주)디아이씨,92200,201612,0
(주)디아이씨,92200,201712,0
(주)디아이씨,92200,201812,0
(주)디아이씨,92200,201912,0
(주)디아크,78590,201112,0.008958663
(주)디아크,78590,201212,0.011757225
(주)디아크,78590,201312,0.020718979
(주)디아크,78590,201412,0.023639165
(주)디아크,78590,201512,0.025790423
(주)디아크,78590,201612,0.025311716
(주)디아크,78590,201712,0.031758267
(주)디아크,78590,201812,0.03674989
(주)디아크,78590,201912,0.02740912
(주)성창오토텍,80470,201112,0
(주)성창오토텍,80470,201212,0
(주)성창오토텍,80470,201312,0.026045824
(주)성창오토텍,80470,201412,0.016568662
(주)성창오토텍,80470,201512,0.019634536
(주)성창오토텍,80470,201612,0
(주)성창오토텍,80470,201712,0
(주)성창오토텍,80470,201812,0
(주)성창오토텍,80470,201912,0
(주)세동,53060,201112,0
(주)세동,53060,201212,0
(주)세동,53060,201312,0
(주)세동,53060,201412,0
(주)세동,53060,201512,0
(주)세동,53060,201612,0
(주)세동,53060,201712,0
(주)세동,53060,201812,0
(주)세동,53060,201912,0
(주)아이윈,90150,201112,0
(주)아이윈,90150,201212,0
(주)아이윈,90150,201312,0
(주)아이윈,90150,201412,0
(주)아이윈,90150,201512,0
(주)아이윈,90150,201612,0
(주)아이윈,90150,201712,0
(주)아이윈,90150,201812,0
(주)아이윈,90150,201912,0
(주)에스지글로벌,1380,201112,0
(주)에스지글로벌,1380,201212,0
(주)에스지글로벌,1380,201312,0
(주)에스지글로벌,1380,201412,0
(주)에스지글로벌,1380,201512,0
(주)에스지글로벌,1380,201612,0
(주)에스지글로벌,1380,201712,0
(주)에스지글로벌,1380,201812,0
(주)에스지글로벌,1380,201912,0
(주)유니크,11320,201112,0
(주)유니크,11320,201212,0
(주)유니크,11320,201312,0
(주)유니크,11320,201412,0
(주)유니크,11320,201512,0
(주)유니크,11320,201612,0
(주)유니크,11320,201712,0
(주)유니크,11320,201812,0
(주)유니크,11320,201912,0
(주)캐스텍코리아,71850,201412,0
(주)캐스텍코리아,71850,201512,0
(주)캐스텍코리아,71850,201612,0
(주)캐스텍코리아,71850,201712,0
(주)캐스텍코리아,71850,201812,0
(주)캐스텍코리아,71850,201912,0
(주)티피씨,130740,201112,0.027828194
(주)티피씨,130740,201212,0.027070339
(주)티피씨,130740,201312,0.021665489
(주)티피씨,130740,201412,0.026086643
(주)티피씨,130740,201512,0.026829343
(주)티피씨,130740,201612,0.029835585
(주)티피씨,130740,201712,0.032538277
(주)티피씨,130740,201812,0.018159306
(주)티피씨,130740,201912,0.023032608
디젠스(주),113810,201212,0
디젠스(주),113810,201312,0
디젠스(주),113810,201412,0
디젠스(주),113810,201512,0
디젠스(주),113810,201612,0
디젠스(주),113810,201712,0
디젠스(주),113810,201812,0
디젠스(주),113810,201912,0
삼보모터스(주),53700,201112,0.010178816
삼보모터스(주),53700,201212,0.01045209
삼보모터스(주),53700,201312,0.012003928
삼보모터스(주),53700,201412,0.013563324
삼보모터스(주),53700,201512,0.014288704
삼보모터스(주),53700,201612,0.016802971
삼보모터스(주),53700,201712,0.018659835
삼보모터스(주),53700,201812,0.019009427
삼보모터스(주),53700,201912,0.024632262
삼성공조(주),6660,201112,0
삼성공조(주),6660,201212,0
삼성공조(주),6660,201312,0
삼성공조(주),6660,201412,0
삼성공조(주),6660,201512,0
삼성공조(주),6660,201612,0
삼성공조(주),6660,201712,0
삼성공조(주),6660,201812,0
삼성공조(주),6660,201912,0
새론오토모티브(주),75180,201112,0
새론오토모티브(주),75180,201212,0
새론오토모티브(주),75180,201312,0
새론오토모티브(주),75180,201412,0
새론오토모티브(주),75180,201512,0
새론오토모티브(주),75180,201612,0
새론오토모티브(주),75180,201712,0
새론오토모티브(주),75180,201812,0
새론오토모티브(주),75180,201912,0
세종공업(주),33530,201112,0
세종공업(주),33530,201212,0
세종공업(주),33530,201312,0
세종공업(주),33530,201412,0
세종공업(주),33530,201512,0
세종공업(주),33530,201612,0
세종공업(주),33530,201712,0
세종공업(주),33530,201812,0
세종공업(주),33530,201912,0
엔브이에이치코리아(주),67570,201312,0
엔브이에이치코리아(주),67570,201412,0
엔브이에이치코리아(주),67570,201512,0
엔브이에이치코리아(주),67570,201612,0
엔브이에이치코리아(주),67570,201712,0
엔브이에이치코리아(주),67570,201812,0
엔브이에이치코리아(주),67570,201912,0
이원컴포텍(주),88290,201112,0
이원컴포텍(주),88290,201212,0
이원컴포텍(주),88290,201312,0
이원컴포텍(주),88290,201412,0
이원컴포텍(주),88290,201512,0
이원컴포텍(주),88290,201612,0
이원컴포텍(주),88290,201712,0
이원컴포텍(주),88290,201812,0
이원컴포텍(주),88290,201912,0
케이비아이동국실업(주),1620,201112,0
케이비아이동국실업(주),1620,201212,0
케이비아이동국실업(주),1620,201312,0
케이비아이동국실업(주),1620,201412,0
케이비아이동국실업(주),1620,201512,0
케이비아이동국실업(주),1620,201612,0
케이비아이동국실업(주),1620,201712,0
케이비아이동국실업(주),1620,201812,0
케이비아이동국실업(주),1620,201912,0
평화산업(주),90080,201112,0
평화산업(주),90080,201212,0.017230909
평화산업(주),90080,201312,0.010891284
평화산업(주),90080,201412,0
평화산업(주),90080,201512,0
평화산업(주),90080,201612,0
평화산업(주),90080,201712,0
평화산업(주),90080,201812,0.026461384
평화산업(주),90080,201912,0.0238775
한일단조공업(주),24740,201112,0
한일단조공업(주),24740,201212,0
한일단조공업(주),24740,201312,0
한일단조공업(주),24740,201412,0
한일단조공업(주),24740,201512,0
한일단조공업(주),24740,201612,0
한일단조공업(주),24740,201712,0
한일단조공업(주),24740,201812,0
한일단조공업(주),24740,201912,0
현대위아(주),11210,201112,0
현대위아(주),11210,201212,0
현대위아(주),11210,201312,0
현대위아(주),11210,201412,0
현대위아(주),11210,201512,0
현대위아(주),11210,201612,0
현대위아(주),11210,201712,0
현대위아(주),11210,201812,0
현대위아(주),11210,201912,0
(주)네오리진,94860,201112,0
(주)네오리진,94860,201212,0
(주)네오리진,94860,201312,0
(주)네오리진,94860,201412,0.051817769
(주)네오리진,94860,201512,0
(주)네오리진,94860,201612,0
(주)네오리진,94860,201712,0
(주)네오리진,94860,201812,0
(주)네오리진,94860,201912,0
(주)누리플렉스,40160,201112,0.072597609
(주)누리플렉스,40160,201212,0.105240516
(주)누리플렉스,40160,201312,0.076492381
(주)누리플렉스,40160,201412,0
(주)누리플렉스,40160,201512,0
(주)누리플렉스,40160,201612,0
(주)누리플렉스,40160,201712,0
(주)누리플렉스,40160,201812,0
(주)누리플렉스,40160,201912,0
(주)브리지텍,64480,201112,0
(주)브리지텍,64480,201212,0
(주)브리지텍,64480,201312,0
(주)브리지텍,64480,201412,0
(주)브리지텍,64480,201512,0
(주)브리지텍,64480,201612,0
(주)브리지텍,64480,201712,0
(주)브리지텍,64480,201812,0
(주)브리지텍,64480,201912,0
(주)비트컴퓨터,32850,201112,0.040021536
(주)비트컴퓨터,32850,201212,0.017952297
(주)비트컴퓨터,32850,201312,0.019536078
(주)비트컴퓨터,32850,201412,0.018992647
(주)비트컴퓨터,32850,201512,0
(주)비트컴퓨터,32850,201612,0
(주)비트컴퓨터,32850,201712,0
(주)비트컴퓨터,32850,201812,0
(주)비트컴퓨터,32850,201912,0
(주)시큐브,131090,201112,0
(주)시큐브,131090,201212,0
(주)시큐브,131090,201312,0
(주)시큐브,131090,201412,0
(주)시큐브,131090,201512,0
(주)시큐브,131090,201612,0
(주)시큐브,131090,201712,0
(주)시큐브,131090,201812,0
(주)시큐브,131090,201912,0
(주)이루온,65440,201112,0.104910078
(주)이루온,65440,201212,0.1984401
(주)이루온,65440,201312,0.092551627
(주)이루온,65440,201412,0.154880657
(주)이루온,65440,201512,0
(주)이루온,65440,201612,0
(주)이루온,65440,201712,0
(주)이루온,65440,201812,0
(주)이루온,65440,201912,0
(주)이스트소프트,47560,201112,0
(주)이스트소프트,47560,201212,0
(주)이스트소프트,47560,201312,0
(주)이스트소프트,47560,201412,0
(주)이스트소프트,47560,201512,0
(주)이스트소프트,47560,201612,0
(주)이스트소프트,47560,201712,0.028758249
(주)이스트소프트,47560,201812,0
(주)이스트소프트,47560,201912,0
(주)지어소프트,51160,201112,0
(주)지어소프트,51160,201212,0
(주)지어소프트,51160,201312,0
(주)지어소프트,51160,201412,0
(주)지어소프트,51160,201512,0
(주)지어소프트,51160,201612,0
(주)지어소프트,51160,201712,0
(주)지어소프트,51160,201812,0
(주)지어소프트,51160,201912,0
(주)케이사인,192250,201412,0.030434482
(주)케이사인,192250,201512,0.020773651
(주)케이사인,192250,201612,0.02909782
(주)케이사인,192250,201712,0.046176241
(주)케이사인,192250,201812,0.084522037
(주)케이사인,192250,201912,0.081092607
(주)토탈소프트뱅크,45340,201112,0
(주)토탈소프트뱅크,45340,201212,0
(주)토탈소프트뱅크,45340,201312,0
(주)토탈소프트뱅크,45340,201412,0
(주)토탈소프트뱅크,45340,201512,0
(주)토탈소프트뱅크,45340,201612,0
(주)토탈소프트뱅크,45340,201712,0
(주)토탈소프트뱅크,45340,201812,0
(주)토탈소프트뱅크,45340,201912,0
(주)투비소프트,79970,201112,0
(주)투비소프트,79970,201212,0
(주)투비소프트,79970,201312,0
(주)투비소프트,79970,201412,0
(주)투비소프트,79970,201512,0
(주)투비소프트,79970,201612,0
(주)투비소프트,79970,201712,0
(주)투비소프트,79970,201812,0
(주)투비소프트,79970,201912,0
(주)파수,150900,201312,0
(주)파수,150900,201412,0
(주)파수,150900,201512,0
(주)파수,150900,201612,0
(주)파수,150900,201712,0
(주)파수,150900,201812,0
(주)파수,150900,201912,0
(주)폴라리스오피스,41020,201112,0
(주)폴라리스오피스,41020,201212,0
(주)폴라리스오피스,41020,201312,0
(주)폴라리스오피스,41020,201412,0
(주)폴라리스오피스,41020,201512,0
(주)폴라리스오피스,41020,201612,0
(주)폴라리스오피스,41020,201712,0
(주)폴라리스오피스,41020,201812,0
(주)폴라리스오피스,41020,201912,0
(주)한컴위드,54920,201112,0
(주)한컴위드,54920,201212,0
(주)한컴위드,54920,201312,0
(주)한컴위드,54920,201412,0
(주)한컴위드,54920,201512,0
(주)한컴위드,54920,201612,0.084908711
(주)한컴위드,54920,201712,0.110553479
(주)한컴위드,54920,201812,0.088588825
(주)한컴위드,54920,201912,0.048056689
유비벨록스(주),89850,201112,0
유비벨록스(주),89850,201212,0
유비벨록스(주),89850,201312,0
유비벨록스(주),89850,201412,0
유비벨록스(주),89850,201512,0
유비벨록스(주),89850,201612,0
유비벨록스(주),89850,201712,0
유비벨록스(주),89850,201812,0
유비벨록스(주),89850,201912,0
커머스마이너 (주),223310,201512,0.01647983
커머스마이너 (주),223310,201612,0.058775349
커머스마이너 (주),223310,201712,0.071940691
커머스마이너 (주),223310,201812,0
커머스마이너 (주),223310,201912,0.047099076
코나아이(주),52400,201112,0
코나아이(주),52400,201212,0
코나아이(주),52400,201312,0
코나아이(주),52400,201412,0
코나아이(주),52400,201512,0
코나아이(주),52400,201612,0
코나아이(주),52400,201712,0
코나아이(주),52400,201812,0
코나아이(주),52400,201912,0
(주)네이블커뮤니케이션즈,153460,201212,0
(주)네이블커뮤니케이션즈,153460,201312,0
(주)네이블커뮤니케이션즈,153460,201412,0
(주)네이블커뮤니케이션즈,153460,201512,0
(주)네이블커뮤니케이션즈,153460,201612,0
(주)네이블커뮤니케이션즈,153460,201712,0
(주)네이블커뮤니케이션즈,153460,201812,0
(주)네이블커뮤니케이션즈,153460,201912,0
(주)모바일리더,100030,201112,0
(주)모바일리더,100030,201212,0
(주)모바일리더,100030,201312,0
(주)모바일리더,100030,201412,0
(주)모바일리더,100030,201512,0
(주)모바일리더,100030,201612,0
(주)모바일리더,100030,201712,0
(주)모바일리더,100030,201812,0
(주)모바일리더,100030,201912,0
(주)알티캐스트,85810,201312,0
(주)알티캐스트,85810,201412,0
(주)알티캐스트,85810,201512,0
(주)알티캐스트,85810,201612,0
(주)알티캐스트,85810,201712,0.004238843
(주)알티캐스트,85810,201812,0.007921366
(주)알티캐스트,85810,201912,0
(주)엔지스테크널러지,208860,201612,0.168873442
(주)엔지스테크널러지,208860,201712,0.263358038
(주)엔지스테크널러지,208860,201812,0.241275177
(주)엔지스테크널러지,208860,201912,0.412803381
(주)티사이언티픽,57680,201112,0
(주)티사이언티픽,57680,201212,0
(주)티사이언티픽,57680,201312,0
(주)티사이언티픽,57680,201412,0
(주)티사이언티픽,57680,201512,0
(주)티사이언티픽,57680,201612,0
(주)티사이언티픽,57680,201712,0
(주)티사이언티픽,57680,201812,0
(주)티사이언티픽,57680,201912,0
(주)핸디소프트,220180,201612,0
(주)핸디소프트,220180,201712,0
(주)핸디소프트,220180,201812,0
(주)핸디소프트,220180,201912,0
엑스큐어(주),70300,201112,0
엑스큐어(주),70300,201212,0
엑스큐어(주),70300,201312,0
엑스큐어(주),70300,201412,0
엑스큐어(주),70300,201512,0
엑스큐어(주),70300,201612,0
엑스큐어(주),70300,201712,0
엑스큐어(주),70300,201812,0
엑스큐어(주),70300,201912,0
(주)디에스케이,109740,201112,0
(주)디에스케이,109740,201212,0
(주)디에스케이,109740,201312,0
(주)디에스케이,109740,201412,0
(주)디에스케이,109740,201512,0
(주)디에스케이,109740,201612,0
(주)디에스케이,109740,201712,0
(주)디에스케이,109740,201812,0
(주)디에스케이,109740,201912,0
(주)리드,197210,201512,0
(주)리드,197210,201612,0
(주)리드,197210,201712,0
(주)리드,197210,201812,0
(주)리드,197210,201912,0
(주)베셀,177350,201512,0.028540145
(주)베셀,177350,201612,0.043139316
(주)베셀,177350,201712,0.02726467
(주)베셀,177350,201812,0.048217032
(주)베셀,177350,201912,0.098988031
(주)비아트론,141000,201212,0.050555998
(주)비아트론,141000,201312,0.105248543
(주)비아트론,141000,201412,0.079054846
(주)비아트론,141000,201512,0.057469325
(주)비아트론,141000,201612,0.032154566
(주)비아트론,141000,201712,0.030556323
(주)비아트론,141000,201812,0.012237933
(주)비아트론,141000,201912,0.02473867
(주)스마트솔루션즈,136510,201112,0
(주)스마트솔루션즈,136510,201212,0
(주)스마트솔루션즈,136510,201312,0
(주)스마트솔루션즈,136510,201412,0
(주)스마트솔루션즈,136510,201512,0
(주)스마트솔루션즈,136510,201612,0
(주)스마트솔루션즈,136510,201712,0
(주)스마트솔루션즈,136510,201812,0
(주)스마트솔루션즈,136510,201912,0
(주)아바코,83930,201112,0.021712205
(주)아바코,83930,201212,0.031900614
(주)아바코,83930,201312,0
(주)아바코,83930,201412,0
(주)아바코,83930,201512,0
(주)아바코,83930,201612,0
(주)아바코,83930,201712,0
(주)아바코,83930,201812,0
(주)아바코,83930,201912,0
(주)영우디에스피,143540,201412,0
(주)영우디에스피,143540,201512,0
(주)영우디에스피,143540,201612,0
(주)영우디에스피,143540,201712,0
(주)영우디에스피,143540,201812,0.033450109
(주)영우디에스피,143540,201912,0.034667297
(주)위지트,36090,201112,0
(주)위지트,36090,201212,0
(주)위지트,36090,201312,0
(주)위지트,36090,201412,0
(주)위지트,36090,201512,0
(주)위지트,36090,201612,0
(주)위지트,36090,201712,0
(주)위지트,36090,201812,0
(주)위지트,36090,201912,0
(주)이큐셀,160600,201512,0
(주)이큐셀,160600,201612,0
(주)이큐셀,160600,201712,0
(주)이큐셀,160600,201812,0
(주)이큐셀,160600,201912,0
(주)케이피에스,256940,201712,0.014756009
(주)케이피에스,256940,201812,0
(주)케이피에스,256940,201912,0
(주)필옵틱스,161580,201712,0
(주)필옵틱스,161580,201812,0
(주)필옵틱스,161580,201912,0
(주)힘스,238490,201712,0.026686456
(주)힘스,238490,201812,0.062439052
(주)힘스,238490,201912,0.034904713
에프엔에스테크(주),83500,201712,0
에프엔에스테크(주),83500,201812,0
에프엔에스테크(주),83500,201912,0
인베니아(주),79950,201112,0
인베니아(주),79950,201212,0
인베니아(주),79950,201312,0
인베니아(주),79950,201412,0
인베니아(주),79950,201512,0
인베니아(주),79950,201612,0
인베니아(주),79950,201712,0
인베니아(주),79950,201812,0
인베니아(주),79950,201912,0
한솔아이원스(주),114810,201312,0
한솔아이원스(주),114810,201412,0
한솔아이원스(주),114810,201512,0
한솔아이원스(주),114810,201612,0
한솔아이원스(주),114810,201712,0
한솔아이원스(주),114810,201812,0
한솔아이원스(주),114810,201912,0
(주)에스코넥,96630,201112,0
(주)에스코넥,96630,201212,0
(주)에스코넥,96630,201312,0
(주)에스코넥,96630,201412,0
(주)에스코넥,96630,201512,0
(주)에스코넥,96630,201612,0
(주)에스코넥,96630,201712,0
(주)에스코넥,96630,201812,0
(주)에스코넥,96630,201912,0
(주)장원테크,174880,201612,0
(주)장원테크,174880,201712,0
(주)장원테크,174880,201812,0
(주)장원테크,174880,201912,0
(주)케스피온,79190,201112,0.145907495
(주)케스피온,79190,201212,0.167333022
(주)케스피온,79190,201312,0.075471201
(주)케스피온,79190,201412,0.117258522
(주)케스피온,79190,201512,0
(주)케스피온,79190,201612,0
(주)케스피온,79190,201712,0
(주)케스피온,79190,201812,0.144442564
(주)케스피온,79190,201912,0.17972565
(주)버킷스튜디오,66410,201112,0
(주)버킷스튜디오,66410,201212,0
(주)버킷스튜디오,66410,201312,0
(주)버킷스튜디오,66410,201412,0
(주)버킷스튜디오,66410,201512,0
(주)버킷스튜디오,66410,201612,0
(주)버킷스튜디오,66410,201712,0
(주)버킷스튜디오,66410,201812,0
(주)버킷스튜디오,66410,201912,0
(주)아이즈비전,31310,201112,0
(주)아이즈비전,31310,201212,0
(주)아이즈비전,31310,201312,0
(주)아이즈비전,31310,201412,0
(주)아이즈비전,31310,201512,0
(주)아이즈비전,31310,201612,0
(주)아이즈비전,31310,201712,0
(주)아이즈비전,31310,201812,0
(주)아이즈비전,31310,201912,0
(주)엘지유플러스,32640,201112,0
(주)엘지유플러스,32640,201212,0
(주)엘지유플러스,32640,201312,0
(주)엘지유플러스,32640,201412,0
(주)엘지유플러스,32640,201512,0
(주)엘지유플러스,32640,201612,0
(주)엘지유플러스,32640,201712,0
(주)엘지유플러스,32640,201812,0
(주)엘지유플러스,32640,201912,0
(주)케이티,30200,201112,0
(주)케이티,30200,201212,0
(주)케이티,30200,201312,0.008907972
(주)케이티,30200,201412,0.01052977
(주)케이티,30200,201512,0.010531947
(주)케이티,30200,201612,0.00973171
(주)케이티,30200,201712,0.009808656
(주)케이티,30200,201812,0
(주)케이티,30200,201912,0.009174199
(주)코센,9730,201112,0
(주)코센,9730,201212,0
(주)코센,9730,201312,0
(주)코센,9730,201412,0
(주)코센,9730,201512,0
(주)코센,9730,201612,0
(주)코센,9730,201712,0
(주)코센,9730,201812,0
(주)코센,9730,201912,0
(주)하이스틸,71090,201112,0
(주)하이스틸,71090,201212,2.34E-06
(주)하이스틸,71090,201312,0
(주)하이스틸,71090,201412,0
(주)하이스틸,71090,201512,0
(주)하이스틸,71090,201612,0
(주)하이스틸,71090,201712,0
(주)하이스틸,71090,201812,0
(주)하이스틸,71090,201912,0
(주)휴스틸,5010,201112,0
(주)휴스틸,5010,201212,0
(주)휴스틸,5010,201312,0
(주)휴스틸,5010,201412,0
(주)휴스틸,5010,201512,0
(주)휴스틸,5010,201612,0
(주)휴스틸,5010,201712,0
(주)휴스틸,5010,201812,0
(주)휴스틸,5010,201912,0
금강공업(주),14280,201112,0
금강공업(주),14280,201212,0
금강공업(주),14280,201312,0
금강공업(주),14280,201412,0
금강공업(주),14280,201512,0
금강공업(주),14280,201612,0
금강공업(주),14280,201712,0
금강공업(주),14280,201812,0
금강공업(주),14280,201912,0
동양철관(주),8970,201112,0
동양철관(주),8970,201212,0
동양철관(주),8970,201312,0
동양철관(주),8970,201412,0
동양철관(주),8970,201512,0
동양철관(주),8970,201612,0
동양철관(주),8970,201712,0
동양철관(주),8970,201812,0
동양철관(주),8970,201912,0
삼강엠앤티(주),100090,201112,0
삼강엠앤티(주),100090,201212,0
삼강엠앤티(주),100090,201312,0
삼강엠앤티(주),100090,201412,0
삼강엠앤티(주),100090,201512,0
삼강엠앤티(주),100090,201612,0
삼강엠앤티(주),100090,201712,0
삼강엠앤티(주),100090,201812,0
삼강엠앤티(주),100090,201912,0
흥구석유(주),24060,201112,0
흥구석유(주),24060,201212,0
흥구석유(주),24060,201312,0
흥구석유(주),24060,201412,0
흥구석유(주),24060,201512,0
흥구석유(주),24060,201612,0
흥구석유(주),24060,201712,0
흥구석유(주),24060,201812,0
흥구석유(주),24060,201912,0
(주)비엠티,86670,201112,0.027702988
(주)비엠티,86670,201212,0.037462794
(주)비엠티,86670,201312,0.031973773
(주)비엠티,86670,201412,0.038187867
(주)비엠티,86670,201512,0.045115075
(주)비엠티,86670,201612,0.052892856
(주)비엠티,86670,201712,0.050342707
(주)비엠티,86670,201812,0.05187642
(주)비엠티,86670,201912,0.048860904
(주)에쎈테크,43340,201112,0.018300185
(주)에쎈테크,43340,201212,0.012697343
(주)에쎈테크,43340,201312,0.005700563
(주)에쎈테크,43340,201412,0.014530479
(주)에쎈테크,43340,201512,0.01949568
(주)에쎈테크,43340,201612,0.020955737
(주)에쎈테크,43340,201712,0.018034158
(주)에쎈테크,43340,201812,0.014546512
(주)에쎈테크,43340,201912,0.035187132
한국조선해양(주),9540,201112,0
한국조선해양(주),9540,201212,0
한국조선해양(주),9540,201312,0
한국조선해양(주),9540,201412,0
한국조선해양(주),9540,201512,0
한국조선해양(주),9540,201612,0
한국조선해양(주),9540,201712,0
한국조선해양(주),9540,201812,0
한국조선해양(주),9540,201912,0
인선이엔티(주),60150,201112,0.011642333
인선이엔티(주),60150,201212,0
인선이엔티(주),60150,201312,0
인선이엔티(주),60150,201412,0
인선이엔티(주),60150,201512,0
인선이엔티(주),60150,201612,0
인선이엔티(주),60150,201712,0
인선이엔티(주),60150,201812,0
인선이엔티(주),60150,201912,0
삼성엔지니어링(주),28050,201112,0
삼성엔지니어링(주),28050,201212,0
삼성엔지니어링(주),28050,201312,0
삼성엔지니어링(주),28050,201412,0
삼성엔지니어링(주),28050,201512,0
삼성엔지니어링(주),28050,201612,0
삼성엔지니어링(주),28050,201712,0
삼성엔지니어링(주),28050,201812,0
삼성엔지니어링(주),28050,201912,0
에이치엘비생명과학(주),67630,201112,0
에이치엘비생명과학(주),67630,201212,0
에이치엘비생명과학(주),67630,201312,0
에이치엘비생명과학(주),67630,201412,0
에이치엘비생명과학(주),67630,201512,0
에이치엘비생명과학(주),67630,201612,0
에이치엘비생명과학(주),67630,201712,0
에이치엘비생명과학(주),67630,201812,0
에이치엘비생명과학(주),67630,201912,0
(주)에스에이티,60540,201112,0.125502848
(주)에스에이티,60540,201112,0.125502848
(주)에스에이티,60540,201212,0.118493456
(주)에스에이티,60540,201212,0.118493456
(주)에스에이티,60540,201312,0.085092215
(주)에스에이티,60540,201312,0.085092215
(주)에스에이티,60540,201412,0
(주)에스에이티,60540,201412,0
(주)에스에이티,60540,201512,0
(주)에스에이티,60540,201512,0
(주)에스에이티,60540,201612,0
(주)에스에이티,60540,201612,0
(주)에스에이티,60540,201712,0
(주)에스에이티,60540,201712,0
(주)에스에이티,60540,201812,0
(주)에스에이티,60540,201812,0
(주)에스에이티,60540,201912,0
(주)에스에이티,60540,201912,0
(주)아스트,67390,201412,0
(주)아스트,67390,201512,0
(주)아스트,67390,201612,0
(주)아스트,67390,201712,0
(주)아스트,67390,201812,0
(주)아스트,67390,201912,0
(주)어스앤에어로스페이스,263540,201712,0
(주)어스앤에어로스페이스,263540,201812,0
(주)어스앤에어로스페이스,263540,201912,0
하이즈항공(주),221840,201512,0
하이즈항공(주),221840,201612,0
하이즈항공(주),221840,201712,0
하이즈항공(주),221840,201812,0
하이즈항공(주),221840,201912,0
한국항공우주산업(주),47810,201112,0.092872063
한국항공우주산업(주),47810,201212,0.081527335
한국항공우주산업(주),47810,201312,0.044858294
한국항공우주산업(주),47810,201412,0.039850358
한국항공우주산업(주),47810,201512,0.039319442
한국항공우주산업(주),47810,201612,0.05701164
한국항공우주산업(주),47810,201712,0.103459941
한국항공우주산업(주),47810,201812,0.072155098
한국항공우주산업(주),47810,201912,0.073275869
한화에어로스페이스(주),12450,201112,0
한화에어로스페이스(주),12450,201212,0
한화에어로스페이스(주),12450,201312,0
한화에어로스페이스(주),12450,201412,0
한화에어로스페이스(주),12450,201512,0
한화에어로스페이스(주),12450,201612,0
한화에어로스페이스(주),12450,201712,0
한화에어로스페이스(주),12450,201812,0
한화에어로스페이스(주),12450,201912,0
(주)광무,29480,201112,0
(주)광무,29480,201212,0
(주)광무,29480,201312,0
(주)광무,29480,201412,0
(주)광무,29480,201512,0
(주)광무,29480,201612,0
(주)광무,29480,201712,0
(주)광무,29480,201812,0
(주)광무,29480,201912,0
(주)다산네트웍스,39560,201112,0
(주)다산네트웍스,39560,201212,0
(주)다산네트웍스,39560,201312,0
(주)다산네트웍스,39560,201412,0
(주)다산네트웍스,39560,201512,0
(주)다산네트웍스,39560,201612,0
(주)다산네트웍스,39560,201712,0
(주)다산네트웍스,39560,201812,0
(주)다산네트웍스,39560,201912,0
(주)대유플러스,300,201112,0
(주)대유플러스,300,201212,0
(주)대유플러스,300,201312,0
(주)대유플러스,300,201412,0
(주)대유플러스,300,201512,0
(주)대유플러스,300,201612,0
(주)대유플러스,300,201712,0
(주)대유플러스,300,201812,0
(주)대유플러스,300,201912,0
(주)오이솔루션,138080,201412,0
(주)오이솔루션,138080,201512,0
(주)오이솔루션,138080,201612,0
(주)오이솔루션,138080,201712,0
(주)오이솔루션,138080,201812,0
(주)오이솔루션,138080,201912,0
(주)우리넷,115440,201112,0
(주)우리넷,115440,201212,0
(주)우리넷,115440,201312,0
(주)우리넷,115440,201412,0
(주)우리넷,115440,201512,0
(주)우리넷,115440,201612,0
(주)우리넷,115440,201712,0
(주)우리넷,115440,201812,0
(주)우리넷,115440,201912,0
(주)텔레필드,91440,201112,0
(주)텔레필드,91440,201212,0
(주)텔레필드,91440,201312,0
(주)텔레필드,91440,201412,0
(주)텔레필드,91440,201512,0
(주)텔레필드,91440,201612,0
(주)텔레필드,91440,201712,0
(주)텔레필드,91440,201812,0
(주)텔레필드,91440,201912,0
(주)파이오링크,170790,201312,0
(주)파이오링크,170790,201412,0
(주)파이오링크,170790,201512,0
(주)파이오링크,170790,201612,0
(주)파이오링크,170790,201712,0
(주)파이오링크,170790,201812,0
(주)파이오링크,170790,201912,0
코위버(주),56360,201112,0.056949679
코위버(주),56360,201212,0.047642748
코위버(주),56360,201312,0.055763194
코위버(주),56360,201412,0.083410778
코위버(주),56360,201512,0.079713609
코위버(주),56360,201612,0.107382779
코위버(주),56360,201712,0.09791156
코위버(주),56360,201812,0.111269404
코위버(주),56360,201912,0.06773125
현대에이치티(주),39010,201112,0
현대에이치티(주),39010,201212,0
현대에이치티(주),39010,201312,0
현대에이치티(주),39010,201412,0
현대에이치티(주),39010,201512,0
현대에이치티(주),39010,201612,0
현대에이치티(주),39010,201712,0
현대에이치티(주),39010,201812,0
현대에이치티(주),39010,201912,0
(주)넥스트아이,137940,201112,0.047868073
(주)넥스트아이,137940,201112,0.047868073
(주)넥스트아이,137940,201212,0.051946937
(주)넥스트아이,137940,201212,0.051946937
(주)넥스트아이,137940,201312,0.072495955
(주)넥스트아이,137940,201312,0.072495955
(주)넥스트아이,137940,201412,0.079278853
(주)넥스트아이,137940,201412,0.079278853
(주)넥스트아이,137940,201512,0
(주)넥스트아이,137940,201512,0
(주)넥스트아이,137940,201612,0
(주)넥스트아이,137940,201612,0
(주)넥스트아이,137940,201712,0
(주)넥스트아이,137940,201712,0
(주)넥스트아이,137940,201812,0
(주)넥스트아이,137940,201812,0
(주)넥스트아이,137940,201912,0
(주)넥스트아이,137940,201912,0
(주)우진,105840,201112,0
(주)우진,105840,201112,0
(주)우진,105840,201212,0
(주)우진,105840,201212,0
(주)우진,105840,201312,0
(주)우진,105840,201312,0
(주)우진,105840,201412,0.055123006
(주)우진,105840,201412,0.055123006
(주)우진,105840,201512,0.060512956
(주)우진,105840,201512,0.060512956
(주)우진,105840,201612,0.064352754
(주)우진,105840,201612,0.064352754
(주)우진,105840,201712,0.067739648
(주)우진,105840,201712,0.067739648
(주)우진,105840,201812,0.050849232
(주)우진,105840,201812,0.050849232
(주)우진,105840,201912,0.064653428
(주)우진,105840,201912,0.064653428
(주)원익피앤이,131390,201112,0
(주)원익피앤이,131390,201212,0
(주)원익피앤이,131390,201312,0
(주)원익피앤이,131390,201412,0
(주)원익피앤이,131390,201512,0
(주)원익피앤이,131390,201612,0
(주)원익피앤이,131390,201712,0
(주)원익피앤이,131390,201812,0
(주)원익피앤이,131390,201912,0
(주)파루,43200,201112,0.01889264
(주)파루,43200,201212,0.000458818
(주)파루,43200,201312,0.004661489
(주)파루,43200,201412,0.055305138
(주)파루,43200,201512,0.063965117
(주)파루,43200,201612,0.05209724
(주)파루,43200,201712,0.345000463
(주)파루,43200,201812,0.109491255
(주)파루,43200,201912,0.047049543
제룡전기(주),33100,201112,0
제룡전기(주),33100,201212,0
제룡전기(주),33100,201312,0
제룡전기(주),33100,201412,0
제룡전기(주),33100,201512,0
제룡전기(주),33100,201612,0
제룡전기(주),33100,201712,0
제룡전기(주),33100,201812,0
제룡전기(주),33100,201912,0
현대일렉트릭앤에너지시스템(주),267260,201712,0
현대일렉트릭앤에너지시스템(주),267260,201812,0
현대일렉트릭앤에너지시스템(주),267260,201912,0
(주)엘앤에프,66970,201112,0
(주)엘앤에프,66970,201212,0
(주)엘앤에프,66970,201312,0
(주)엘앤에프,66970,201412,0
(주)엘앤에프,66970,201512,0
(주)엘앤에프,66970,201612,0
(주)엘앤에프,66970,201712,0
(주)엘앤에프,66970,201812,0
(주)엘앤에프,66970,201912,0
삼성SDI(주),6400,201112,0
삼성SDI(주),6400,201212,0
삼성SDI(주),6400,201312,0
삼성SDI(주),6400,201412,0
삼성SDI(주),6400,201512,0
삼성SDI(주),6400,201612,0
삼성SDI(주),6400,201712,0
삼성SDI(주),6400,201812,0
삼성SDI(주),6400,201912,0
상신이디피(주),91580,201112,0
상신이디피(주),91580,201212,0
상신이디피(주),91580,201312,0
상신이디피(주),91580,201412,0
상신이디피(주),91580,201512,0
상신이디피(주),91580,201612,0
상신이디피(주),91580,201712,0
상신이디피(주),91580,201812,0
상신이디피(주),91580,201912,0
대원전선(주),6340,201112,0
대원전선(주),6340,201212,0
대원전선(주),6340,201312,0
대원전선(주),6340,201412,0
대원전선(주),6340,201512,0
대원전선(주),6340,201612,0
대원전선(주),6340,201712,0
대원전선(주),6340,201812,0
대원전선(주),6340,201912,0
대한전선(주),1440,201112,0
대한전선(주),1440,201212,0
대한전선(주),1440,201312,0
대한전선(주),1440,201412,0
대한전선(주),1440,201512,0
대한전선(주),1440,201612,0
대한전선(주),1440,201712,0
대한전선(주),1440,201812,0
대한전선(주),1440,201912,0
(주)티피씨메카트로닉스,48770,201412,0
(주)티피씨메카트로닉스,48770,201512,0
(주)티피씨메카트로닉스,48770,201612,0
(주)티피씨메카트로닉스,48770,201712,0
(주)티피씨메카트로닉스,48770,201812,0
(주)티피씨메카트로닉스,48770,201912,0
우림피티에스(주),101170,201112,0
우림피티에스(주),101170,201212,0
우림피티에스(주),101170,201312,0
우림피티에스(주),101170,201412,0
우림피티에스(주),101170,201512,0
우림피티에스(주),101170,201612,0.034619452
우림피티에스(주),101170,201712,0.009362536
우림피티에스(주),101170,201812,0.010669361
우림피티에스(주),101170,201912,0.010446616
(주)로보스타,90360,201112,0
(주)로보스타,90360,201212,0
(주)로보스타,90360,201312,0
(주)로보스타,90360,201412,0
(주)로보스타,90360,201512,0
(주)로보스타,90360,201612,0
(주)로보스타,90360,201712,0
(주)로보스타,90360,201812,0
(주)로보스타,90360,201912,0
참존글로벌(주),158310,201312,0
참존글로벌(주),158310,201412,0
참존글로벌(주),158310,201512,0
참존글로벌(주),158310,201612,0
참존글로벌(주),158310,201712,0
참존글로벌(주),158310,201812,0
참존글로벌(주),158310,201912,0
휴림로봇(주),90710,201112,0
휴림로봇(주),90710,201212,0
휴림로봇(주),90710,201312,0.030192523
휴림로봇(주),90710,201412,0.022441861
휴림로봇(주),90710,201512,0.019173537
휴림로봇(주),90710,201612,0.031117837
휴림로봇(주),90710,201712,0.021807121
휴림로봇(주),90710,201812,0.020469393
휴림로봇(주),90710,201912,0.039112971
(주)디비아이엔씨,12030,201112,0
(주)디비아이엔씨,12030,201212,0
(주)디비아이엔씨,12030,201312,0
(주)디비아이엔씨,12030,201412,0
(주)디비아이엔씨,12030,201512,0
(주)디비아이엔씨,12030,201612,0
(주)디비아이엔씨,12030,201712,0
(주)디비아이엔씨,12030,201812,0
(주)디비아이엔씨,12030,201912,0
(주)리노스,39980,201112,0
(주)리노스,39980,201212,0
(주)리노스,39980,201312,0
(주)리노스,39980,201412,0
(주)리노스,39980,201512,0
(주)리노스,39980,201612,0
(주)리노스,39980,201712,0
(주)리노스,39980,201812,0
(주)리노스,39980,201912,0
(주)미래아이앤지,7120,201112,0
(주)미래아이앤지,7120,201212,0
(주)미래아이앤지,7120,201312,0
(주)미래아이앤지,7120,201412,0
(주)미래아이앤지,7120,201512,0
(주)미래아이앤지,7120,201612,0
(주)미래아이앤지,7120,201712,0
(주)미래아이앤지,7120,201812,0
(주)미래아이앤지,7120,201912,0
(주)시티랩스,139050,201112,0
(주)시티랩스,139050,201212,0
(주)시티랩스,139050,201312,0
(주)시티랩스,139050,201412,0
(주)시티랩스,139050,201512,0
(주)시티랩스,139050,201612,0
(주)시티랩스,139050,201712,0
(주)시티랩스,139050,201812,0
(주)시티랩스,139050,201912,0
(주)아이티센,124500,201612,0
(주)아이티센,124500,201712,0
(주)아이티센,124500,201812,0
(주)아이티센,124500,201912,0
(주)오픈베이스,49480,201112,0
(주)오픈베이스,49480,201212,0
(주)오픈베이스,49480,201312,0
(주)오픈베이스,49480,201412,0
(주)오픈베이스,49480,201512,0
(주)오픈베이스,49480,201612,0
(주)오픈베이스,49480,201712,0
(주)오픈베이스,49480,201812,0
(주)오픈베이스,49480,201912,0
(주)율호,72770,201112,0.007078614
(주)율호,72770,201212,0.000176805
(주)율호,72770,201312,1.89E-06
(주)율호,72770,201412,4.09E-05
(주)율호,72770,201512,0.017981204
(주)율호,72770,201612,0.01471987
(주)율호,72770,201712,0.020457215
(주)율호,72770,201812,0.016087188
(주)율호,72770,201912,0
(주)인성정보,33230,201112,0
(주)인성정보,33230,201212,0
(주)인성정보,33230,201312,0
(주)인성정보,33230,201412,0
(주)인성정보,33230,201512,0
(주)인성정보,33230,201612,0
(주)인성정보,33230,201712,0
(주)인성정보,33230,201812,0
(주)인성정보,33230,201912,0
(주)정원엔시스,45510,201112,0
(주)정원엔시스,45510,201212,0
(주)정원엔시스,45510,201312,0
(주)정원엔시스,45510,201412,0
(주)정원엔시스,45510,201512,0.004524159
(주)정원엔시스,45510,201612,0.003330873
(주)정원엔시스,45510,201712,0
(주)정원엔시스,45510,201812,0
(주)정원엔시스,45510,201912,0
(주)주연테크,44380,201112,0
(주)주연테크,44380,201212,0
(주)주연테크,44380,201312,0
(주)주연테크,44380,201412,0
(주)주연테크,44380,201512,0
(주)주연테크,44380,201612,0
(주)주연테크,44380,201712,0
(주)주연테크,44380,201812,0
(주)주연테크,44380,201912,0
(주)콤텍시스템,31820,201112,0
(주)콤텍시스템,31820,201212,0
(주)콤텍시스템,31820,201312,0
(주)콤텍시스템,31820,201412,0
(주)콤텍시스템,31820,201512,0
(주)콤텍시스템,31820,201612,0
(주)콤텍시스템,31820,201712,0
(주)콤텍시스템,31820,201812,0
(주)콤텍시스템,31820,201912,0
(주)큐로컴,40350,201112,0
(주)큐로컴,40350,201212,0
(주)큐로컴,40350,201312,0
(주)큐로컴,40350,201412,0
(주)큐로컴,40350,201512,0
(주)큐로컴,40350,201612,0
(주)큐로컴,40350,201712,0
(주)큐로컴,40350,201812,0
(주)큐로컴,40350,201912,0
(주)휴맥스홀딩스,28080,201112,0
(주)휴맥스홀딩스,28080,201212,0
(주)휴맥스홀딩스,28080,201312,0
(주)휴맥스홀딩스,28080,201412,0
(주)휴맥스홀딩스,28080,201512,0
(주)휴맥스홀딩스,28080,201612,0
(주)휴맥스홀딩스,28080,201712,0
(주)휴맥스홀딩스,28080,201812,0
(주)휴맥스홀딩스,28080,201912,0
비케이탑스(주),30790,201112,0
비케이탑스(주),30790,201212,0
비케이탑스(주),30790,201312,0
비케이탑스(주),30790,201412,0
비케이탑스(주),30790,201512,0
비케이탑스(주),30790,201612,0
비케이탑스(주),30790,201712,0
비케이탑스(주),30790,201812,0
비케이탑스(주),30790,201912,0
쌍용정보통신(주),10280,201112,0
쌍용정보통신(주),10280,201212,0
쌍용정보통신(주),10280,201312,0
쌍용정보통신(주),10280,201412,0
쌍용정보통신(주),10280,201512,0
쌍용정보통신(주),10280,201612,0
쌍용정보통신(주),10280,201712,0
쌍용정보통신(주),10280,201812,0
쌍용정보통신(주),10280,201912,0
아이크래프트(주),52460,201112,0
아이크래프트(주),52460,201212,0
아이크래프트(주),52460,201312,0
아이크래프트(주),52460,201412,0
아이크래프트(주),52460,201512,0
아이크래프트(주),52460,201612,0
아이크래프트(주),52460,201712,0
아이크래프트(주),52460,201812,0
아이크래프트(주),52460,201912,0
에스넷시스템(주),38680,201112,0
에스넷시스템(주),38680,201212,0
에스넷시스템(주),38680,201312,0
에스넷시스템(주),38680,201412,0
에스넷시스템(주),38680,201512,0
에스넷시스템(주),38680,201612,0
에스넷시스템(주),38680,201712,0
에스넷시스템(주),38680,201812,0
에스넷시스템(주),38680,201912,0
에스트래픽(주),234300,201712,0.022739538
에스트래픽(주),234300,201812,0.058971045
에스트래픽(주),234300,201912,0.032219085
오상자이엘(주),53980,201112,0
오상자이엘(주),53980,201212,0
오상자이엘(주),53980,201312,0.020175566
오상자이엘(주),53980,201412,0.002135336
오상자이엘(주),53980,201512,0.009230783
오상자이엘(주),53980,201612,0.009130545
오상자이엘(주),53980,201712,0.007476321
오상자이엘(주),53980,201812,0.011293646
오상자이엘(주),53980,201912,0.008210997
한솔인티큐브(주),70590,201112,0
한솔인티큐브(주),70590,201212,0
한솔인티큐브(주),70590,201312,0
한솔인티큐브(주),70590,201412,0
한솔인티큐브(주),70590,201512,0
한솔인티큐브(주),70590,201612,0
한솔인티큐브(주),70590,201712,0
한솔인티큐브(주),70590,201812,0
한솔인티큐브(주),70590,201912,0
(주)벽산,7210,201112,0
(주)벽산,7210,201212,0
(주)벽산,7210,201312,0
(주)벽산,7210,201412,0
(주)벽산,7210,201512,0
(주)벽산,7210,201612,0
(주)벽산,7210,201712,0
(주)벽산,7210,201812,0
(주)벽산,7210,201912,0
(주)멕아이씨에스,58110,201512,0.052170687
(주)멕아이씨에스,58110,201612,0.061735409
(주)멕아이씨에스,58110,201712,0.036955429
(주)멕아이씨에스,58110,201812,0.053808848
(주)멕아이씨에스,58110,201912,0.038247771
(주)씨유메디칼시스템,115480,201112,0.013738622
(주)씨유메디칼시스템,115480,201212,0.022626742
(주)씨유메디칼시스템,115480,201312,0.04126397
(주)씨유메디칼시스템,115480,201412,0.038046238
(주)씨유메디칼시스템,115480,201512,0.035359892
(주)씨유메디칼시스템,115480,201612,0.021478987
(주)씨유메디칼시스템,115480,201712,0.023309718
(주)씨유메디칼시스템,115480,201812,0.020579497
(주)씨유메디칼시스템,115480,201912,0.018672474
한일네트웍스(주),46110,201112,0.012874608
한일네트웍스(주),46110,201212,0.009584658
한일네트웍스(주),46110,201312,0.015792443
한일네트웍스(주),46110,201412,0.015038424
한일네트웍스(주),46110,201512,0.012747531
한일네트웍스(주),46110,201612,0.008716569
한일네트웍스(주),46110,201712,0.009205151
한일네트웍스(주),46110,201812,0.008460015
한일네트웍스(주),46110,201912,0.010199143
(주)비덴트,121800,201312,0
(주)비덴트,121800,201412,0
(주)비덴트,121800,201512,0
(주)비덴트,121800,201612,0
(주)비덴트,121800,201712,0
(주)비덴트,121800,201812,0
(주)비덴트,121800,201912,0
(주)탑코미디어,134580,201312,0
(주)탑코미디어,134580,201412,0
(주)탑코미디어,134580,201512,0
(주)탑코미디어,134580,201612,0
(주)탑코미디어,134580,201712,0.047897608
(주)탑코미디어,134580,201812,0.04348656
(주)탑코미디어,134580,201912,0.048796963
(주)레드로버,60300,201112,0.035130427
(주)레드로버,60300,201212,0.061355787
(주)레드로버,60300,201312,0.044371502
(주)레드로버,60300,201412,0.005149429
(주)레드로버,60300,201512,0.007937625
(주)레드로버,60300,201612,0.00229447
(주)레드로버,60300,201712,0.00355812
(주)레드로버,60300,201812,0.010441532
(주)레드로버,60300,201912,0.008549546
(주)초록뱀미디어,47820,201112,0
(주)초록뱀미디어,47820,201212,0
(주)초록뱀미디어,47820,201312,0
(주)초록뱀미디어,47820,201412,0
(주)초록뱀미디어,47820,201512,0
(주)초록뱀미디어,47820,201612,0
(주)초록뱀미디어,47820,201712,0
(주)초록뱀미디어,47820,201812,0
(주)초록뱀미디어,47820,201912,0
(주)팬엔터테인먼트,68050,201112,0
(주)팬엔터테인먼트,68050,201212,0
(주)팬엔터테인먼트,68050,201312,0
(주)팬엔터테인먼트,68050,201412,0
(주)팬엔터테인먼트,68050,201512,0
(주)팬엔터테인먼트,68050,201612,0
(주)팬엔터테인먼트,68050,201712,0
(주)팬엔터테인먼트,68050,201812,0
(주)팬엔터테인먼트,68050,201912,0
(주)드림어스컴퍼니,60570,201112,0.052534743
(주)드림어스컴퍼니,60570,201212,0.039874005
(주)드림어스컴퍼니,60570,201312,0
(주)드림어스컴퍼니,60570,201412,0
(주)드림어스컴퍼니,60570,201512,0
(주)드림어스컴퍼니,60570,201612,0
(주)드림어스컴퍼니,60570,201712,0
(주)드림어스컴퍼니,60570,201812,0
(주)드림어스컴퍼니,60570,201912,0
(주)와이지플러스,37270,201112,0
(주)와이지플러스,37270,201212,0
(주)와이지플러스,37270,201312,0
(주)와이지플러스,37270,201412,0
(주)와이지플러스,37270,201512,0
(주)와이지플러스,37270,201612,0
(주)와이지플러스,37270,201712,0
(주)와이지플러스,37270,201812,0
(주)와이지플러스,37270,201912,0
(주)지니뮤직,43610,201112,0
(주)지니뮤직,43610,201212,0
(주)지니뮤직,43610,201312,0
(주)지니뮤직,43610,201412,0
(주)지니뮤직,43610,201512,0
(주)지니뮤직,43610,201612,0
(주)지니뮤직,43610,201712,0.012646841
(주)지니뮤직,43610,201812,0.013601675
(주)지니뮤직,43610,201912,0.012453709
(주)키다리스튜디오,20120,201112,0
(주)키다리스튜디오,20120,201212,0
(주)키다리스튜디오,20120,201312,0
(주)키다리스튜디오,20120,201412,0
(주)키다리스튜디오,20120,201512,0
(주)키다리스튜디오,20120,201612,0
(주)키다리스튜디오,20120,201712,0
(주)키다리스튜디오,20120,201812,0
(주)키다리스튜디오,20120,201912,0
유엔젤(주),72130,201112,0
유엔젤(주),72130,201212,0
유엔젤(주),72130,201312,0
유엔젤(주),72130,201412,0
유엔젤(주),72130,201512,0
유엔젤(주),72130,201612,0
유엔젤(주),72130,201712,0
유엔젤(주),72130,201812,0
유엔젤(주),72130,201912,0
(주)셀루메드,49180,201112,0
(주)셀루메드,49180,201212,0
(주)셀루메드,49180,201312,0
(주)셀루메드,49180,201412,0
(주)셀루메드,49180,201512,0
(주)셀루메드,49180,201612,0
(주)셀루메드,49180,201712,0
(주)셀루메드,49180,201812,0
(주)셀루메드,49180,201912,0
(주)펩트론,87010,201512,0
(주)펩트론,87010,201612,0
(주)펩트론,87010,201712,0
(주)펩트론,87010,201812,0
(주)펩트론,87010,201912,0
케이피엑스라이프사이언스(주),114450,201112,0.025963466
케이피엑스라이프사이언스(주),114450,201212,0
케이피엑스라이프사이언스(주),114450,201312,0
케이피엑스라이프사이언스(주),114450,201412,0
케이피엑스라이프사이언스(주),114450,201512,0
케이피엑스라이프사이언스(주),114450,201612,0
케이피엑스라이프사이언스(주),114450,201712,0
케이피엑스라이프사이언스(주),114450,201812,0
케이피엑스라이프사이언스(주),114450,201912,0
(주)바이넥스,53030,201112,0
(주)바이넥스,53030,201212,0
(주)바이넥스,53030,201312,0
(주)바이넥스,53030,201412,0
(주)바이넥스,53030,201512,0
(주)바이넥스,53030,201612,0
(주)바이넥스,53030,201712,0
(주)바이넥스,53030,201812,0
(주)바이넥스,53030,201912,0
(주)비씨월드제약,200780,201412,0
(주)비씨월드제약,200780,201512,0
(주)비씨월드제약,200780,201612,0
(주)비씨월드제약,200780,201712,0
(주)비씨월드제약,200780,201812,0.016595964
(주)비씨월드제약,200780,201912,0.008903058
(주)서울제약,18680,201112,0
(주)서울제약,18680,201212,0
(주)서울제약,18680,201312,0
(주)서울제약,18680,201412,0
(주)서울제약,18680,201512,0
(주)서울제약,18680,201612,0.003242847
(주)서울제약,18680,201712,0
(주)서울제약,18680,201812,0
(주)서울제약,18680,201912,0
(주)셀트리온제약,68760,201112,0.056262407
(주)셀트리온제약,68760,201212,0.047665368
(주)셀트리온제약,68760,201312,0.028790665
(주)셀트리온제약,68760,201412,0.012183388
(주)셀트리온제약,68760,201512,0.013443609
(주)셀트리온제약,68760,201612,0.123576374
(주)셀트리온제약,68760,201712,0.004437158
(주)셀트리온제약,68760,201812,0.009691102
(주)셀트리온제약,68760,201912,0.010154588
(주)오스코텍,39200,201112,0.029745469
(주)오스코텍,39200,201212,0.039680704
(주)오스코텍,39200,201312,0.051337002
(주)오스코텍,39200,201412,0.042061629
(주)오스코텍,39200,201512,0.013949687
(주)오스코텍,39200,201612,0.041239695
(주)오스코텍,39200,201712,0.149994392
(주)오스코텍,39200,201812,0.456975414
(주)오스코텍,39200,201912,2.836114005
(주)테라젠이텍스,66700,201112,0
(주)테라젠이텍스,66700,201212,0
(주)테라젠이텍스,66700,201312,0
(주)테라젠이텍스,66700,201412,0
(주)테라젠이텍스,66700,201512,0
(주)테라젠이텍스,66700,201612,0
(주)테라젠이텍스,66700,201712,0
(주)테라젠이텍스,66700,201812,0
(주)테라젠이텍스,66700,201912,0
(주)한독,2390,201112,0.018042163
(주)한독,2390,201212,0.008627188
(주)한독,2390,201312,0.024333187
(주)한독,2390,201412,0.014211125
(주)한독,2390,201512,0.017513526
(주)한독,2390,201612,0.012193476
(주)한독,2390,201712,0.017470322
(주)한독,2390,201812,0.010243614
(주)한독,2390,201912,0.006853249
국제약품(주),2720,201212,0
국제약품(주),2720,201312,0
국제약품(주),2720,201412,0
국제약품(주),2720,201512,0
국제약품(주),2720,201612,0
국제약품(주),2720,201712,0
국제약품(주),2720,201812,0
국제약품(주),2720,201912,0
동성제약(주),2210,201112,0
동성제약(주),2210,201212,0
동성제약(주),2210,201312,0
동성제약(주),2210,201412,0
동성제약(주),2210,201512,0
동성제약(주),2210,201612,0
동성제약(주),2210,201712,0
동성제약(주),2210,201812,0
동성제약(주),2210,201912,0
명문제약(주),17180,201112,0
명문제약(주),17180,201212,0
명문제약(주),17180,201312,0.026649992
명문제약(주),17180,201412,0.025207287
명문제약(주),17180,201512,0.020967907
명문제약(주),17180,201612,0.010928248
명문제약(주),17180,201712,0.008795293
명문제약(주),17180,201812,0.005373286
명문제약(주),17180,201912,0.010680523
삼성제약(주),1360,201112,0
삼성제약(주),1360,201212,0
삼성제약(주),1360,201312,0
삼성제약(주),1360,201412,0
삼성제약(주),1360,201512,0
삼성제약(주),1360,201612,0
삼성제약(주),1360,201712,0
삼성제약(주),1360,201812,0
삼성제약(주),1360,201912,0
삼일제약(주),520,201112,0
삼일제약(주),520,201212,0
삼일제약(주),520,201312,0
삼일제약(주),520,201412,0
삼일제약(주),520,201512,0
삼일제약(주),520,201612,0
삼일제약(주),520,201712,0
삼일제약(주),520,201812,0
삼일제약(주),520,201912,0
신풍제약(주),19170,201112,0.026932877
신풍제약(주),19170,201212,0.037596361
신풍제약(주),19170,201312,0.042607485
신풍제약(주),19170,201412,0.044827746
신풍제약(주),19170,201512,0.068770841
신풍제약(주),19170,201612,0.051191619
신풍제약(주),19170,201712,0.040531467
신풍제약(주),19170,201812,0.0397687
신풍제약(주),19170,201912,0.047454866
에이프로젠제약(주),3060,201112,0
에이프로젠제약(주),3060,201212,0
에이프로젠제약(주),3060,201312,0
에이프로젠제약(주),3060,201412,0
에이프로젠제약(주),3060,201512,0
에이프로젠제약(주),3060,201612,0
에이프로젠제약(주),3060,201712,0
에이프로젠제약(주),3060,201812,0
에이프로젠제약(주),3060,201912,0
영진약품(주),3520,201112,0
영진약품(주),3520,201212,0
영진약품(주),3520,201312,0
영진약품(주),3520,201412,0
영진약품(주),3520,201512,0.069253941
영진약품(주),3520,201612,0
영진약품(주),3520,201712,0
영진약품(주),3520,201812,0
영진약품(주),3520,201912,0
일동제약(주),249420,201612,0.006748448
일동제약(주),249420,201712,0.016242959
일동제약(주),249420,201812,0.021090801
일동제약(주),249420,201912,0.017881934
일동홀딩스(주),230,201112,0.012092436
일동홀딩스(주),230,201212,0.020055328
일동홀딩스(주),230,201312,0.018971605
일동홀딩스(주),230,201412,0.010975541
일동홀딩스(주),230,201512,0.01342401
일동홀딩스(주),230,201612,0
일동홀딩스(주),230,201712,0
일동홀딩스(주),230,201812,0
일동홀딩스(주),230,201912,0
일성신약(주),3120,201112,0.012072702
일성신약(주),3120,201212,0.004124078
일성신약(주),3120,201312,0.002836461
일성신약(주),3120,201412,0.002144124
일성신약(주),3120,201512,0.002816109
일성신약(주),3120,201612,0.002283757
일성신약(주),3120,201712,0.000945214
일성신약(주),3120,201812,0.000517578
일성신약(주),3120,201912,0.000581079
일양약품(주),7570,201612,0.056501727
일양약품(주),7570,201712,0.054980571
일양약품(주),7570,201812,0.063543462
일양약품(주),7570,201912,0.061955041
제이더블유중외제약(주),1060,201112,0
제이더블유중외제약(주),1060,201212,0
제이더블유중외제약(주),1060,201312,0
제이더블유중외제약(주),1060,201412,0
제이더블유중외제약(주),1060,201512,0
제이더블유중외제약(주),1060,201612,0
제이더블유중외제약(주),1060,201712,0
제이더블유중외제약(주),1060,201812,0
제이더블유중외제약(주),1060,201912,0
제일약품(주),271980,201712,0
제일약품(주),271980,201812,0
제일약품(주),271980,201912,0
조아제약(주),34940,201112,0.028073358
조아제약(주),34940,201212,0.031919192
조아제약(주),34940,201312,0.035051716
조아제약(주),34940,201412,0
조아제약(주),34940,201512,0
조아제약(주),34940,201612,0
조아제약(주),34940,201712,0
조아제약(주),34940,201812,0
조아제약(주),34940,201912,0
진양제약(주),7370,201112,0.079946818
진양제약(주),7370,201212,0.090454827
진양제약(주),7370,201312,0.091252102
진양제약(주),7370,201412,0.070886107
진양제약(주),7370,201512,0.06934842
진양제약(주),7370,201612,0.025955086
진양제약(주),7370,201712,0.019007734
진양제약(주),7370,201812,0.017163904
진양제약(주),7370,201912,0.020328415
코아스템(주),166480,201512,0
코아스템(주),166480,201612,0
코아스템(주),166480,201712,0
코아스템(주),166480,201812,0
코아스템(주),166480,201912,0
팜젠사이언스(주),4720,201112,0
팜젠사이언스(주),4720,201212,0
팜젠사이언스(주),4720,201312,0
팜젠사이언스(주),4720,201412,0
팜젠사이언스(주),4720,201512,0
팜젠사이언스(주),4720,201612,0
팜젠사이언스(주),4720,201712,0
팜젠사이언스(주),4720,201812,0
팜젠사이언스(주),4720,201912,0
한올바이오파마(주),9420,201112,0
한올바이오파마(주),9420,201212,0
한올바이오파마(주),9420,201312,0
한올바이오파마(주),9420,201412,0
한올바이오파마(주),9420,201512,0
한올바이오파마(주),9420,201612,0
한올바이오파마(주),9420,201712,0
한올바이오파마(주),9420,201812,0
한올바이오파마(주),9420,201912,0
피에스텍(주),2230,201112,0
피에스텍(주),2230,201212,0
피에스텍(주),2230,201312,0
피에스텍(주),2230,201412,0
피에스텍(주),2230,201512,0
피에스텍(주),2230,201612,0
피에스텍(주),2230,201712,0
피에스텍(주),2230,201812,0
피에스텍(주),2230,201912,0
미래산업(주),25560,201112,0
미래산업(주),25560,201212,0
미래산업(주),25560,201312,0
미래산업(주),25560,201412,0
미래산업(주),25560,201512,0
미래산업(주),25560,201612,0
미래산업(주),25560,201712,0
미래산업(주),25560,201812,0
미래산업(주),25560,201912,0
(주)CMG제약,58820,201112,0
(주)CMG제약,58820,201212,0
(주)CMG제약,58820,201312,0
(주)CMG제약,58820,201412,0
(주)CMG제약,58820,201512,0
(주)CMG제약,58820,201612,0
(주)CMG제약,58820,201712,0
(주)CMG제약,58820,201812,0
(주)CMG제약,58820,201912,0
(주)씨티씨바이오,60590,201112,0
(주)씨티씨바이오,60590,201212,0
(주)씨티씨바이오,60590,201312,0
(주)씨티씨바이오,60590,201412,0
(주)씨티씨바이오,60590,201512,0
(주)씨티씨바이오,60590,201612,0
(주)씨티씨바이오,60590,201712,0
(주)씨티씨바이오,60590,201812,0
(주)씨티씨바이오,60590,201912,0
(주)에스텍파마,41910,201112,0.024772395
(주)에스텍파마,41910,201212,0.025017825
(주)에스텍파마,41910,201312,0.037531753
(주)에스텍파마,41910,201412,0.040933311
(주)에스텍파마,41910,201512,0.055296164
(주)에스텍파마,41910,201612,0.0775476
(주)에스텍파마,41910,201712,0.081834795
(주)에스텍파마,41910,201812,0.045952326
(주)에스텍파마,41910,201912,0.039565683
(주)유바이오로직스,206650,201712,0
(주)유바이오로직스,206650,201812,0
(주)유바이오로직스,206650,201912,0
(주)종근당바이오,63160,201112,0
(주)종근당바이오,63160,201212,0
(주)종근당바이오,63160,201312,0
(주)종근당바이오,63160,201412,0
(주)종근당바이오,63160,201512,0
(주)종근당바이오,63160,201612,0
(주)종근당바이오,63160,201712,0
(주)종근당바이오,63160,201812,0
(주)종근당바이오,63160,201912,0
(주)팬젠,222110,201612,2.884961426
(주)팬젠,222110,201712,0.69482168
(주)팬젠,222110,201812,0.45422998
(주)팬젠,222110,201912,1.569601042
(주)퓨쳐켐,220100,201612,0
(주)퓨쳐켐,220100,201712,0
(주)퓨쳐켐,220100,201812,0
(주)퓨쳐켐,220100,201912,0
경남제약(주),53950,201112,0
경남제약(주),53950,201212,0
경남제약(주),53950,201312,0
경남제약(주),53950,201412,0
경남제약(주),53950,201512,0
경남제약(주),53950,201612,0
경남제약(주),53950,201712,0
경남제약(주),53950,201812,0.005938169
경남제약(주),53950,201912,0.009293531
에스티팜(주),237690,201612,0.014024189
에스티팜(주),237690,201712,0.008758739
에스티팜(주),237690,201812,0.012202306
에스티팜(주),237690,201912,0.025061938
제이더블유신약(주),67290,201112,0
제이더블유신약(주),67290,201212,0
제이더블유신약(주),67290,201312,0
제이더블유신약(주),67290,201412,0
제이더블유신약(주),67290,201512,0
제이더블유신약(주),67290,201612,0
제이더블유신약(주),67290,201712,0
제이더블유신약(주),67290,201812,0
제이더블유신약(주),67290,201912,0
진원생명과학(주),11000,201112,0
진원생명과학(주),11000,201212,0.262319396
진원생명과학(주),11000,201312,0.039773442
진원생명과학(주),11000,201412,0.141066854
진원생명과학(주),11000,201512,0.143730263
진원생명과학(주),11000,201612,0.220776232
진원생명과학(주),11000,201712,0.417949124
진원생명과학(주),11000,201812,0.194157978
진원생명과학(주),11000,201912,0.164970491
(주)동방선기,99410,201112,0
(주)동방선기,99410,201212,0
(주)동방선기,99410,201312,0
(주)동방선기,99410,201412,0
(주)동방선기,99410,201512,0
(주)동방선기,99410,201612,0
(주)동방선기,99410,201712,0
(주)동방선기,99410,201812,0
(주)동방선기,99410,201912,0
(주)케이프,64820,201112,0
(주)케이프,64820,201212,0
(주)케이프,64820,201312,0
(주)케이프,64820,201412,0
(주)케이프,64820,201512,0
(주)케이프,64820,201612,0
(주)케이프,64820,201712,0
(주)케이프,64820,201812,0
(주)케이프,64820,201912,0
인화정공(주),101930,201112,0
인화정공(주),101930,201212,0
인화정공(주),101930,201312,0
인화정공(주),101930,201412,0
인화정공(주),101930,201512,0
인화정공(주),101930,201612,0
인화정공(주),101930,201712,0
인화정공(주),101930,201812,0
인화정공(주),101930,201912,0
한라아이엠에스(주),92460,201112,0
한라아이엠에스(주),92460,201212,0
한라아이엠에스(주),92460,201312,0
한라아이엠에스(주),92460,201412,0
한라아이엠에스(주),92460,201512,0
한라아이엠에스(주),92460,201612,0
한라아이엠에스(주),92460,201712,0
한라아이엠에스(주),92460,201812,0
한라아이엠에스(주),92460,201912,0
에이치엘비(주),28300,201112,0
에이치엘비(주),28300,201112,0
에이치엘비(주),28300,201212,0.00395232
에이치엘비(주),28300,201212,0.00395232
에이치엘비(주),28300,201312,0.027565534
에이치엘비(주),28300,201312,0.027565534
에이치엘비(주),28300,201412,0
에이치엘비(주),28300,201412,0
에이치엘비(주),28300,201512,0
에이치엘비(주),28300,201512,0
에이치엘비(주),28300,201612,0
에이치엘비(주),28300,201612,0
에이치엘비(주),28300,201712,0
에이치엘비(주),28300,201712,0
에이치엘비(주),28300,201812,0
에이치엘비(주),28300,201812,0
에이치엘비(주),28300,201912,0
에이치엘비(주),28300,201912,0
(주)후성,93370,201112,0.012220344
(주)후성,93370,201212,0
(주)후성,93370,201312,0
(주)후성,93370,201412,0
(주)후성,93370,201512,0
(주)후성,93370,201612,0
(주)후성,93370,201712,0
(주)후성,93370,201812,0
(주)후성,93370,201912,0
OCI(주),10060,201112,0
OCI(주),10060,201212,0
OCI(주),10060,201312,0
OCI(주),10060,201412,0
OCI(주),10060,201512,0
OCI(주),10060,201612,0
OCI(주),10060,201712,0
OCI(주),10060,201812,0
OCI(주),10060,201912,0
태경산업(주),15890,201112,0
태경산업(주),15890,201212,0
태경산업(주),15890,201312,0
태경산업(주),15890,201412,0
태경산업(주),15890,201512,0
태경산업(주),15890,201612,0
태경산업(주),15890,201712,0
태경산업(주),15890,201812,0
태경산업(주),15890,201912,0
백광산업(주),1340,201112,0
백광산업(주),1340,201212,0
백광산업(주),1340,201312,0
백광산업(주),1340,201412,0
백광산업(주),1340,201512,0
백광산업(주),1340,201612,0
백광산업(주),1340,201712,0
백광산업(주),1340,201812,0
백광산업(주),1340,201912,0
